node_name	is_leaf	sim_expr	read_count
c0	False	-2.6278108274501335	
c6	False	-4.176895135116717	
c46	False	-3.9468971312397456	
c56	False	-4.042585337407215	
c70	False	-3.379711122502423	
c90	False	-4.550264315969608	
c255	False	-6.3047069821617185	
c316	False	-5.7236598597177215	
c397	False	-5.515068308030249	
c632	False	-6.8320924295763295	
c756	False	-7.489606997596433	
c906	False	-7.100812944994927	
c1054	False	-5.735685047985989	
c1693	False	-5.652834947784537	
c2646	False	-4.880475254025686	
c3205	False	-4.681321832919529	
c3828	False	-4.029416842707101	
c4607	False	-4.128322392932268	
c5197	True	0.03159211526397816	0.0
c5198	True	0.03327777960593754	0.0
c4608	False	-3.7159394787798536	
c4897	True	0.020758688510000983	0.0
c4898	True	0.030933819873245796	0.0
c4278	False	-5.3403900114277105	
c5147	True	0.0070238166504684365	0.0
c5148	True	0.0031255619420065875	0.0
c3570	False	-5.220787254888006	
c4473	False	-5.892997179835213	
c4905	True	0.0034723225388787397	0.0
c4906	True	0.002558117758304256	0.0
c4474	False	-4.577019345000679	
c4895	True	0.009655960799534987	0.0
c4896	True	0.007908566455686767	0.0
c1933	False	-5.842437803458209	
c3991	False	-5.6813820542779645	
c4541	False	-4.113587410070354	
c5413	True	0.010146437665490832	0.0
c5414	True	0.01098134323748537	0.0
c4542	False	-6.1755213717852095	
c5175	True	0.0043775817203606585	0.0
c5176	True	0.0017260944725709813	0.0
c3848	False	-6.616994233441176	
c4425	False	-6.914303524121989	
c5251	True	0.0010974704554250203	0.0
c5252	True	0.0017879591190890843	0.0
c4426	False	-7.090957182797142	
c5361	True	0.003354342785611824	0.0
c5362	True	0.0006707286415584835	0.0
c2871	False	-5.398806098389138	
c3680	False	-4.812361729832237	
c4477	False	-4.537066448584709	
c5269	True	0.016969045573145134	0.0
c5270	True	0.011202532258559574	0.0
c4478	False	-3.674494850146277	
c4945	True	0.03772744625877055	0.0
c4946	True	0.014711048845583937	0.0
c4202	False	-5.873173319042361	
c4967	True	0.0031409703950030163	0.0
c4968	True	0.002651721657484679	0.0
c3806	False	-6.654235292594574	
c4333	False	-6.708520856968081	
c5199	True	0.0030822704222736386	0.0
c5200	True	0.0024414808085199673	0.0
c4334	False	-6.678347558164594	
c4901	True	0.0007346654503476365	0.0
c4902	True	0.0011965964848791066	0.0
c3404	False	-9.25943022030624	
c3669	False	-8.645767249477194	
c4257	False	-9.048384530925308	
c4903	True	0.00016006640606343447	0.0
c4904	True	0.00022514880371683047	0.0
c4258	False	-7.9294486658370875	
c5281	True	0.00027338599826843787	0.0
c5282	True	0.00027538404390087875	0.0
c3670	False	-8.934866676968982	
c4351	False	-7.866602095055396	
c5367	True	0.0003177980417550022	0.0
c5368	True	0.0007492287000206739	0.0
c4352	False	-10.09598414945787	
c5417	True	3.1267303452793496e-05	0.0
c5418	True	0.00010091583499012602	0.0
c1481	False	-6.071428831988037	
c1822	False	-6.330381691768832	
c2941	False	-6.76975393662463	
c3247	False	-6.766145514370949	
c3658	False	-6.664204562584688	
c4623	False	-6.870637325726635	
c5031	True	0.0019200648599209684	0.0
c5032	True	0.00068623300976304	0.0
c4624	False	-6.382124937024021	
c5109	True	0.0024340864950416234	0.0
c5110	True	0.0020890072424928235	0.0
c4641	False	-6.2790500643470315	
c5069	True	0.001939763835085681	0.0
c5070	True	0.0015005045816597453	0.0
c4604	False	-6.3336393168163605	
c4943	True	0.004833006715638223	0.0
c4944	True	0.00170561713571969	0.0
c3879	False	-6.076337460086318	
c4573	False	-5.9846953437079	
c5205	True	0.007082341661085817	0.0
c5206	True	0.006535892326261132	0.0
c4574	False	-6.63804243484984	
c5167	True	0.001939120826126803	0.0
c5168	True	0.0005042141945667633	0.0
c3249	False	-3.58532478413115	
c4568	False	-2.7160135980883195	
c4917	True	0.18460591611493807	0.0
c4918	True	0.08783794372418123	0.0
c4210	False	-4.253952875413073	
c5389	True	0.012586409995340242	0.0
c5390	True	0.019847443743011447	0.0
c1677	False	-6.389404990554716	
c3581	False	-7.5164874395484365	
c4593	False	-6.487900996342198	
c4933	True	0.001306773427540452	0.0
c4934	True	0.001081157893408954	0.0
c4594	False	-7.346656235770242	
c5399	True	0.0004159206519132796	0.0
c5400	True	0.0008891487954463395	0.0
c3068	False	-4.513375942263066	
c4199	False	-4.962059554221354	
c4961	True	0.004862433721450269	0.0
c4962	True	0.0032007692001123664	0.0
c4375	False	-4.892567901212922	
c5301	True	0.00390212543272926	0.0
c5302	True	0.02087121638302863	0.0
c437	False	-5.1619563787518175	
c641	False	-4.9226431656499985	
c800	False	-4.400203720814319	
c1688	False	-4.237296761741209	
c2074	False	-3.8068685529263844	
c2349	False	-3.556951506684324	
c3843	False	-3.581390479068236	
c4569	False	-4.494145476585116	
c4973	True	0.023788886238054346	0.0
c4974	True	0.005436420489913973	0.0
c4570	False	-3.6150909232858077	
c5261	True	0.010111879881393903	0.0
c5262	True	0.02999652073350687	0.0
c4328	False	-5.000030767652217	
c5067	True	0.005916926605682684	0.0
c5068	True	0.009238890149088382	0.0
c4639	False	-2.845912787908887	
c5219	True	0.10195888945905521	0.0
c5220	True	0.06117823352092113	0.0
c4656	False	-2.857083541376979	
c5187	True	0.060344125735990975	0.0
c5188	True	0.11566286760236776	0.0
c3814	False	-3.5089617730552676	
c4557	False	-4.884341975919233	
c5353	True	0.007484863607390641	0.0
c5354	True	0.00877396888870374	0.0
c4558	False	-4.492901218042491	
c5119	True	0.030425822069719406	1.0
c5120	True	0.041696106723512316	0.0
c3384	False	-6.0443889096968215	
c4525	False	-7.1936700939468405	
c5035	True	0.0010526881949344388	0.0
c5036	True	0.0005209224350854587	0.0
c4396	False	-5.47537326941609	
c5331	True	0.01645482932349616	0.0
c5332	True	0.006965182096339739	0.0
c2458	False	-3.355241623219722	
c3213	False	-4.616910684414378	
c3891	False	-4.266085414029024	
c4241	False	-3.738078225090249	
c4991	True	0.012443661254032417	0.0
c4992	True	0.02423614774642898	0.0
c4242	False	-4.782109689850992	
c4975	True	0.013006943255519024	0.0
c4976	True	0.01643438825809678	0.0
c3892	False	-4.728032945004915	
c4191	False	-4.832272178963361	
c5267	True	0.003952550364934219	0.0
c5268	True	0.015330319739517716	0.0
c4192	False	-4.973139322197597	
c4947	True	0.0048334633016625704	0.0
c4948	True	0.002981840384554776	0.0
c3099	False	-3.169433648088836	
c3801	False	-3.336620814942831	
c4369	False	-2.280431646557841	
c5107	True	0.11559619589715507	1.0
c5108	True	0.0950889851536119	0.0
c4370	False	-3.5752438794801105	
c5405	True	0.02101166256602848	0.0
c5406	True	0.025661162938703373	0.0
c3802	False	-4.178202162255623	
c4311	False	-4.156363508894715	
c5221	True	0.017158584462588892	0.0
c5222	True	0.022164697618095853	0.0
c4312	False	-3.9476910498294764	
c5247	True	0.02471914911103411	0.0
c5248	True	0.013700938607030541	0.0
c4367	False	-3.964831937499781	
c5013	True	0.03447632560297567	0.0
c5014	True	0.010042166498830527	0.0
c129	False	-4.817727711349464	
c157	False	-5.13238904161209	
c447	False	-6.016785923661103	
c1124	False	-4.18403052349484	
c3218	False	-4.263098053521043	
c3729	False	-4.422553991750625	
c4393	False	-4.680746557334596	
c5357	True	0.0071489793567766965	0.0
c5358	True	0.004968692302287882	0.0
c4394	False	-4.134013118836033	
c5127	True	0.025389300780493562	0.0
c5128	True	0.009079168816677394	0.0
c3730	False	-3.7314596080929876	
c4429	False	-3.9724007370061956	
c5159	True	0.03187316738286679	0.0
c5160	True	0.018133710699899105	0.0
c4430	False	-3.958918317830634	
c5185	True	0.03010941001454897	0.0
c5186	True	0.02461351827876862	0.0
c1907	False	-4.229204427042428	
c3863	False	-4.270191811975828	
c4647	False	-4.231927627923491	
c5355	True	0.010350277669707066	0.0
c5356	True	0.016003718839577897	0.0
c4648	False	-3.4262825797859975	
c4985	True	0.05318695830689647	0.0
c4986	True	0.08039077288970524	0.0
c2829	False	-4.904044078293204	
c4340	False	-3.450592132950064	
c5289	True	0.08375903714179492	0.0
c5290	True	0.03470576108859398	0.0
c4322	False	-4.161995757110377	
c5325	True	0.05037038214167903	0.0
c5326	True	0.026777603058449482	0.0
c648	False	-6.7052417721705115	
c3433	False	-4.849907198485128	
c4530	False	-3.3517525116613944	
c5055	True	0.03330729742873626	0.0
c5056	True	0.029149084298994803	0.0
c4186	False	-4.981414116389736	
c5133	True	0.005782049494794713	0.0
c5134	True	0.0023355205764370095	0.0
c4326	False	-7.609907891874807	
c5115	True	0.0004491424361321218	0.0
c5116	True	0.0002596911288265512	0.0
c618	False	-7.3415065196249	
c2703	False	-5.793889251974429	
c3666	False	-5.4209782824861925	
c4515	False	-5.825906876266749	
c5257	True	0.006751329788574358	0.0
c5258	True	0.00283238060667739	0.0
c4516	False	-5.027580164197824	
c5303	True	0.005254062240207835	0.0
c5304	True	0.013710206287268305	0.0
c4260	False	-6.877181041774006	
c5145	True	0.0009292265150166747	0.0
c5146	True	0.0012896371237939295	0.0
c2586	False	-6.711094755064563	
c3659	False	-7.561103542734576	
c4261	False	-7.248170728022903	
c5383	True	0.0012273106381033639	0.0
c5384	True	0.0007607040675058536	0.0
c4262	False	-7.385895768645544	
c5047	True	0.0003150815978381721	0.0
c5048	True	0.00037452507509067116	0.0
c4406	False	-7.037759713151012	
c5045	True	0.0004750761193100522	0.0
c5046	True	0.0008914358880559892	0.0
c844	False	-2.0877436686651465	
c1407	False	-1.7270833886939845	
c1667	False	-1.7992113400856475	
c2726	False	-1.1127337449831138	
c3852	False	-1.8550909670582274	
c4283	False	-2.1569209633406414	
c5151	True	0.11493775775842414	0.0
c5152	True	0.0934319557645767	0.0
c4284	False	-2.3409187519597405	
c4923	True	0.0784682802823051	0.0
c4924	True	0.07860594714658989	0.0
c3706	False	-1.3894179656765662	
c4485	False	-1.4776755948273146	
c5263	True	0.28182752340807504	0.0
c5264	True	0.18616335193425246	0.0
c4486	False	-1.625900887739389	
c5157	True	0.16608589169051236	0.0
c5158	True	0.08634888726947289	0.0
c4281	False	-1.7529780687743421	
c4941	True	0.11968691975696172	0.0
c4942	True	0.23978745479370497	0.0
c3303	False	-2.956879903966852	
c3931	False	-2.1709443743948516	
c4513	False	-2.015250176263678	
c5349	True	0.14183956036096249	0.0
c5350	True	0.1791904079817252	1.0
c4514	False	-1.605395328117774	
c5287	True	0.1607344809709748	0.0
c5288	True	0.12994791478385745	0.0
c4454	False	-4.010696546328907	
c5209	True	0.0358430709396345	0.0
c5210	True	0.015989357197234738	0.0
c3781	False	-3.2123274656700724	
c4509	False	-3.290925890101133	
c5365	True	0.028709365014486208	0.0
c5366	True	0.03846380837180091	0.0
c4510	False	-3.0953840463036055	
c5237	True	0.08632053916261846	0.0
c5238	True	0.06141490078654637	0.0
c694	False	-5.144824117402466	
c1828	False	-6.195425788383005	
c3681	False	-4.879922498081699	
c4411	False	-4.570501576073186	
c5131	True	0.017952280956589996	0.0
c5132	True	0.00880004917610821	0.0
c4412	False	-5.05286436838995	
c5143	True	0.008741978632572724	0.0
c5144	True	0.0074933863079190595	0.0
c3377	False	-6.04191915264837	
c4508	False	-4.573945379068649	
c5029	True	0.010577819823237022	0.0
c5030	True	0.009576026866085535	0.0
c4617	False	-6.18762466214128	
c5265	True	0.002236030253896783	0.0
c5266	True	0.00507360652290557	0.0
c4391	False	-8.191632651745195	
c5319	True	0.00021479876673560913	0.0
c5320	True	0.0003077147754870245	0.0
c137	False	-4.536369967713454	
c166	False	-3.9494531853133816	
c271	False	-5.847291441799101	
c445	False	-6.666976395426339	
c711	False	-6.206250011083496	
c945	False	-6.420939881002018	
c1398	False	-6.892750617523634	
c2616	False	-8.83485729194816	
c4196	False	-8.950993824328334	
c5097	True	0.0005841393495000073	0.0
c5098	True	7.208055128383872e-05	0.0
c4237	False	-8.557032980485815	
c4969	True	0.0001798302385857121	0.0
c4970	True	0.0002449768585770152	0.0
c4314	False	-6.563166902484592	
c5001	True	0.0022258062928961026	0.0
c5002	True	0.002393701288988562	0.0
c1816	False	-4.582688838423477	
c2714	False	-4.517049267361497	
c4266	False	-4.095078091689859	
c4925	True	0.024815143228730803	1.0
c4926	True	0.036511324826497736	0.0
c4240	False	-5.504950200991925	
c5253	True	0.0013464020018069205	0.0
c5254	True	0.002693420266606528	0.0
c4254	False	-3.4861345141481364	
c5327	True	0.0771652256935156	0.0
c5328	True	0.014391974709909097	0.0
c946	False	-6.629108966006329	
c2801	False	-5.313471707105507	
c3059	False	-5.6597259697400535	
c3655	False	-5.6653428047402565	
c4521	False	-6.911232999872664	
c5083	True	0.0007066745616173834	0.0
c5084	True	0.0014507818044227688	0.0
c4522	False	-5.362323139529438	
c5177	True	0.0056745468035485115	0.0
c5178	True	0.005187137478924038	0.0
c3656	False	-5.076766282696061	
c4613	False	-6.118346797282111	
c5277	True	0.003643588911756291	0.0
c5278	True	0.00199413455141275	0.0
c4614	False	-5.021055482034148	
c5093	True	0.007843813933050389	0.0
c5094	True	0.00903368622569151	0.0
c4475	False	-5.529554710921952	
c5135	True	0.000987546197296996	0.0
c5136	True	0.009988225273591817	0.0
c4360	False	-4.180508253629328	
c4993	True	0.007218506002345608	0.0
c4994	True	0.021568852346096082	0.0
c1564	False	-6.919394411001945	
c2835	False	-5.520214009491467	
c3945	False	-6.562447243675549	
c4649	False	-6.250421233089817	
c4937	True	0.0039377826059861475	0.0
c4938	True	0.0012951989264948598	0.0
c4650	False	-6.087903333126242	
c4927	True	0.0010389628141608787	0.0
c4928	True	0.001677945536893832	0.0
c4460	False	-5.659611928648644	
c5363	True	0.002640513083058114	0.0
c5364	True	0.0034582302255150637	0.0
c2804	False	-7.608154357880659	
c4416	False	-6.597788158256288	
c5211	True	0.002275813444730612	0.0
c5212	True	0.002117535309253249	0.0
c4582	False	-7.064395081588748	
c5415	True	0.0012828733742517467	0.0
c5416	True	0.0009017476526999535	0.0
c337	False	-5.991493603315352	
c2869	False	-4.13073704875849	
c3734	False	-4.235392836725255	
c4227	False	-3.8578409910351645	
c5295	True	0.022589540839967837	0.0
c5296	True	0.027744329090435414	0.0
c4228	False	-3.9464585054572945	
c5235	True	0.02247616542859708	0.0
c5236	True	0.03313318907963797	0.0
c4484	False	-3.9418361647490388	
c5079	True	0.06587951217669924	0.0
c5080	True	0.026476809947510456	0.0
c3091	False	-5.096206361146939	
c4244	False	-4.8714561702879395	
c5017	True	0.002827539663666761	0.0
c5018	True	0.0055169533447906325	0.0
c4506	False	-5.252144679360082	
c5379	True	0.005494418284331003	0.0
c5380	True	0.003325309169510173	0.0
c244	False	-4.175399349029809	
c547	False	-4.351069438246856	
c852	False	-5.013713882091767	
c1722	False	-6.738555940822662	
c1885	False	-7.164946994824792	
c2329	False	-6.806522509141522	
c3267	False	-6.560242262623661	
c3589	False	-6.534579600985629	
c4317	False	-6.353730195809612	
c5099	True	0.0029818919111884875	0.0
c5100	True	0.0006928946991835652	0.0
c4318	False	-7.692970298449854	
c5009	True	0.00048836610349299	0.0
c5010	True	0.00048295434427878334	0.0
c3590	False	-6.371397243459437	
c4471	False	-5.88312203603896	
c5321	True	0.004815128649011316	0.0
c5322	True	0.0023442064611834314	0.0
c4472	False	-7.513236414490791	
c4983	True	0.00048658832569950966	0.0
c4984	True	0.0002764490693928712	0.0
c3636	False	-7.3433951938654305	
c4571	False	-8.168061989930207	
c5207	True	0.0007538347189665544	0.0
c5208	True	0.00020402267246289686	0.0
c4572	False	-7.606326156863873	
c4921	True	0.0004505322244818943	0.0
c4922	True	0.0008161243483571942	0.0
c3266	False	-6.6487226142669105	
c4218	False	-6.977841080820889	
c5103	True	0.002113079421768228	0.0
c5104	True	0.0014073898279073059	0.0
c4296	False	-6.97873972320715	
c5243	True	0.0009382412246634706	0.0
c5244	True	0.0009835897896164488	0.0
c1886	False	-7.16741777228869	
c4628	False	-6.700806371332557	
c5299	True	0.002713234070941746	0.0
c5300	True	0.0016174343016354023	0.0
c4276	False	-6.93380010841657	
c5329	True	0.0009991803910889513	0.0
c5330	True	0.0011132772765158074	0.0
c2264	False	-5.754573614903012	
c3707	False	-5.112998633476847	
c4595	False	-4.647518921767086	
c5345	True	0.012729018826811628	0.0
c5346	True	0.024294454369041235	0.0
c4596	False	-4.791226734187702	
c5051	True	0.012888449691961165	0.0
c5052	True	0.006686258504231464	0.0
c4583	False	-5.088402581564707	
c5343	True	0.003766005588141706	0.0
c5344	True	0.009417064020496515	0.0
c3767	False	-4.552201778761685	
c4493	False	-4.649836325107706	
c5393	True	0.008310120374407759	0.0
c5394	True	0.003121557231826125	0.0
c4494	False	-4.635173451106204	
c5271	True	0.00415586671940298	0.0
c5272	True	0.008806928114541241	0.0
c776	False	-5.242852499072302	
c1705	False	-5.196439811357136	
c2248	False	-6.260113582833671	
c4601	False	-8.085961869502526	
c4935	True	0.00039938673639114343	0.0
c4936	True	0.0005361221918435518	0.0
c4653	False	-5.6238060457535655	
c5285	True	0.008532414443569248	0.0
c5286	True	0.0024523482851168893	0.0
c4600	False	-6.175921653849382	
c5381	True	0.002291062572656487	0.0
c5382	True	0.003931306155748987	0.0
c2775	False	-3.2254943308850414	
c4463	False	-2.250262158737223	
c4913	True	0.09106405959857208	0.0
c4914	True	0.18255070068780485	0.0
c4535	False	-2.3861094927935893	
c5005	True	0.053569096461867124	0.0
c5006	True	0.039853346734068845	0.0
c2221	False	-5.9233073824083675	
c3575	False	-4.956392995058568	
c4467	False	-4.788432500306238	
c4911	True	0.013093404644685773	0.0
c4912	True	0.005519104947633388	0.0
c4468	False	-4.5003151540473	
c5039	True	0.003549784069960146	0.0
c5040	True	0.017025131382008774	0.0
c4555	False	-6.100374748209078	
c5189	True	0.0013265770579763202	0.0
c5190	True	0.0028481575087626375	0.0
c141	False	-4.226527061522494	
c261	False	-3.76611494693895	
c324	False	-4.174325405651866	
c951	False	-3.695492786458129	
c1171	False	-3.1941292215682475	
c1415	False	-2.5581253398443637	
c2673	False	0.06913636572377735	
c3941	False	0.13811523639395767	
c4435	False	0.3575493717692817	
c4953	True	1.1678494738140794	1.0
c4954	True	0.5356915685352202	0.0
c4436	False	-0.2540165503442682	
c5223	True	0.7689672411339687	1.0
c5224	True	0.4685001819059776	2.0
c3374	False	-0.28606175229522046	
c4489	False	-0.5479622132975288	
c5041	True	0.3704794815079341	0.0
c5042	True	0.6153958851206646	0.0
c5308	True	0.3329689427209733	0.0
c1697	False	-2.0693374087478347	
c3758	False	-3.1376202284058428	
c4487	False	-2.99229980321595	
c5323	True	0.0590925729960139	0.0
c5324	True	0.08127853979213408	0.0
c4488	False	-3.5487654158296	
c4939	True	0.033954393802547785	0.0
c4940	True	0.028541518164026346	0.0
c4503	False	-2.0361021187735577	
c5311	True	0.16951279849034384	0.0
c5312	True	0.17882374449625876	0.0
c3355	False	-3.80962217765434	
c3881	False	-3.9881271010760435	
c4563	False	-3.9283215338135338	
c4955	True	0.01840835847252929	0.0
c4956	True	0.026423993805303476	0.0
c4564	False	-3.15037213715113	
c5095	True	0.040235175253711945	0.0
c5096	True	0.027726819682588895	0.0
c4470	False	-2.6403373832401416	
c5173	True	0.14453406863738788	0.0
c5174	True	0.06389835949825384	0.0
c1799	False	-3.9187296955064967	
c3885	False	-3.851339949130934	
c4643	False	-4.115182752372097	
c5339	True	0.018439117071106573	0.0
c5340	True	0.01574535545699891	0.0
c4644	False	-5.057906554546805	
c5227	True	0.006940194997991299	0.0
c5228	True	0.006298073117618871	0.0
c4251	False	-4.771352296455834	
c5077	True	0.006053035351169304	0.0
c5078	True	0.006634682793210848	0.0
c1343	False	-2.8795550283909837	
c2328	False	-3.5657565428429536	
c3413	False	-3.2149429724034064	
c3735	False	-4.389552128133824	
c4447	False	-5.173354472799522	
c5071	True	0.009950529427648893	0.0
c5072	True	0.006909188915886066	0.0
c4448	False	-3.8666697249686197	
c5273	True	0.007652276437868351	0.0
c5274	True	0.015969089833606336	0.0
c3736	False	-3.991305209350004	
c4355	False	-3.761178708815288	
c5117	True	0.013278725306039586	0.0
c5118	True	0.00772517932639925	0.0
c4356	False	-3.7532209999606776	
c5233	True	0.05006252766286339	0.0
c5234	True	0.02964494676085123	0.0
c4451	False	-4.310907515086786	
c5015	True	0.018419852401830913	0.0
c5016	True	0.00936758135184214	0.0
c1578	False	-3.141647576590621	
c2310	False	-2.856950553490491	
c2753	False	-2.880911059553168	
c3900	False	-3.399705672010628	
c4439	False	-2.7072720714794576	
c5401	True	0.05033254503756497	0.0
c5402	True	0.04387926427480573	0.0
c4440	False	-2.8384610101669487	
c5169	True	0.13044013850785832	1.0
c5170	True	0.061765326501942774	0.0
c4203	False	-2.943100614976011	
c5351	True	0.05900429209757926	0.0
c5352	True	0.12981025429218365	1.0
c4431	False	-0.24563274174053307	
c5053	True	1.027238826475076	0.0
c5054	True	0.6533969650658299	0.0
c4549	False	-2.430506956354732	
c5297	True	0.03766867747449433	0.0
c5298	True	0.2239271389567353	0.0
c409	False	-4.467436435732282	
c868	False	-3.6397991060981694	
c1490	False	-3.1764446113129683	
c1890	False	-3.978740126006029	
c2280	False	-3.887503484406983	
c3244	False	-4.051607423605175	
c3915	False	-4.757679317328676	
c4597	False	-5.179797417822103	
c5161	True	0.005611320234616578	0.0
c5162	True	0.002248039179470937	0.0
c4598	False	-4.951793899644756	
c5181	True	0.008622624526864452	0.0
c5182	True	0.005414921829932975	0.0
c3916	False	-3.9911380025687877	
c4605	False	-3.428712106622645	
c5195	True	0.02900356936744019	0.0
c5196	True	0.0768150758615549	0.0
c4606	False	-4.268322436272684	
c4909	True	0.010323409560501396	0.0
c4910	True	0.019172765504741254	0.0
c2701	False	-4.4684569022981515	
c4250	False	-3.4858409802177666	
c4929	True	0.013961169237985842	0.0
c4930	True	0.04112982987049385	0.0
c4449	False	-4.724539412051156	
c5125	True	0.0073289023005279575	0.0
c5126	True	0.039607466549453345	0.0
c3596	False	-5.274886194956535	
c4461	False	-6.21647618312723	
c5335	True	0.004578653832956242	0.0
c5336	True	0.0016579960553039595	0.0
c4462	False	-5.216334961892642	
c5019	True	0.015702622417744172	0.0
c5020	True	0.0048505084683212974	0.0
c3621	False	-2.817541695293936	
c4247	False	-2.8617195910681192	
c5337	True	0.0729265417110757	0.0
c5338	True	0.10660768707821312	0.0
c4248	False	-2.976607252331128	
c5065	True	0.049585924422305534	0.0
c5066	True	0.04894669885679566	0.0
c1646	False	-3.5836835120158095	
c1862	False	-3.448842449711055	
c4433	False	-4.004567345979017	
c5283	True	0.012948041372020448	0.0
c5284	True	0.016415316792890194	0.0
c4630	False	-3.685213657997469	
c5033	True	0.014930499630541038	0.0
c5034	True	0.03854188168658928	0.0
c4294	False	-2.5099454719713177	
c5409	True	0.06481630683106696	0.0
c5410	True	0.10716457310396962	0.0
c3833	False	-1.9179750461802167	
c4589	False	-2.387809837544292	
c5201	True	0.15363524311524973	1.0
c5202	True	0.0493508480630646	0.0
c4590	False	-1.6572944928766022	
c5377	True	0.20866071312892132	1.0
c5378	True	0.146762996546907	0.0
c172	False	-3.6203119457285577	
c212	False	-4.032564920720016	
c802	False	-3.1819588853217207	
c1114	False	-3.0879682185175157	
c2255	False	-2.8004086672255992	
c2601	False	-2.828645856035482	
c3344	False	-2.357587126149295	
c3974	False	-2.8314653895173985	
c4383	False	-3.1155433946001363	
c5113	True	0.022515588668050455	0.0
c5114	True	0.14114242749642011	0.0
c4384	False	-2.464189550122429	
c5087	True	0.0802143025778831	0.0
c5088	True	0.13754891236979178	0.0
c4273	False	-3.4557375076037298	
c5179	True	0.02618145341170299	0.0
c5180	True	0.012213211525267054	0.0
c4224	False	-2.7523749910707083	
c5061	True	0.2395499615896947	0.0
c5062	True	0.03307334429341573	0.0
c3840	False	-4.250306728049228	
c4207	False	-3.357198023484104	
c4899	True	0.060735884284215495	0.0
c4900	True	0.038231386495696795	0.0
c4208	False	-5.105959085359462	
c4931	True	0.006662526227088402	0.0
c4932	True	0.0045082838170104125	0.0
c1483	False	-4.453971018555306	
c3122	False	-5.191674065376533	
c3856	False	-5.520630116803462	
c4187	False	-5.099337168789223	
c5375	True	0.002984709187489049	0.0
c5376	True	0.00336003438805947	0.0
c4188	False	-4.942744053871999	
c5387	True	0.008226196398334438	0.0
c5388	True	0.007683315629446694	0.0
c4345	False	-4.357461579896425	
c5025	True	0.00868204252048588	0.0
c5026	True	0.007019810452499403	0.0
c1982	False	-4.59176215030875	
c4290	False	-3.5492297072481547	
c5231	True	0.030488565971036583	0.0
c5232	True	0.024305992416994524	0.0
c4332	False	-2.050633997716442	
c5315	True	0.04199499341124763	1.0
c5316	True	0.3562308820430471	2.0
c4297	False	-1.8806933979673879	
c5101	True	0.09648148220825525	0.0
c5102	True	0.35812893276352264	2.0
c769	False	-4.133507687403058	
c1486	False	-3.430049248817969	
c2747	False	-3.1041534181538255	
c3130	False	-3.3899765976507803	
c3917	False	-2.6102702491849534	
c4381	False	-1.7368300335964193	
c5313	True	0.09738533616207457	0.0
c5314	True	0.1935683029711611	0.0
c4382	False	-2.9587670497921907	
c5411	True	0.049173679222680004	0.0
c5412	True	0.02683117937935954	1.0
c3918	False	-3.7335961214948172	
c4353	False	-3.8765173348548756	
c5225	True	0.018120331677913614	0.0
c5226	True	0.022485244393294072	0.0
c4354	False	-4.304672323990487	
c5111	True	0.009603373512015154	0.0
c5112	True	0.04011329653182224	0.0
c4479	False	-5.227583326437356	
c5395	True	0.00794690550015877	0.0
c5396	True	0.0034352503959234324	0.0
c4543	False	-2.641078007529852	
c5073	True	0.05295256613638592	0.0
c5074	True	0.037957283377362386	0.0
c4225	False	-3.1533842811318125	
c5085	True	0.04186398506754898	0.0
c5086	True	0.04315068233044756	0.0
c863	False	-3.510311119673625	
c2234	False	-5.387541370975388	
c3616	False	-5.5974159970513	
c4651	False	-5.812391273748118	
c5239	True	0.0015923613602528643	0.0
c5240	True	0.00411706952946957	0.0
c4652	False	-5.7454374652341045	
c5275	True	0.0020887703923666147	0.0
c5276	True	0.0029340345796543153	0.0
c4554	False	-5.16120496658657	
c5305	True	0.004866696864041195	0.0
c5306	True	0.007289345059535889	0.0
c3417	False	-3.9005716788998313	
c3592	False	-4.173069569525823	
c4389	False	-4.215296046547508	
c4949	True	0.018623331583916877	0.0
c4950	True	0.012873291718796854	0.0
c4390	False	-3.764202242315602	
c5373	True	0.0659694346753008	0.0
c5374	True	0.016895204554196613	0.0
c4215	False	-3.8086882929233026	
c4915	True	0.034453211834635705	0.0
c4916	True	0.020114270689135825	0.0
c20	False	-3.0210021602297226	
c31	False	-2.6566119937501185	
c215	False	-3.629504080893236	
c268	False	-4.174461278329746	
c425	False	-4.227295217243775	
c818	False	-4.602107473221558	
c981	False	-4.4897634222738185	
c1435	False	-4.218430850452737	
c1731	False	-3.2965530736620288	
c2478	False	-3.067229903445847	
c4033	False	-3.9866557468875676	
c4747	False	-5.133122289846158	
c5473	True	0.006134404825855018	0.0
c5474	True	0.0037669610193835175	0.0
c4748	False	-4.222227288764047	
c5533	True	0.016983607787012606	0.0
c5534	True	0.021852137578619174	0.0
c3468	False	-2.9652999723625206	
c4722	False	-3.5276492037036387	
c5485	True	0.0288777588517386	0.0
c5486	True	0.023151059988749376	0.0
c4698	False	-3.351672200559004	
c5427	True	0.08531545100693859	0.0
c5428	True	0.020127163166643366	0.0
c4066	False	-3.874587528146366	
c4669	False	-3.529849728948492	
c5529	True	0.027838168213519265	0.0
c5530	True	0.12651821934925128	0.0
c4670	False	-3.4765010389495807	
c5419	True	0.03422594526674849	0.0
c5420	True	0.029196434011176838	0.0
c2086	False	-4.201729709586607	
c2996	False	-4.460804246020207	
c3464	False	-4.749389330162346	
c4029	False	-5.572172712206215	
c4725	False	-5.638491424697236	
c5461	True	0.0013016912934954803	0.0
c5462	True	0.0012132813283076756	0.0
c4726	False	-6.6905268978389225	
c5541	True	0.00036147984811604023	0.0
c5542	True	0.0007427223909015805	0.0
c4699	False	-3.3942625687754537	
c5509	True	0.017636725694910236	0.0
c5510	True	0.05775589132648581	0.0
c4678	False	-4.493887718827177	
c5513	True	0.007985324246844689	0.0
c5514	True	0.01230918156013043	0.0
c4673	False	-5.316202649631092	
c5481	True	0.00693914555674145	0.0
c5482	True	0.0024726148852038327	0.0
c1438	False	-4.574258068423861	
c2975	False	-4.633718222804311	
c4075	False	-3.389964131267087	
c4743	False	-4.180713117038152	
c5431	True	0.007804793336139743	0.0
c5432	True	0.013840591333729153	0.0
c4744	False	-3.5395783336314866	
c5429	True	0.04726022161663272	0.0
c5430	True	0.025685510889022968	0.0
c4741	False	-4.614737489188277	
c5479	True	0.004034961813007989	0.0
c5480	True	0.009272287845672635	0.0
c2974	False	-4.4494790551827625	
c4064	False	-4.328352307519524	
c4671	False	-4.695207553132024	
c5539	True	0.014184459122116235	0.0
c5540	True	0.011105767380067647	0.0
c4672	False	-4.826366329409719	
c5477	True	0.02177511397876761	0.0
c5478	True	0.004469746134039625	0.0
c4750	False	-2.5499661132508216	
c5499	True	0.0468413412680147	0.0
c5500	True	0.13552856993189286	0.0
c1439	False	-5.2130715848642115	
c2491	False	-5.540242206208357	
c2963	False	-5.470291856429969	
c3499	False	-7.047969937092203	
c4016	False	-7.341212900008226	
c4713	False	-7.125717659658409	
c5441	True	0.001527878781650923	0.0
c5442	True	0.0007034242228280394	0.0
c4714	False	-8.824241060061336	
c5475	True	0.00014890762852555548	0.0
c5476	True	0.0002854777201070318	0.0
c4664	False	-7.252543046807096	
c5501	True	0.0009926989292108304	0.0
c5502	True	0.0006088567589724979	0.0
c4051	False	-4.250781377752245	
c4753	False	-3.3368364070352077	
c5537	True	0.02532008902380534	0.0
c5538	True	0.029479195338031904	0.0
c4754	False	-3.5650345409471735	
c5493	True	0.024170155942361608	0.0
c5494	True	0.06147880032808816	0.0
c4059	False	-6.327420921888291	
c4729	False	-6.829874096560603	
c5443	True	0.0007798905427479533	0.0
c5444	True	0.002641848915446561	0.0
c4730	False	-5.980857895183437	
c5491	True	0.0029242004852181734	0.0
c5492	True	0.002428786554148568	0.0
c1738	False	-5.473990792516304	
c3454	False	-5.659659225806192	
c4764	False	-5.03820755420047	
c5525	True	0.006870123601419733	0.0
c5526	True	0.018403511610926432	0.0
c4728	False	-5.850123955227712	
c5423	True	0.003309148156964231	0.0
c5424	True	0.0026186904931089863	0.0
c4740	False	-6.979510744712393	
c5439	True	0.0006547526727053749	0.0
c5440	True	0.0007887788423584335	0.0
c812	False	-5.082651128377673	
c1177	False	-4.989559410437054	
c1724	False	-5.089033740099526	
c2076	False	-4.67636855497672	
c2495	False	-4.79386603228471	
c2965	False	-4.3231553095696	
c3469	False	-4.003376118503539	
c3996	False	-3.3074661217308803	
c4665	False	-3.4540506025431936	
c5489	True	0.02085477090157728	0.0
c5490	True	0.021577238654254448	0.0
c4666	False	-3.6687037721040054	
c5421	True	0.04189348665636571	1.0
c5422	True	0.020612542714389104	0.0
c4687	False	-4.588032442466195	
c5495	True	0.010425413374021359	0.0
c5496	True	0.009748611590493773	0.0
c3470	False	-3.738822679915031	
c4004	False	-4.509778210064273	
c4657	False	-5.09246318489704	
c5497	True	0.003518724227068664	0.0
c5498	True	0.002705358574663093	0.0
c5458	True	0.004735907027320339	0.0
c4709	False	-4.54519356999066	
c5503	True	0.03711442962445195	0.0
c5504	True	0.010151156779411252	0.0
c4715	False	-3.1805866104256113	
c5507	True	0.039043676371796406	0.0
c5508	True	0.07592302570334124	0.0
c3498	False	-5.526908003842655	
c4070	False	-5.8744391383713985	
c4731	False	-5.69332329672104	
c5453	True	0.003270803442699075	0.0
c5454	True	0.002824276407615502	0.0
c4732	False	-5.584527733204498	
c5425	True	0.001823338808973625	0.0
c5426	True	0.009221092925359393	0.0
c4693	False	-5.459210995090163	
c5447	True	0.0026978805333861934	0.0
c5448	True	0.008522549968363354	0.0
c4701	False	-4.396418566161	
c5519	True	0.025225521753371876	0.0
c5520	True	0.021627798545731165	0.0
c2969	False	-4.105519141363574	
c3465	False	-3.7333162934250046	
c4017	False	-3.8473845770442434	
c4675	False	-4.5082074761910675	
c5527	True	0.011534738724929662	1.0
c5528	True	0.006175521756467225	0.0
c4676	False	-4.287876080250387	
c5521	True	0.015647557157389445	0.0
c5522	True	0.01883953761061284	0.0
c4685	False	-4.285008046840607	
c5535	True	0.030109465530328318	0.0
c5536	True	0.010924910246158668	0.0
c4752	False	-3.567175857248196	
c5463	True	0.03494116688315522	0.0
c5464	True	0.017693488146717	0.0
c2080	False	-3.634323093782407	
c4043	False	-3.239119506859062	
c4735	False	-3.2230644820490717	
c5455	True	0.023319412206874682	0.0
c5456	True	0.05606509324125892	0.0
c4736	False	-3.70819545749623	
c5437	True	0.02415603446193095	0.0
c5438	True	0.040026950500479	0.0
c4720	False	-4.81357963357965	
c5487	True	0.014097345264562768	0.0
c5488	True	0.010581780084295094	0.0
c4696	False	0.09679805186489876	
c5505	True	0.521053907463774	0.0
c5506	True	0.48840337777670506	0.0
c819	False	-3.4043128602199952	
c1189	False	-2.500954351646165	
c1744	False	-0.7374692147523456	
c2106	False	-2.142739331755633	
c2990	False	-2.0148553691372464	
c4073	False	-2.4182628126554344	
c4681	False	-2.102060687818137	
c5435	True	0.16937614183917657	0.0
c5436	True	0.12163578020588263	0.0
c4682	False	-2.018029704985058	
c5511	True	0.16868843781173834	0.0
c5512	True	0.051735655864379226	0.0
c4058	False	-0.7475040678378408	
c4659	False	-0.9451072787667032	
c5515	True	0.4515932452397841	1.0
c5516	True	0.2860372126174282	0.0
c4660	False	-0.979088734420198	
c5445	True	0.6059582370433223	0.0
c5446	True	0.278140313236467	0.0
c4071	False	-2.136401682720487	
c4691	False	-2.513084842171553	
c5451	True	0.19567850973980463	0.0
c5452	True	0.03682902189804551	0.0
c4692	False	-1.9897000521201549	
c5471	True	0.2308180696742442	1.0
c5472	True	0.20409866312637512	0.0
c2510	False	-0.9051745469503398	
c2986	False	-1.6479136642295025	
c4679	False	-0.6683271310360231	
c5517	True	0.16274583086881447	0.0
c5518	True	0.3218511220499196	0.0
c4757	False	-1.9267090031956828	
c5469	True	0.1679078163292199	0.0
c5470	True	0.14544278417617176	0.0
c4756	False	1.008115912258668	
c5433	True	1.3520656750807138	3.0
c5434	True	1.3066251777726272	1.0
c4662	False	-2.381486674153182	
c5483	True	0.07240932058667085	0.0
c5484	True	0.1005785462804239	0.0
c2476	False	-3.517723611997797	
c3444	False	-5.205073733348263	
c4081	False	-5.778260396422171	
c4761	False	-5.9994236699614305	
c5459	True	0.0018038099322241741	0.0
c5460	True	0.002243565671641023	0.0
c4762	False	-6.021665557216572	
c5467	True	0.0021771699968612763	0.0
c5468	True	0.0035533234135271363	0.0
c4082	False	-4.092214728307968	
c4765	False	-4.633023037170815	
c5523	True	0.026174536960370753	0.0
c5524	True	0.023927242418475943	0.0
c4766	False	-4.385479322803307	
c5531	True	0.009030392413615628	0.0
c5532	True	0.00453144674703529	0.0
c3437	False	-2.4329836606681505	
c4745	False	-2.145869566120242	
c5465	True	0.1172037786406516	0.0
c5466	True	0.13250127749974128	0.0
c4712	False	-2.9847918900581187	
c5449	True	0.05868837904561271	0.0
c5450	True	0.050464947727878316	0.0
c124	False	-1.6991197965599594	
c183	False	-2.8640340990944275	
c226	False	-3.5473304459910846	
c283	False	-4.157345458996986	
c736	False	-4.174065747733144	
c908	False	-4.282413036210943	
c1366	False	-4.267923695650739	
c1691	False	-3.4608927074829268	
c4534	False	-1.611637372206815	
c5259	True	0.06828085958564498	0.0
c5260	True	0.13257541363444467	0.0
c4586	False	-3.033064041389182	
c4989	True	0.11270512074545705	0.0
c4990	True	0.10116958959727333	0.0
c3625	False	-3.522671175499109	
c4263	False	-3.196610150817327	
c5255	True	0.05630932386844756	0.0
c5256	True	0.07432106550142965	0.0
c4264	False	-3.9859307652936007	
c5245	True	0.012166974256367064	0.0
c5246	True	0.007142135637702126	0.0
c2444	False	-4.38235308697381	
c3577	False	-5.774289955083986	
c4329	False	-5.3943184800593835	
c5121	True	0.002803922271636311	0.0
c5122	True	0.0038840274085574665	0.0
c4330	False	-5.620583639069628	
c5037	True	0.004220789506317851	0.0
c5038	True	0.006841918447989161	0.0
c4288	False	-3.3769748523745733	
c5149	True	0.006154163307889074	0.0
c5150	True	0.026037491183151632	0.0
c4343	False	-4.884234352903759	
c5293	True	0.007700526744763532	0.0
c5294	True	0.014690402547043723	0.0
c795	False	-5.408058920691682	
c3643	False	-4.2130581098263455	
c4323	False	-4.5804296582933635	
c5141	True	0.014925966633454982	0.0
c5142	True	0.02318388914051066	0.0
c4324	False	-4.41236445048914	
c5391	True	0.01866346094524954	0.0
c5392	True	0.006719858317032768	0.0
c4358	False	-4.924580794409755	
c4997	True	0.005893782236618503	0.0
c4998	True	0.010559097538112353	0.0
c2632	False	-1.8369038745184247	
c3371	False	-1.5334660349012699	
c3713	False	-1.744273277453476	
c4197	False	-1.8552890965882796	
c5023	True	0.06382480745548974	0.0
c5024	True	0.35557207569133215	0.0
c4198	False	-1.5982220342540099	
c5385	True	0.5788578286748172	1.0
c5386	True	0.12894811983637866	0.0
c3714	False	-0.7745144717571716	
c4341	False	-0.39714071963683273	
c5333	True	0.35454315575740497	0.0
c5334	True	0.38604759264175614	1.0
c4342	False	-1.0120355334296671	
c5137	True	0.1978964311446585	0.0
c5138	True	0.26262384953749324	0.0
c3776	False	-1.9475938948027838	
c4587	False	-1.6535843629720555	
c4965	True	0.24423022617346798	0.0
c4966	True	0.14989294497426353	0.0
c4588	False	-1.780782425368318	
c4977	True	0.09963187559595986	0.0
c4978	True	0.2373998086781246	1.0
c1340	False	-2.8597949822277764	
c2884	False	-3.7349217215307675	
c3159	False	-4.386668430935598	
c3890	False	-3.510032560781047	
c4255	False	-2.9726069759582328	
c5057	True	0.05257048994957871	0.0
c5058	True	0.05166702363764313	0.0
c4256	False	-3.473244571335899	
c4919	True	0.02133193129996916	0.0
c4920	True	0.04365073959418895	0.0
c4378	False	-4.032995284035335	
c5183	True	0.01470626011373682	0.0
c5184	True	0.015290452760639072	0.0
c3160	False	-3.84147148833308	
c3588	False	-4.130839068905489	
c4527	False	-4.5670048508362555	
c5309	True	0.017541155560895215	0.0
c5310	True	0.00769911746072797	0.0
c4528	False	-3.7193583599926443	
c5369	True	0.040125690761548254	0.0
c5370	True	0.0234047047259965	0.0
c4387	False	-3.5386379367702014	
c5213	True	0.024074868578464532	0.0
c5214	True	0.01806080090033577	0.0
c1643	False	-2.7834839713667927	
c2199	False	-4.8200130502390675	
c2858	False	-5.379875582718017	
c3711	False	-4.897346999068087	
c4443	False	-5.672632151221751	
c5003	True	0.0021675578151082045	0.0
c5004	True	0.006186192970666738	0.0
c4444	False	-5.510864319153675	
c5215	True	0.007117273925229272	0.0
c5216	True	0.0037389991724648473	0.0
c4183	False	-4.660702313547721	
c4951	True	0.005599652825765814	0.0
c4952	True	0.010355974458257582	0.0
c4636	False	-3.556160933274977	
c5171	True	0.03934853886462935	0.0
c5172	True	0.017710555032977776	0.0
c4222	False	-1.7825918360705812	
c5279	True	0.08196375975277491	0.0
c5280	True	0.11055817435102712	0.0
c1273	False	-3.3767041556709914	
c1531	False	-2.874262900062353	
c1804	False	-2.755834879674726	
c2583	False	-1.9549146238273558	
c3134	False	-1.6888037650423868	
c3959	False	-1.8472952365974344	
c4519	False	-1.983096601936881	
c5291	True	0.18305173791190552	1.0
c5292	True	0.15413773539336623	0.0
c4520	False	-1.6027336683062117	
c5397	True	0.09447356197637133	0.0
c5398	True	0.29630591479108875	0.0
c3960	False	-2.3504377374398135	
c4371	False	-2.8315357399663954	
c5105	True	0.05575564172099578	0.0
c5106	True	0.058388820964467306	0.0
c4372	False	-2.420431012230095	
c5021	True	0.12072331410629598	0.0
c5022	True	0.07349695891834815	0.0
c4365	False	-2.0202706872392393	
c4987	True	0.13376329369983636	0.0
c4988	True	0.14111292306276843	0.0
c2758	False	-3.0269207617672698	
c3143	False	-4.138434366195626	
c3598	False	-4.280757785388303	
c4307	False	-3.61651563904011	
c5091	True	0.03271903181658868	0.0
c5092	True	0.030224021425937483	0.0
c4308	False	-4.234678969685817	
c4959	True	0.019100834251883084	0.0
c4960	True	0.022337298232311485	0.0
c4374	False	-3.6948793521062493	
c5229	True	0.03091530017174892	0.0
c5230	True	0.023756304011961535	0.0
c3724	False	-1.4231953268875268	
c4235	False	-1.2425775132407877	
c5129	True	0.09219033184563778	0.0
c5130	True	0.23687114352360786	0.0
c4236	False	-1.4518596384748712	
c5075	True	0.3458466797634552	0.0
c5076	True	0.18730433587616072	0.0
c3898	False	-3.4047954293044143	
c4625	False	-3.467701185604764	
c5049	True	0.03566697359804082	0.0
c5050	True	0.0311462112604431	0.0
c4626	False	-3.24119525130289	
c5165	True	0.030738589240838384	0.0
c5166	True	0.04020478795911572	0.0
c2635	False	-2.3061522184756917	
c3407	False	-2.816638344267879	
c3675	False	-2.3512743091036503	
c4455	False	-2.6502092178115335	
c5063	True	0.05109681213246043	0.0
c5064	True	0.11096456936755936	0.0
c4456	False	-0.7964680269510758	
c5407	True	0.28884060272337564	0.0
c5408	True	0.21731540191538634	0.0
c3676	False	-2.7359086609050944	
c4349	False	-1.9449109198550258	
c5139	True	0.13471853142988255	0.0
c5140	True	0.13867588377357631	0.0
c4350	False	-2.322066310315625	
c4957	True	0.09756989269004145	0.0
c4958	True	0.1679525674564507	3.0
c3408	False	-2.199030225602196	
c4400	False	-2.2173596693920183	
c5123	True	0.0438389760567267	0.0
c5124	True	0.14856608668198656	0.0
c4576	False	-2.9745450354141205	
c5043	True	0.07496273158277511	0.0
c5044	True	0.05170134676426805	0.0
c108	False	-3.013796575189509	
c168	False	-3.6294933389164967	
c203	False	-3.045879071266545	
c294	False	-3.4996136849247996	
c1228	False	-1.1167597605451451	
c1516	False	-0.8952192918361734	
c3416	False	-1.3818478395787657	
c3809	False	-0.5215160984186051	
c4465	False	-1.523786060376949	
c5191	True	0.3182420406547435	0.0
c5192	True	0.3850391194573579	0.0
c4466	False	0.417541625772619	
c5403	True	1.144716856513731	1.0
c5404	True	1.242404700346322	0.0
c4414	False	-1.143527182166757	
c4963	True	0.31591094289609556	0.0
c4964	True	0.2132302862615186	0.0
c1988	False	-1.2066462307323236	
c4546	False	-0.6979200536361776	
c5203	True	0.37747827642101167	0.0
c5204	True	0.38003044986542706	0.0
c4269	False	-0.6074412354423865	
c5059	True	0.18972805824380481	0.0
c5060	True	0.22924282101743174	2.0
c3741	False	-1.8974792755733367	
c4637	False	-1.1985910699922866	
c5193	True	0.2093602133336163	0.0
c5194	True	0.2658731650043314	0.0
c4638	False	-2.7506437961399697	
c5163	True	0.03276528501823067	0.0
c5164	True	0.05405038859265209	0.0
c367	False	-3.756080446213259	
c1847	False	-3.4406831810209413	
c3201	False	-2.4522249312106523	
c4417	False	-2.8195452100989304	
c5241	True	0.05005625947372521	0.0
c5242	True	0.08828799780814629	0.0
c4206	False	-3.3331185160607433	
c4995	True	0.015602852324489313	0.0
c4996	True	0.06242102875739471	0.0
c4524	False	-3.9344438603430762	
c5155	True	0.023076712911503573	0.0
c5156	True	0.008505071843905122	0.0
c4552	False	-1.946962502045887	
c5081	True	0.10364141588908331	0.0
c5082	True	0.13000898579885475	0.0
c4421	False	-0.48104931155376995	
c5089	True	0.4232749022452669	0.0
c5090	True	0.7772036078949062	2.0
c1348	False	-3.9962968478776215	
c1506	False	-4.092170341036526	
c2652	False	-5.058054894787508	
c3193	False	-4.554004984632334	
c4492	False	-4.979413001312101	
c5371	True	0.0087791494430383	0.0
c5372	True	0.00810341085552201	0.0
c4631	False	-3.430858988959622	
c4999	True	0.03900550127422688	0.0
c5000	True	0.0206385816150293	0.0
c3692	False	-4.697654343026147	
c4335	False	-4.323285265988826	
c4907	True	0.022874459802772376	0.0
c4908	True	0.04127938013473807	0.0
c4336	False	-5.274275894476624	
c4981	True	0.009205911471484753	0.0
c4982	True	0.004393930752230664	0.0
c3952	False	-5.25321204776429	
c4615	False	-4.645543343849276	
c5317	True	0.011375400741039791	0.0
c5318	True	0.009733192157634626	0.0
c4616	False	-5.046524469859101	
c5011	True	0.010697116133535294	0.0
c5012	True	0.00530172728214413	0.0
c3098	False	-2.589110496077886	
c4362	False	-2.5479702309940757	
c5341	True	0.10539969345609365	0.0
c5342	True	0.06656302107077307	0.0
c4611	False	-2.681265377693252	
c5217	True	0.0740484607236542	0.0
c5218	True	0.04109529778413272	0.0
c140	False	-2.6997749431898437	
c1314	False	-4.4167285080781316	
c2837	False	-6.069556166605982	
c3896	False	-5.673438017518478	
c4499	False	-6.017766482351663	
c4971	True	0.0038004982265248833	0.0
c4972	True	0.0007614340144498224	0.0
c4500	False	-5.545105479952604	
c4979	True	0.003653781277875625	0.0
c4980	True	0.007431103530504568	0.0
c4292	False	-5.790695189332888	
c5249	True	0.003780928282674511	0.0
c5250	True	0.003122118467791606	0.0
c4578	False	-3.5097491792481055	
c5027	True	0.06436698472415206	0.0
c5028	True	0.024982858721432577	0.0
c2671	False	-3.8078744078959605	
c3934	False	-3.012125990120784	
c4645	False	-3.06850174193009	
c5359	True	0.09599680485392433	0.0
c5360	True	0.0317080938414893	0.0
c4646	False	-3.4587236709590736	
c5347	True	0.017199960797084916	1.0
c5348	True	0.02187354726851129	0.0
c3787	False	-2.4416481066638207	
c4279	False	-2.1924576352578367	
c5153	True	0.11939460344157435	1.0
c5154	True	0.06111759432290187	0.0
c4280	False	-2.410309119073926	
c5007	True	0.0899668864224883	0.0
c5008	True	0.07079477165338553	0.0
