ID	gene	hypothesis	regime	r	alpha	sigma	theta
0	Gene_1	h0	shared	111.86233	4.2805047	7.570109	0.4099426
0	Gene_1	h1	0	93.481544	16.627716	10.440125	-0.10732148587703705
0	Gene_1	h1	1	93.481544	16.627716	10.440125	4.064278602600098
1	Gene_2	h0	shared	32.45364	5.9539165	8.616429	1.4181141
1	Gene_2	h1	0	300.05124	8.213195	9.62858	1.035953164100647
1	Gene_2	h1	1	300.05124	8.213195	9.62858	3.2010602951049805
2	Gene_3	h0	shared	76.40311	7.825916	9.495594	1.6017505
2	Gene_3	h1	0	229.8142	11.484467	10.641301	1.234541416168213
2	Gene_3	h1	1	229.8142	11.484467	10.641301	3.2660093307495117
3	Gene_4	h0	shared	23.390442	3.3848994	7.9575152	1.1399144
3	Gene_4	h1	0	17.681366	7.683366	9.568794	0.433804988861084
3	Gene_4	h1	1	17.681366	7.683366	9.568794	5.563756465911865
4	Gene_5	h0	shared	39.06434	9.412712	9.151916	1.1303022
4	Gene_5	h1	0	466.32318	9.339386	9.270838	1.1670266389846802
4	Gene_5	h1	1	466.32318	9.339386	9.270838	0.9128608703613281
5	Gene_6	h0	shared	241.81189	3.9671907	7.380597	0.96068066
5	Gene_6	h1	0	395.7065	11.424631	9.699871	0.44809988141059875
5	Gene_6	h1	1	395.7065	11.424631	9.699871	4.300220966339111
6	Gene_7	h0	shared	132.37347	5.7428765	8.326781	0.17534913
6	Gene_7	h1	0	554.9363	7.84552	9.086287	-0.09834813326597214
6	Gene_7	h1	1	554.9363	7.84552	9.086287	1.906704306602478
7	Gene_8	h0	shared	31.859625	4.005886	8.397605	0.57363546
7	Gene_8	h1	0	70.95581	10.441252	10.869113	-0.10561967641115189
7	Gene_8	h1	1	70.95581	10.441252	10.869113	4.406826496124268
8	Gene_9	h0	shared	32.967094	9.201446	10.111472	2.315519
8	Gene_9	h1	0	35.54447	11.856806	10.834319	2.008631706237793
8	Gene_9	h1	1	35.54447	11.856806	10.834319	3.785961627960205
9	Gene_10	h0	shared	87.31227	6.335965	8.7802725	1.9588592
9	Gene_10	h1	0	139.75574	13.613027	10.919042	1.4831533432006836
9	Gene_10	h1	1	139.75574	13.613027	10.919042	4.492228984832764
10	Gene_11	h0	shared	55.42913	3.625108	8.590789	0.924893
10	Gene_11	h1	0	55.86818	9.435826	10.978475	0.05056930333375931
10	Gene_11	h1	1	55.86818	9.435826	10.978475	5.345007419586182
11	Gene_12	h0	shared	114.21699	4.3434343	7.654599	-0.36955565
11	Gene_12	h1	0	397.55865	13.226718	10.342672	-0.8238007426261902
11	Gene_12	h1	1	397.55865	13.226718	10.342672	2.846651315689087
12	Gene_13	h0	shared	73.48102	4.906083	8.615428	0.67865914
12	Gene_13	h1	0	363.0606	8.918381	10.119707	0.19959744811058044
12	Gene_13	h1	1	363.0606	8.918381	10.119707	3.4720683097839355
13	Gene_14	h0	shared	115.88638	3.8093712	7.8039627	1.4974439
13	Gene_14	h1	0	572.7946	7.325997	9.16828	0.9869895577430725
13	Gene_14	h1	1	572.7946	7.325997	9.16828	4.952380657196045
14	Gene_15	h0	shared	47.25861	6.2940845	9.20557	0.61110085
14	Gene_15	h1	0	225.98277	9.850637	10.559423	0.24493956565856934
14	Gene_15	h1	1	225.98277	9.850637	10.559423	2.6196813583374023
15	Gene_16	h0	shared	33.81019	4.778913	8.466586	1.8003117
15	Gene_16	h1	0	18.529001	15.356459	11.32962	1.1823174953460693
15	Gene_16	h1	1	18.529001	15.356459	11.32962	5.234496116638184
16	Gene_17	h0	shared	50.986275	4.8474655	8.893173	1.438864
16	Gene_17	h1	0	64.8885	7.065254	9.965454	1.0394378900527954
16	Gene_17	h1	1	64.8885	7.065254	9.965454	3.589907169342041
17	Gene_18	h0	shared	10.195143	14.7212305	12.759569	3.9981542
17	Gene_18	h1	0	3.9091299	33.249977	11.978889	3.683823823928833
17	Gene_18	h1	1	3.9091299	33.249977	11.978889	5.9387688636779785
18	Gene_19	h0	shared	43.480183	3.966395	8.0454855	-0.020540213
18	Gene_19	h1	0	27.373198	8.758302	9.778901	-0.3804294764995575
18	Gene_19	h1	1	27.373198	8.758302	9.778901	3.703019380569458
19	Gene_20	h0	shared	230.44406	4.756994	8.268208	1.06056
19	Gene_20	h1	0	598.09045	7.809372	9.396604	0.6092501282691956
19	Gene_20	h1	1	598.09045	7.809372	9.396604	3.594960927963257
20	Gene_21	h0	shared	27.283726	3.2789211	8.634383	0.99436283
20	Gene_21	h1	0	23.347372	5.574548	9.680617	0.22870583832263947
20	Gene_21	h1	1	23.347372	5.574548	9.680617	4.950699806213379
21	Gene_22	h0	shared	152.67497	6.7786055	8.332156	1.6227883
21	Gene_22	h1	0	807.1677	7.414309	8.528895	1.4075309038162231
21	Gene_22	h1	1	807.1677	7.414309	8.528895	2.6768128871917725
22	Gene_23	h0	shared	127.116714	3.6100905	8.633394	-0.69483143
22	Gene_23	h1	0	281.07333	7.350735	10.370974	-1.366518497467041
22	Gene_23	h1	1	281.07333	7.350735	10.370974	3.19179105758667
23	Gene_24	h0	shared	17.810665	4.4275684	9.253705	2.3151596
23	Gene_24	h1	0	17.93511	7.796952	10.734247	1.9029779434204102
23	Gene_24	h1	1	17.93511	7.796952	10.734247	5.721546173095703
24	Gene_25	h0	shared	130.4123	4.3759356	8.227865	-0.04214091
24	Gene_25	h1	0	192.26036	10.6106615	10.23978	-0.46948203444480896
24	Gene_25	h1	1	192.26036	10.6106615	10.23978	3.450744867324829
25	Gene_26	h0	shared	118.60304	5.865261	8.447957	0.31903327
25	Gene_26	h1	0	403.59717	6.83792	8.75375	0.027295291423797607
25	Gene_26	h1	1	403.59717	6.83792	8.75375	1.8947219848632812
26	Gene_27	h0	shared	12.501976	3.514497	7.621404	1.891398
26	Gene_27	h1	0	6.561536	16.45176	10.209703	1.2910085916519165
26	Gene_27	h1	1	6.561536	16.45176	10.209703	6.87067174911499
27	Gene_28	h0	shared	120.32591	3.4592412	7.7379804	-0.770013
27	Gene_28	h1	0	145.01852	10.953579	10.206816	-1.222253680229187
27	Gene_28	h1	1	145.01852	10.953579	10.206816	3.762354850769043
28	Gene_29	h0	shared	33.453266	3.1100981	7.198204	2.0155394
28	Gene_29	h1	0	23.056583	7.9734025	9.091938	1.298662543296814
28	Gene_29	h1	1	23.056583	7.9734025	9.091938	6.395431995391846
29	Gene_30	h0	shared	20.741783	3.9431574	8.376536	0.80414283
29	Gene_30	h1	0	16.902863	8.946804	10.175715	0.2477354109287262
29	Gene_30	h1	1	16.902863	8.946804	10.175715	4.700578689575195
30	Gene_31	h0	shared	38.683746	5.0351987	8.469506	1.992136
30	Gene_31	h1	0	37.05049	9.894557	10.228658	1.4986082315444946
30	Gene_31	h1	1	37.05049	9.894557	10.228658	4.782336711883545
31	Gene_32	h0	shared	24.073015	6.032468	9.040546	2.8632498
31	Gene_32	h1	0	12.3277645	14.985928	10.862235	2.3966660499572754
31	Gene_32	h1	1	12.3277645	14.985928	10.862235	5.789987564086914
32	Gene_33	h0	shared	64.58284	3.7696881	7.9010367	1.2875459
32	Gene_33	h1	0	401.19028	6.756734	9.12284	0.832862913608551
32	Gene_33	h1	1	401.19028	6.756734	9.12284	4.707430362701416
33	Gene_34	h0	shared	132.45706	15.804077	12.362911	-1.5544598
33	Gene_34	h1	0	85.82322	19.85077	12.862427	-1.8482880592346191
33	Gene_34	h1	1	85.82322	19.85077	12.862427	-0.1472655087709427
34	Gene_35	h0	shared	31.587475	8.119647	10.41927	2.4405649
34	Gene_35	h1	0	55.312378	9.592087	11.051359	2.1417183876037598
34	Gene_35	h1	1	55.312378	9.592087	11.051359	3.8609800338745117
35	Gene_36	h0	shared	240.13019	3.6809387	8.223746	2.1596756
35	Gene_36	h1	0	1096.6332	5.200672	9.01213	1.639312982559204
35	Gene_36	h1	1	1096.6332	5.200672	9.01213	4.92391300201416
36	Gene_37	h0	shared	76.81722	3.3902314	8.060062	-0.60263795
36	Gene_37	h1	0	85.02396	9.948832	10.505181	-1.22314453125
36	Gene_37	h1	1	85.02396	9.948832	10.505181	3.9801275730133057
37	Gene_38	h0	shared	57.525646	5.0925274	8.5533085	0.87011224
37	Gene_38	h1	0	310.45105	7.6996303	9.767868	0.5575205683708191
37	Gene_38	h1	1	310.45105	7.6996303	9.767868	2.977358341217041
38	Gene_39	h0	shared	63.32696	6.707463	8.995837	0.7553124
38	Gene_39	h1	0	244.03511	10.746754	10.232116	0.3492308557033539
38	Gene_39	h1	1	244.03511	10.746754	10.232116	2.806445598602295
39	Gene_40	h0	shared	31.416658	3.4213176	8.189161	2.141855
39	Gene_40	h1	0	25.428934	11.738558	11.462989	1.2264143228530884
39	Gene_40	h1	1	25.428934	11.738558	11.462989	6.9200873374938965
40	Gene_41	h0	shared	66.855446	4.6097484	8.426202	3.3318324
40	Gene_41	h1	0	43.214577	9.989832	10.340015	2.6883468627929688
40	Gene_41	h1	1	43.214577	9.989832	10.340015	6.545469760894775
41	Gene_42	h0	shared	48.30665	4.0332475	7.809795	1.5110325
41	Gene_42	h1	0	82.88256	10.264261	9.92139	0.882027268409729
41	Gene_42	h1	1	82.88256	10.264261	9.92139	5.372598171234131
42	Gene_43	h0	shared	61.415485	6.3062243	7.8795447	1.659705
42	Gene_43	h1	0	40.73549	12.260181	9.323898	1.2811802625656128
42	Gene_43	h1	1	40.73549	12.260181	9.323898	3.80302095413208
43	Gene_44	h0	shared	25.672943	5.090887	8.847855	0.4761444
43	Gene_44	h1	0	263.87216	11.579059	11.527287	-0.04783494397997856
43	Gene_44	h1	1	263.87216	11.579059	11.527287	3.2656311988830566
44	Gene_45	h0	shared	61.53364	5.256959	8.044149	1.1596397
44	Gene_45	h1	0	123.05573	9.789243	9.657821	0.7608294486999512
44	Gene_45	h1	1	123.05573	9.789243	9.657821	3.5737431049346924
45	Gene_46	h0	shared	20.87925	11.937211	10.4985285	2.5283446
45	Gene_46	h1	0	93.05349	13.017837	11.272089	2.3344502449035645
45	Gene_46	h1	1	93.05349	13.017837	11.272089	3.2961881160736084
46	Gene_47	h0	shared	33.423847	7.143093	9.42693	0.9430754
46	Gene_47	h1	0	238.48357	12.955304	11.282124	0.49626174569129944
46	Gene_47	h1	1	238.48357	12.955304	11.282124	3.163154363632202
47	Gene_48	h0	shared	127.85695	4.2219496	7.95931	1.2886567
47	Gene_48	h1	0	284.5504	5.9250326	8.653374	0.8893740773200989
47	Gene_48	h1	1	284.5504	5.9250326	8.653374	3.7301626205444336
48	Gene_49	h0	shared	36.117912	3.7603476	8.955462	2.9928176
48	Gene_49	h1	0	30.662008	8.0404005	10.876361	2.1905367374420166
48	Gene_49	h1	1	30.662008	8.0404005	10.876361	7.2058892250061035
49	Gene_50	h0	shared	30.689524	7.5926714	8.512518	0.9930213
49	Gene_50	h1	0	53.67814	9.222255	8.981773	0.7124541997909546
49	Gene_50	h1	1	53.67814	9.222255	8.981773	2.3025882244110107
50	Gene_51	h0	shared	39.35293	6.0352335	8.913654	2.7870796
50	Gene_51	h1	0	76.997055	9.132646	10.049033	2.368607521057129
50	Gene_51	h1	1	76.997055	9.132646	10.049033	5.100355625152588
51	Gene_52	h0	shared	139.466	5.44127	8.574277	-0.9603961
51	Gene_52	h1	0	53.357132	16.385084	11.431926	-1.3832676410675049
51	Gene_52	h1	1	53.357132	16.385084	11.431926	1.830054521560669
52	Gene_53	h0	shared	119.6149	4.4487042	7.4129357	-0.79354864
52	Gene_53	h1	0	138.35007	20.959986	10.518666	-1.0623894929885864
52	Gene_53	h1	1	138.35007	20.959986	10.518666	2.68900728225708
53	Gene_54	h0	shared	41.79508	5.4016223	9.438874	1.648861
53	Gene_54	h1	0	147.74767	6.110988	9.935373	1.412562608718872
53	Gene_54	h1	1	147.74767	6.110988	9.935373	2.944631814956665
54	Gene_55	h0	shared	27.41643	7.474445	10.180715	2.708952
54	Gene_55	h1	0	32.7579	10.969548	11.185258	2.3036398887634277
54	Gene_55	h1	1	32.7579	10.969548	11.185258	4.716691493988037
55	Gene_56	h0	shared	87.98318	6.3516865	8.167076	0.7334542
55	Gene_56	h1	0	184.55656	12.371328	9.8207	0.3590632975101471
55	Gene_56	h1	1	184.55656	12.371328	9.8207	2.970306634902954
56	Gene_57	h0	shared	36.372204	4.943673	7.815928	0.7546443
56	Gene_57	h1	0	42.276573	8.8664465	9.108532	0.40383830666542053
56	Gene_57	h1	1	42.276573	8.8664465	9.108532	3.1835012435913086
57	Gene_58	h0	shared	154.46625	5.279182	8.3286915	-0.068348534
57	Gene_58	h1	0	444.1523	14.826676	10.77222	-0.5382193922996521
57	Gene_58	h1	1	444.1523	14.826676	10.77222	2.9053025245666504
58	Gene_59	h0	shared	96.11698	5.042286	9.39312	2.384994
58	Gene_59	h1	0	409.73047	8.931412	10.936777	1.8743841648101807
58	Gene_59	h1	1	409.73047	8.931412	10.936777	5.355441570281982
59	Gene_60	h0	shared	34.87966	6.930226	9.2245455	1.692855
59	Gene_60	h1	0	36.615093	9.891941	10.195127	1.319411039352417
59	Gene_60	h1	1	36.615093	9.891941	10.195127	3.3707058429718018
60	Gene_61	h0	shared	28.180853	4.9264107	8.467537	2.2793918
60	Gene_61	h1	0	25.921442	8.582306	9.8986635	1.8196513652801514
60	Gene_61	h1	1	25.921442	8.582306	9.8986635	4.788853168487549
61	Gene_62	h0	shared	93.88238	5.7258515	7.86098	1.1229787
61	Gene_62	h1	0	383.90225	9.103027	9.029417	0.7889979481697083
61	Gene_62	h1	1	383.90225	9.103027	9.029417	2.8924930095672607
62	Gene_63	h0	shared	206.08653	5.7223344	8.4115095	1.2097235
62	Gene_63	h1	0	599.6946	9.845176	9.730615	0.8271674513816833
62	Gene_63	h1	1	599.6946	9.845176	9.730615	3.612884998321533
63	Gene_64	h0	shared	25.34536	4.1727514	8.092638	1.4702687
63	Gene_64	h1	0	14.706788	11.579597	10.246687	0.8810054063796997
63	Gene_64	h1	1	14.706788	11.579597	10.246687	5.142326831817627
64	Gene_65	h0	shared	39.6476	4.704864	9.138904	2.3783803
64	Gene_65	h1	0	71.28748	7.2322016	10.397825	2.0230796337127686
64	Gene_65	h1	1	71.28748	7.2322016	10.397825	5.019720077514648
65	Gene_66	h0	shared	32.04501	19.330765	11.274163	-0.45081463
65	Gene_66	h1	0	226.57504	19.56078	11.357288	-0.6505345702171326
65	Gene_66	h1	1	226.57504	19.56078	11.357288	0.2715449631214142
66	Gene_67	h0	shared	34.76668	3.7405713	7.798345	1.0849975
66	Gene_67	h1	0	20.637486	11.916122	10.113898	0.4833434224128723
66	Gene_67	h1	1	20.637486	11.916122	10.113898	5.031494617462158
67	Gene_68	h0	shared	26.397528	5.1131043	9.2675705	2.3201697
67	Gene_68	h1	0	22.159035	8.3343725	10.515046	1.8676594495773315
67	Gene_68	h1	1	22.159035	8.3343725	10.515046	4.903080940246582
68	Gene_69	h0	shared	25.749815	5.388803	9.497715	2.9143753
68	Gene_69	h1	0	13.407855	14.297874	11.8956785	2.283822536468506
68	Gene_69	h1	1	13.407855	14.297874	11.8956785	6.297010898590088
69	Gene_70	h0	shared	161.27026	3.347874	8.219404	0.44491252
69	Gene_70	h1	0	244.82135	7.823781	10.024025	-0.3474418818950653
69	Gene_70	h1	1	244.82135	7.823781	10.024025	4.9733381271362305
70	Gene_71	h0	shared	26.78314	7.024447	9.660443	2.8926148
70	Gene_71	h1	0	125.816315	8.264921	10.475519	2.6363112926483154
70	Gene_71	h1	1	125.816315	8.264921	10.475519	4.087490081787109
71	Gene_72	h0	shared	40.0322	5.052495	9.230239	2.766202
71	Gene_72	h1	0	52.001854	6.201442	9.737925	2.4073214530944824
71	Gene_72	h1	1	52.001854	6.201442	9.737925	4.940291404724121
72	Gene_73	h0	shared	28.963957	4.2779317	7.993684	1.8125323
72	Gene_73	h1	0	25.75647	7.755702	9.269868	1.3902583122253418
72	Gene_73	h1	1	25.75647	7.755702	9.269868	4.724982738494873
73	Gene_74	h0	shared	17.794104	7.490822	10.576859	3.5779893
73	Gene_74	h1	0	6.9617085	19.101982	11.934964	3.0591657161712646
73	Gene_74	h1	1	6.9617085	19.101982	11.934964	6.61444091796875
74	Gene_75	h0	shared	45.28095	5.9047437	9.31811	0.8931002
74	Gene_75	h1	0	222.75449	6.2832932	9.600807	0.6863577961921692
74	Gene_75	h1	1	222.75449	6.2832932	9.600807	1.904457449913025
75	Gene_76	h0	shared	56.19834	4.793245	8.667763	1.72681
75	Gene_76	h1	0	196.12184	8.138299	10.100447	1.2164311408996582
75	Gene_76	h1	1	196.12184	8.138299	10.100447	4.583582401275635
76	Gene_77	h0	shared	50.11044	3.9703526	7.6870227	1.59114
76	Gene_77	h1	0	370.3792	10.908593	9.971009	0.9897380471229553
76	Gene_77	h1	1	370.3792	10.908593	9.971009	5.29653787612915
77	Gene_78	h0	shared	39.823643	6.9350967	9.941884	3.360085
77	Gene_78	h1	0	73.65199	10.564619	11.353489	2.9215970039367676
77	Gene_78	h1	1	73.65199	10.564619	11.353489	5.5273356437683105
78	Gene_79	h0	shared	49.53325	5.5051455	8.888439	1.2275156
78	Gene_79	h1	0	46.256756	9.888473	10.463486	0.7896984815597534
78	Gene_79	h1	1	46.256756	9.888473	10.463486	3.7684473991394043
79	Gene_80	h0	shared	48.41297	6.8016133	9.968936	2.9024925
79	Gene_80	h1	0	37.3027	12.365336	11.567327	2.41096568107605
79	Gene_80	h1	1	37.3027	12.365336	11.567327	5.51848030090332
80	Gene_81	h0	shared	31.591242	4.125588	8.326404	2.0674603
80	Gene_81	h1	0	43.289646	7.905536	9.830326	1.4953219890594482
80	Gene_81	h1	1	43.289646	7.905536	9.830326	5.277083873748779
81	Gene_82	h0	shared	82.98685	5.3305116	8.046168	1.1091442
81	Gene_82	h1	0	188.60727	10.783436	9.700169	0.7139033675193787
81	Gene_82	h1	1	188.60727	10.783436	9.700169	3.6243298053741455
82	Gene_83	h0	shared	147.51381	7.244565	9.324081	0.52994883
82	Gene_83	h1	0	215.33403	8.088857	9.675465	0.3302370011806488
82	Gene_83	h1	1	215.33403	8.088857	9.675465	1.4352227449417114
83	Gene_84	h0	shared	82.031364	3.3692858	7.8100038	0.66457987
83	Gene_84	h1	0	203.20836	7.235698	9.346224	0.12609335780143738
83	Gene_84	h1	1	203.20836	7.235698	9.346224	4.919935703277588
84	Gene_85	h0	shared	181.35814	5.6220465	8.294531	0.13667858
84	Gene_85	h1	0	375.13492	14.085934	10.589866	-0.2774201035499573
84	Gene_85	h1	1	375.13492	14.085934	10.589866	2.7066032886505127
85	Gene_86	h0	shared	37.941986	6.456285	8.524386	1.1607538
85	Gene_86	h1	0	421.8083	7.892784	9.172939	0.8935074806213379
85	Gene_86	h1	1	421.8083	7.892784	9.172939	2.4502413272857666
86	Gene_87	h0	shared	178.18362	6.5867996	8.617678	0.49244022
86	Gene_87	h1	0	411.16116	9.797793	9.5309	0.10353150218725204
86	Gene_87	h1	1	411.16116	9.797793	9.5309	2.27083158493042
87	Gene_88	h0	shared	43.413815	3.8561125	8.057166	0.91043466
87	Gene_88	h1	0	28.483229	10.489037	10.33343	0.34378424286842346
87	Gene_88	h1	1	28.483229	10.489037	10.33343	4.731841564178467
88	Gene_89	h0	shared	67.17138	4.0300922	8.299714	2.1731462
88	Gene_89	h1	0	350.10797	7.463541	9.675325	1.5991872549057007
88	Gene_89	h1	1	350.10797	7.463541	9.675325	5.714447021484375
89	Gene_90	h0	shared	21.380566	3.188534	7.825754	0.8034644
89	Gene_90	h1	0	10.73024	12.25972	10.429819	0.08516699820756912
89	Gene_90	h1	1	10.73024	12.25972	10.429819	5.987209796905518
90	Gene_91	h0	shared	69.95614	3.8727088	8.595984	1.5420573
90	Gene_91	h1	0	185.93846	9.414465	10.813374	0.8597567677497864
90	Gene_91	h1	1	185.93846	9.414465	10.813374	5.542692184448242
91	Gene_92	h0	shared	32.811817	10.075657	10.204523	2.4373856
91	Gene_92	h1	0	163.38422	11.183519	10.770602	2.209456443786621
91	Gene_92	h1	1	163.38422	11.183519	10.770602	3.3783769607543945
92	Gene_93	h0	shared	28.263895	10.36295	10.197284	1.6487328
92	Gene_93	h1	0	294.42935	14.920991	11.469761	1.2455083131790161
92	Gene_93	h1	1	294.42935	14.920991	11.469761	3.3590354919433594
93	Gene_94	h0	shared	369.05014	5.0403066	9.819356	-0.8959889
93	Gene_94	h1	0	326.17645	9.231658	11.488223	-1.417834997177124
93	Gene_94	h1	1	326.17645	9.231658	11.488223	2.2234578132629395
94	Gene_95	h0	shared	72.822495	3.5952625	7.7930527	0.57814837
94	Gene_95	h1	0	437.4142	7.0159683	9.122249	0.07816839218139648
94	Gene_95	h1	1	437.4142	7.0159683	9.122249	4.435574054718018
95	Gene_96	h0	shared	23.447563	8.3483095	10.066578	3.2425315
95	Gene_96	h1	0	22.676146	8.5952015	10.169615	3.1495187282562256
95	Gene_96	h1	1	22.676146	8.5952015	10.169615	3.660292625427246
96	Gene_97	h0	shared	54.202667	3.5489292	8.027162	1.9262762
96	Gene_97	h1	0	183.71182	6.663844	9.335934	1.3239115476608276
96	Gene_97	h1	1	183.71182	6.663844	9.335934	6.0635786056518555
97	Gene_98	h0	shared	142.6812	3.7047856	8.766045	1.004737
97	Gene_98	h1	0	523.9746	7.027136	10.236568	0.3521621823310852
97	Gene_98	h1	1	523.9746	7.027136	10.236568	5.152541160583496
98	Gene_99	h0	shared	32.95916	3.8494213	8.220955	2.0931125
98	Gene_99	h1	0	32.964535	8.12294	10.039749	1.4766262769699097
98	Gene_99	h1	1	32.964535	8.12294	10.039749	5.553953647613525
99	Gene_100	h0	shared	43.901596	6.9060903	9.294098	1.5652441
99	Gene_100	h1	0	87.678375	11.743985	10.880117	1.1726850271224976
99	Gene_100	h1	1	87.678375	11.743985	10.880117	3.746215581893921
100	Gene_101	h0	shared	79.763885	6.023465	9.362812	1.6992048
100	Gene_101	h1	0	201.01614	7.4512277	9.924778	1.3708648681640625
100	Gene_101	h1	1	201.01614	7.4512277	9.924778	3.555380344390869
101	Gene_102	h0	shared	49.377205	3.7624893	8.2666855	0.5557782
101	Gene_102	h1	0	138.52434	8.056137	9.972186	-0.11775104701519012
101	Gene_102	h1	1	138.52434	8.056137	9.972186	4.6088361740112305
102	Gene_103	h0	shared	30.048397	3.1627855	7.7641544	0.15505834
102	Gene_103	h1	0	109.867065	7.152368	9.704334	-0.3911539614200592
102	Gene_103	h1	1	109.867065	7.152368	9.704334	4.367873191833496
103	Gene_104	h0	shared	34.127357	4.6548915	8.112778	0.9612362
103	Gene_104	h1	0	25.528439	11.429233	10.361652	0.5049938559532166
103	Gene_104	h1	1	25.528439	11.429233	10.361652	3.922464609146118
104	Gene_105	h0	shared	211.44167	3.4338078	8.011202	0.19996633
104	Gene_105	h1	0	410.71204	10.306096	10.362637	-0.24390314519405365
104	Gene_105	h1	1	410.71204	10.306096	10.362637	4.963682174682617
105	Gene_106	h0	shared	12.837506	3.4247668	7.768283	2.8386297
105	Gene_106	h1	0	7.514021	13.852181	10.6248865	2.2390663623809814
105	Gene_106	h1	1	7.514021	13.852181	10.6248865	7.5381693840026855
106	Gene_107	h0	shared	41.77784	4.4881554	8.148773	2.1280987
106	Gene_107	h1	0	65.98773	8.7304325	9.90347	1.611875295639038
106	Gene_107	h1	1	65.98773	8.7304325	9.90347	5.008932590484619
107	Gene_108	h0	shared	46.01596	6.0198646	9.033058	2.283418
107	Gene_108	h1	0	37.81568	10.21996	10.50511	1.93768310546875
107	Gene_108	h1	1	37.81568	10.21996	10.50511	4.372622966766357
108	Gene_109	h0	shared	36.81652	4.240958	8.628447	0.5345912
108	Gene_109	h1	0	19.61185	14.600962	11.472804	-0.11226607859134674
108	Gene_109	h1	1	19.61185	14.600962	11.472804	4.555342197418213
109	Gene_110	h0	shared	63.883312	6.637152	8.8273	1.5879177
109	Gene_110	h1	0	445.47842	7.6725073	9.335949	1.4015300273895264
109	Gene_110	h1	1	445.47842	7.6725073	9.335949	2.594414710998535
110	Gene_111	h0	shared	78.42618	6.0166297	9.758082	0.92483306
110	Gene_111	h1	0	312.8858	7.4021115	10.362479	0.5854712724685669
110	Gene_111	h1	1	312.8858	7.4021115	10.362479	2.756625175476074
111	Gene_112	h0	shared	31.594706	3.4108853	8.148861	0.80466413
111	Gene_112	h1	0	26.94453	7.032342	9.580156	0.0974830836057663
111	Gene_112	h1	1	26.94453	7.032342	9.580156	5.076032638549805
112	Gene_113	h0	shared	33.823765	3.547641	8.375602	0.8605505
112	Gene_113	h1	0	29.008863	8.690494	10.362658	0.1293729543685913
112	Gene_113	h1	1	29.008863	8.690494	10.362658	4.875054359436035
113	Gene_114	h0	shared	206.42831	4.9517984	8.674081	-0.9658446
113	Gene_114	h1	0	229.3112	12.199432	10.970802	-1.491641879081726
113	Gene_114	h1	1	229.3112	12.199432	10.970802	2.014920473098755
114	Gene_115	h0	shared	30.11042	5.021881	9.636589	3.2201316
114	Gene_115	h1	0	25.426373	8.934129	11.135831	2.667181968688965
114	Gene_115	h1	1	25.426373	8.934129	11.135831	6.356605529785156
115	Gene_116	h0	shared	186.29575	6.1543584	9.136714	1.4115819
115	Gene_116	h1	0	491.8386	9.722647	10.630482	1.0319464206695557
115	Gene_116	h1	1	491.8386	9.722647	10.630482	3.3890676498413086
116	Gene_117	h0	shared	282.54785	5.5081706	7.8457665	-0.67470294
116	Gene_117	h1	0	449.91766	9.861557	9.1869	-0.9729763865470886
116	Gene_117	h1	1	449.91766	9.861557	9.1869	1.378889799118042
117	Gene_118	h0	shared	40.971767	5.9025326	7.750745	0.62307465
117	Gene_118	h1	0	255.51402	11.40461	9.424589	0.24046477675437927
117	Gene_118	h1	1	255.51402	11.40461	9.424589	2.5788815021514893
118	Gene_119	h0	shared	35.590767	8.2406845	10.631684	2.2919056
118	Gene_119	h1	0	28.504362	11.451288	11.604619	1.901610255241394
118	Gene_119	h1	1	28.504362	11.451288	11.604619	4.122799396514893
119	Gene_120	h0	shared	58.715534	6.657578	8.776737	0.7880347
119	Gene_120	h1	0	349.04745	11.97842	10.167866	0.38655295968055725
119	Gene_120	h1	1	349.04745	11.97842	10.167866	3.09501314163208
120	Gene_121	h0	shared	324.43353	5.399892	8.410333	-0.24589153
120	Gene_121	h1	0	377.2496	7.646539	9.216755	-0.5524600744247437
120	Gene_121	h1	1	377.2496	7.646539	9.216755	1.670728325843811
121	Gene_122	h0	shared	57.355003	5.0668	8.497894	0.76919293
121	Gene_122	h1	0	39.354942	9.3799925	9.848531	0.30050525069236755
121	Gene_122	h1	1	39.354942	9.3799925	9.848531	3.45515775680542
122	Gene_123	h0	shared	34.035736	3.6249795	8.44666	1.9431376
122	Gene_123	h1	0	34.93032	4.899696	9.016936	1.4647318124771118
122	Gene_123	h1	1	34.93032	4.899696	9.016936	5.240450859069824
123	Gene_124	h0	shared	36.530323	10.989464	10.479252	2.2992284
123	Gene_124	h1	0	134.3684	10.928647	10.68697	2.2885324954986572
123	Gene_124	h1	1	134.3684	10.928647	10.68697	2.283649206161499
124	Gene_125	h0	shared	57.393444	3.9860678	8.623748	2.234631
124	Gene_125	h1	0	64.01315	10.422128	11.280135	1.571193814277649
124	Gene_125	h1	1	64.01315	10.422128	11.280135	6.192241191864014
125	Gene_126	h0	shared	43.620895	6.86259	9.46498	1.2368469
125	Gene_126	h1	0	69.93413	9.683562	10.478429	0.8474089503288269
125	Gene_126	h1	1	69.93413	9.683562	10.478429	3.0543570518493652
126	Gene_127	h0	shared	72.27402	3.1157818	7.9927635	1.4716984
126	Gene_127	h1	0	183.109	7.791039	9.959255	0.7239317297935486
126	Gene_127	h1	1	183.109	7.791039	9.959255	6.30226993560791
127	Gene_128	h0	shared	13.398693	5.223693	8.4381895	3.6530008
127	Gene_128	h1	0	4.1716547	30.464602	10.658617	3.4086084365844727
127	Gene_128	h1	1	4.1716547	30.464602	10.658617	6.907731533050537
128	Gene_129	h0	shared	180.13611	5.440829	9.235982	-0.36471865
128	Gene_129	h1	0	261.36264	12.399493	11.4742775	-0.780011773109436
128	Gene_129	h1	1	261.36264	12.399493	11.4742775	2.66909122467041
129	Gene_130	h0	shared	110.92425	6.451249	9.033669	2.3218777
129	Gene_130	h1	0	156.38113	9.456145	9.999618	1.883096694946289
129	Gene_130	h1	1	156.38113	9.456145	9.999618	4.302492141723633
130	Gene_131	h0	shared	38.88818	3.8631597	7.715493	1.62214
130	Gene_131	h1	0	19.733356	14.312472	10.227198	1.0422896146774292
130	Gene_131	h1	1	19.733356	14.312472	10.227198	5.906339645385742
131	Gene_132	h0	shared	90.1202	6.326925	8.200254	0.52633315
131	Gene_132	h1	0	280.26337	10.630178	9.4686365	0.15120072662830353
131	Gene_132	h1	1	280.26337	10.630178	9.4686365	2.4485397338867188
132	Gene_133	h0	shared	51.50361	4.677631	8.703885	2.2678473
132	Gene_133	h1	0	99.37199	7.0079694	9.876526	1.8376991748809814
132	Gene_133	h1	1	99.37199	7.0079694	9.876526	4.745500564575195
133	Gene_134	h0	shared	103.279236	5.795006	8.560363	1.5003489
133	Gene_134	h1	0	343.7404	8.001335	9.287016	1.1290427446365356
133	Gene_134	h1	1	343.7404	8.001335	9.287016	3.491204261779785
134	Gene_135	h0	shared	14.005562	10.97267	11.053672	3.6521075
134	Gene_135	h1	0	12.178204	12.500468	11.306192	3.4431674480438232
134	Gene_135	h1	1	12.178204	12.500468	11.306192	4.600100517272949
135	Gene_136	h0	shared	23.165424	4.2913284	8.189858	1.5460569
135	Gene_136	h1	0	19.754414	10.627146	10.391107	1.0341315269470215
135	Gene_136	h1	1	19.754414	10.627146	10.391107	4.889597415924072
136	Gene_137	h0	shared	23.60217	4.021231	8.17888	2.8872166
136	Gene_137	h1	0	22.586056	6.419867	9.244908	2.324070692062378
136	Gene_137	h1	1	22.586056	6.419867	9.244908	5.742759704589844
137	Gene_138	h0	shared	101.47573	2.9032745	7.7858624	-0.4140018
137	Gene_138	h1	0	340.0203	6.4142113	9.229922	-0.8998109698295593
137	Gene_138	h1	1	340.0203	6.4142113	9.229922	5.074321269989014
138	Gene_139	h0	shared	30.571333	4.026837	8.233642	0.8785934
138	Gene_139	h1	0	28.561247	9.783312	10.483593	0.3248121738433838
138	Gene_139	h1	1	28.561247	9.783312	10.483593	4.469787120819092
139	Gene_140	h0	shared	112.01687	4.4181685	7.547586	0.73420256
139	Gene_140	h1	0	68.83299	8.070986	8.760561	0.3106212615966797
139	Gene_140	h1	1	68.83299	8.070986	8.760561	3.538088798522949
140	Gene_141	h0	shared	75.90605	5.0846257	8.361641	2.2372262
140	Gene_141	h1	0	56.62202	12.669154	10.436785	1.7132688760757446
140	Gene_141	h1	1	56.62202	12.669154	10.436785	5.3347978591918945
141	Gene_142	h0	shared	55.376373	3.7781115	9.394067	2.9722857
141	Gene_142	h1	0	217.71407	6.7247276	10.929363	2.246032476425171
141	Gene_142	h1	1	217.71407	6.7247276	10.929363	7.246316432952881
142	Gene_143	h0	shared	70.35705	4.102945	7.8261223	0.29173568
142	Gene_143	h1	0	60.32538	10.276779	9.804023	-0.2669965624809265
142	Gene_143	h1	1	60.32538	10.276779	9.804023	3.6636102199554443
143	Gene_144	h0	shared	246.51547	3.182504	7.871342	-0.29415518
143	Gene_144	h1	0	358.53635	7.2225294	9.593596	-0.9279735684394836
143	Gene_144	h1	1	358.53635	7.2225294	9.593596	4.23119592666626
144	Gene_145	h0	shared	44.925583	3.4964936	8.367929	-1.0399314
144	Gene_145	h1	0	59.1903	10.449736	10.836248	-1.5897548198699951
144	Gene_145	h1	1	59.1903	10.449736	10.836248	3.445957660675049
145	Gene_146	h0	shared	28.721657	5.597746	8.090826	1.7833272
145	Gene_146	h1	0	20.864582	9.847734	9.287842	1.3717772960662842
145	Gene_146	h1	1	20.864582	9.847734	9.287842	3.9830892086029053
146	Gene_147	h0	shared	48.231384	4.7927475	8.180628	1.1188803
146	Gene_147	h1	0	53.76741	8.135136	9.412661	0.6949935555458069
146	Gene_147	h1	1	53.76741	8.135136	9.412661	3.7493879795074463
147	Gene_148	h0	shared	97.55997	4.2454543	7.8767676	0.171098
147	Gene_148	h1	0	210.53075	7.6943536	9.191445	-0.2869705855846405
147	Gene_148	h1	1	210.53075	7.6943536	9.191445	3.1516733169555664
148	Gene_149	h0	shared	33.654465	4.2767763	8.102598	0.29310063
148	Gene_149	h1	0	185.1641	7.8112755	9.465676	-0.09629382938146591
148	Gene_149	h1	1	185.1641	7.8112755	9.465676	3.3080058097839355
149	Gene_150	h0	shared	40.86819	3.414686	7.740743	1.777228
149	Gene_150	h1	0	29.224373	7.767727	9.6165695	1.144236445426941
149	Gene_150	h1	1	29.224373	7.767727	9.6165695	5.788597583770752
150	Gene_151	h0	shared	115.27392	3.4754438	8.295448	1.5485271
150	Gene_151	h1	0	377.16385	12.792122	11.484203	0.6886823773384094
150	Gene_151	h1	1	377.16385	12.792122	11.484203	6.6002421379089355
151	Gene_152	h0	shared	25.844791	8.787187	11.079697	3.171317
151	Gene_152	h1	0	17.773554	13.662769	12.235751	2.760045051574707
151	Gene_152	h1	1	17.773554	13.662769	12.235751	5.1567702293396
152	Gene_153	h0	shared	120.94793	3.1965728	7.4707785	0.88933706
152	Gene_153	h1	0	373.9695	6.5779986	9.016968	0.03865273669362068
152	Gene_153	h1	1	373.9695	6.5779986	9.016968	4.681877613067627
153	Gene_154	h0	shared	25.617449	5.190956	9.08493	2.6027715
153	Gene_154	h1	0	24.679552	7.1689687	9.9243965	2.2565855979919434
153	Gene_154	h1	1	24.679552	7.1689687	9.9243965	4.760480880737305
154	Gene_155	h0	shared	45.813263	3.5343335	7.517648	-0.0901711
154	Gene_155	h1	0	21.103144	9.772551	9.336922	-0.5635983347892761
154	Gene_155	h1	1	21.103144	9.772551	9.336922	4.218137264251709
155	Gene_156	h0	shared	74.917366	4.8512177	8.431982	1.1030105
155	Gene_156	h1	0	248.11838	6.8883553	9.314108	0.744154691696167
155	Gene_156	h1	1	248.11838	6.8883553	9.314108	3.51381516456604
156	Gene_157	h0	shared	64.66166	5.313228	8.56366	1.6280826
156	Gene_157	h1	0	240.63599	11.361436	10.630843	1.178533673286438
156	Gene_157	h1	1	240.63599	11.361436	10.630843	4.4131574630737305
157	Gene_158	h0	shared	52.58441	7.446224	9.347182	1.7019708
157	Gene_158	h1	0	80.73702	13.123183	10.890148	1.2621020078659058
157	Gene_158	h1	1	80.73702	13.123183	10.890148	3.8308193683624268
158	Gene_159	h0	shared	107.43097	6.3894906	8.933879	0.41889328
158	Gene_159	h1	0	299.05823	9.850196	9.982673	0.005511756986379623
158	Gene_159	h1	1	299.05823	9.850196	9.982673	2.5089354515075684
159	Gene_160	h0	shared	132.87021	4.333785	7.888877	0.4529858
159	Gene_160	h1	0	73.56979	9.83566	9.685758	0.012352834455668926
159	Gene_160	h1	1	73.56979	9.83566	9.685758	3.614678382873535
160	Gene_161	h0	shared	102.98909	2.7457933	6.8938193	0.7730925
160	Gene_161	h1	0	374.7782	13.908318	10.157753	-0.17553073167800903
160	Gene_161	h1	1	374.7782	13.908318	10.157753	6.252346038818359
161	Gene_162	h0	shared	59.369198	3.5017128	7.627608	1.1744246
161	Gene_162	h1	0	203.0614	8.296732	9.4343605	0.5022221207618713
161	Gene_162	h1	1	203.0614	8.296732	9.4343605	5.049434661865234
162	Gene_163	h0	shared	59.47758	6.656043	9.0545225	-0.62390476
162	Gene_163	h1	0	393.99356	9.009258	9.934763	-0.9297306537628174
162	Gene_163	h1	1	393.99356	9.009258	9.934763	0.864801824092865
163	Gene_164	h0	shared	13.003626	8.732301	10.14998	2.1401703
163	Gene_164	h1	0	7.8721094	15.842742	11.219116	1.751617431640625
163	Gene_164	h1	1	7.8721094	15.842742	11.219116	4.395579814910889
164	Gene_165	h0	shared	13.79906	3.2539814	8.0655365	1.9644998
164	Gene_165	h1	0	8.824818	16.013876	11.716354	1.093214511871338
164	Gene_165	h1	1	8.824818	16.013876	11.716354	7.555563926696777
165	Gene_166	h0	shared	44.616226	7.2018323	9.605378	0.619714
165	Gene_166	h1	0	337.7169	9.383243	10.373397	0.2712447941303253
165	Gene_166	h1	1	337.7169	9.383243	10.373397	2.3529343605041504
166	Gene_167	h0	shared	309.07706	4.8334193	9.287138	-0.21501578
166	Gene_167	h1	0	449.8756	11.034056	11.439533	-0.7155537009239197
166	Gene_167	h1	1	449.8756	11.034056	11.439533	3.140765428543091
167	Gene_168	h0	shared	42.91917	3.7723496	8.268885	0.6730503
167	Gene_168	h1	0	59.087143	7.931444	10.027382	0.027938975021243095
167	Gene_168	h1	1	59.087143	7.931444	10.027382	4.508371353149414
168	Gene_169	h0	shared	28.054262	7.802551	9.018544	1.1413872
168	Gene_169	h1	0	279.13278	9.439512	9.603424	0.8586540818214417
168	Gene_169	h1	1	279.13278	9.439512	9.603424	2.415463924407959
169	Gene_170	h0	shared	84.00131	18.43189	11.366892	-1.7344701
169	Gene_170	h1	0	249.17635	21.959713	11.464293	-2.0161545276641846
169	Gene_170	h1	1	249.17635	21.959713	11.464293	-0.41336679458618164
170	Gene_171	h0	shared	37.486317	4.242915	7.758866	1.9638314
170	Gene_171	h1	0	39.86348	5.6250014	8.292199	1.6215704679489136
170	Gene_171	h1	1	39.86348	5.6250014	8.292199	4.3794097900390625
171	Gene_172	h0	shared	29.888021	7.384355	8.911274	1.5587128
171	Gene_172	h1	0	59.21599	11.22074	10.144147	1.218963384628296
171	Gene_172	h1	1	59.21599	11.22074	10.144147	3.272951602935791
172	Gene_173	h0	shared	29.57908	4.8275642	8.773887	2.2655184
172	Gene_173	h1	0	32.667473	6.4052467	9.427342	1.8158793449401855
172	Gene_173	h1	1	32.667473	6.4052467	9.427342	4.632073402404785
173	Gene_174	h0	shared	19.49434	3.2128725	8.232023	0.8048811
173	Gene_174	h1	0	11.9208145	10.617451	10.718762	0.01001030020415783
173	Gene_174	h1	1	11.9208145	10.617451	10.718762	6.063112258911133
174	Gene_175	h0	shared	41.32977	3.9892414	8.670549	0.072536044
174	Gene_175	h1	0	46.389683	9.239774	10.843014	-0.5630727410316467
174	Gene_175	h1	1	46.389683	9.239774	10.843014	3.668686628341675
175	Gene_176	h0	shared	22.567581	5.638899	9.9935665	4.155376
175	Gene_176	h1	0	14.927582	12.93705	12.099368	3.572284460067749
175	Gene_176	h1	1	14.927582	12.93705	12.099368	7.424476146697998
176	Gene_177	h0	shared	353.8262	4.886953	8.525709	-0.9648789
176	Gene_177	h1	0	427.043	7.9018145	9.692244	-1.3839390277862549
176	Gene_177	h1	1	427.043	7.9018145	9.692244	1.5041519403457642
177	Gene_178	h0	shared	30.565533	4.1427417	8.123163	2.1929693
177	Gene_178	h1	0	21.036026	9.310726	9.982452	1.6533374786376953
177	Gene_178	h1	1	21.036026	9.310726	9.982452	5.682509422302246
178	Gene_179	h0	shared	38.968983	4.4376397	7.91254	-0.094471976
178	Gene_179	h1	0	419.2134	6.4757895	8.7641535	-0.4922131597995758
178	Gene_179	h1	1	419.2134	6.4757895	8.7641535	2.4052536487579346
179	Gene_180	h0	shared	109.90171	6.8450007	9.372165	1.7025992
179	Gene_180	h1	0	252.13278	7.016174	9.494502	1.6125612258911133
179	Gene_180	h1	1	252.13278	7.016174	9.494502	2.1352438926696777
180	Gene_181	h0	shared	147.83095	5.480207	8.164998	0.8696508
180	Gene_181	h1	0	434.34998	5.8942175	8.335636	0.662717342376709
180	Gene_181	h1	1	434.34998	5.8942175	8.335636	1.9519542455673218
181	Gene_182	h0	shared	88.99423	3.5234838	7.3010063	0.61967766
181	Gene_182	h1	0	236.94698	11.496337	9.79925	0.03292752057313919
181	Gene_182	h1	1	236.94698	11.496337	9.79925	4.881584167480469
182	Gene_183	h0	shared	94.63666	3.9711688	7.793336	2.1888804
182	Gene_183	h1	0	293.78732	6.2865806	8.739491	1.6427148580551147
182	Gene_183	h1	1	293.78732	6.2865806	8.739491	5.175723075866699
183	Gene_184	h0	shared	69.36608	6.092485	9.206136	1.1081958
183	Gene_184	h1	0	402.3769	8.110244	9.967042	0.7537873387336731
183	Gene_184	h1	1	402.3769	8.110244	9.967042	3.1078484058380127
184	Gene_185	h0	shared	43.806377	8.252043	10.693084	3.9584248
184	Gene_185	h1	0	28.225548	13.410344	11.853016	3.4822888374328613
184	Gene_185	h1	1	28.225548	13.410344	11.853016	6.259094715118408
185	Gene_186	h0	shared	120.08524	5.4436097	9.270353	2.39687
185	Gene_186	h1	0	525.8425	7.7932124	10.207182	1.991126298904419
185	Gene_186	h1	1	525.8425	7.7932124	10.207182	4.778996467590332
186	Gene_187	h0	shared	62.37386	3.8055568	7.6389422	0.40724307
186	Gene_187	h1	0	283.69348	8.488403	9.419061	-0.08454231172800064
186	Gene_187	h1	1	283.69348	8.488403	9.419061	4.098780155181885
187	Gene_188	h0	shared	29.652798	3.2586837	8.111584	1.3666759
187	Gene_188	h1	0	39.271305	5.3355618	9.096836	0.7148098349571228
187	Gene_188	h1	1	39.271305	5.3355618	9.096836	5.172581195831299
188	Gene_189	h0	shared	35.766453	4.4444137	7.8163066	1.8628588
188	Gene_189	h1	0	18.326473	15.406535	10.377934	1.2617143392562866
188	Gene_189	h1	1	18.326473	15.406535	10.377934	5.468432903289795
189	Gene_190	h0	shared	31.581747	4.197084	8.019651	1.6965547
189	Gene_190	h1	0	31.49612	9.03878	10.111198	1.2016565799713135
189	Gene_190	h1	1	31.49612	9.03878	10.111198	4.748350143432617
190	Gene_191	h0	shared	95.60403	3.5541291	7.4844613	1.3986824
190	Gene_191	h1	0	491.12128	10.298167	9.853082	0.7966752052307129
190	Gene_191	h1	1	491.12128	10.298167	9.853082	5.575832843780518
191	Gene_192	h0	shared	120.45159	3.2471006	8.029736	0.31151062
191	Gene_192	h1	0	193.5605	7.1381955	9.62655	-0.4591076970100403
191	Gene_192	h1	1	193.5605	7.1381955	9.62655	5.091150283813477
192	Gene_193	h0	shared	41.797142	6.6052647	9.063769	1.6306314
192	Gene_193	h1	0	39.273438	10.478958	10.314811	1.2417950630187988
192	Gene_193	h1	1	39.273438	10.478958	10.314811	3.506289005279541
193	Gene_194	h0	shared	12.703195	4.7205606	8.592563	1.7804438
193	Gene_194	h1	0	2.4509673	35.699177	8.326482	1.5331614017486572
193	Gene_194	h1	1	2.4509673	35.699177	8.326482	5.868040084838867
194	Gene_195	h0	shared	152.15997	4.573639	7.804361	0.4990687
194	Gene_195	h1	0	429.31726	10.622705	9.636093	0.15802060067653656
194	Gene_195	h1	1	429.31726	10.622705	9.636093	3.520674705505371
195	Gene_196	h0	shared	50.213062	4.048993	8.49481	2.555869
195	Gene_196	h1	0	54.214184	9.336661	10.625956	1.986509919166565
195	Gene_196	h1	1	54.214184	9.336661	10.625956	6.126502513885498
196	Gene_197	h0	shared	34.29747	4.144526	8.320671	1.7112802
196	Gene_197	h1	0	44.01401	9.181256	10.519799	1.0675922632217407
196	Gene_197	h1	1	44.01401	9.181256	10.519799	5.239397048950195
197	Gene_198	h0	shared	29.622461	3.9250991	8.364505	1.754572
197	Gene_198	h1	0	25.485237	8.435723	10.007394	1.2215951681137085
197	Gene_198	h1	1	25.485237	8.435723	10.007394	5.7421393394470215
198	Gene_199	h0	shared	31.451899	4.471756	7.7874646	1.6780134
198	Gene_199	h1	0	13.0556555	14.227041	10.102628	1.2324588298797607
198	Gene_199	h1	1	13.0556555	14.227041	10.102628	4.931300163269043
199	Gene_200	h0	shared	33.730453	5.316219	9.177596	2.6193302
199	Gene_200	h1	0	23.8413	12.202578	11.368655	2.1479923725128174
199	Gene_200	h1	1	23.8413	12.202578	11.368655	5.797720909118652
200	Gene_201	h0	shared	57.915592	9.734889	10.735531	-0.21522674
200	Gene_201	h1	0	340.51938	13.879343	11.89142	-0.5757505893707275
200	Gene_201	h1	1	340.51938	13.879343	11.89142	1.439025640487671
201	Gene_202	h0	shared	69.77774	3.7677708	7.870903	-0.04152816
201	Gene_202	h1	0	64.45222	6.1976037	8.670648	-0.4670164883136749
201	Gene_202	h1	1	64.45222	6.1976037	8.670648	3.4493820667266846
202	Gene_203	h0	shared	30.450377	3.7850368	8.599138	1.6616263
202	Gene_203	h1	0	23.297625	9.232865	10.449935	1.0938704013824463
202	Gene_203	h1	1	23.297625	9.232865	10.449935	6.017801284790039
203	Gene_204	h0	shared	50.27537	4.6675224	7.4051023	1.0013068
203	Gene_204	h1	0	17.46766	19.413698	10.542943	0.5639487504959106
203	Gene_204	h1	1	17.46766	19.413698	10.542943	4.416046142578125
204	Gene_205	h0	shared	56.026966	4.008861	8.099092	1.6387178
204	Gene_205	h1	0	166.64108	6.8171353	9.348878	1.086403250694275
204	Gene_205	h1	1	166.64108	6.8171353	9.348878	4.690652847290039
205	Gene_206	h0	shared	97.86235	8.197585	10.435762	2.44956
205	Gene_206	h1	0	220.61372	9.606962	10.98926	2.178990125656128
205	Gene_206	h1	1	220.61372	9.606962	10.98926	3.7228877544403076
206	Gene_207	h0	shared	67.33535	3.247686	8.085647	1.0039471
206	Gene_207	h1	0	157.28735	5.4870377	9.11977	0.45319199562072754
206	Gene_207	h1	1	157.28735	5.4870377	9.11977	5.378763198852539
207	Gene_208	h0	shared	38.387753	5.0071454	8.441937	0.6697329
207	Gene_208	h1	0	140.09026	8.491142	9.845618	0.2202690839767456
207	Gene_208	h1	1	140.09026	8.491142	9.845618	3.2474498748779297
208	Gene_209	h0	shared	58.486507	5.003338	7.593582	1.4243081
208	Gene_209	h1	0	27.738653	12.546659	9.398493	1.0465031862258911
208	Gene_209	h1	1	27.738653	12.546659	9.398493	4.056473731994629
209	Gene_210	h0	shared	27.308441	4.259179	8.685731	0.59934956
209	Gene_210	h1	0	26.181862	7.8649473	10.109813	0.14034198224544525
209	Gene_210	h1	1	26.181862	7.8649473	10.109813	4.015790939331055
210	Gene_211	h0	shared	41.63556	8.032029	9.794521	2.75475
210	Gene_211	h1	0	73.00065	8.864608	10.2277975	2.553375244140625
210	Gene_211	h1	1	73.00065	8.864608	10.2277975	3.6474733352661133
211	Gene_212	h0	shared	26.348333	3.9186788	8.536997	0.78684986
211	Gene_212	h1	0	8.463784	14.721881	10.673485	0.24228790402412415
211	Gene_212	h1	1	8.463784	14.721881	10.673485	5.113081932067871
212	Gene_213	h0	shared	41.081596	3.8416064	7.705203	2.2319727
212	Gene_213	h1	0	390.62973	8.713481	9.718826	1.525108814239502
212	Gene_213	h1	1	390.62973	8.713481	9.718826	5.623222827911377
213	Gene_214	h0	shared	15.242466	5.68661	8.800534	2.6972897
213	Gene_214	h1	0	7.9493265	16.296246	11.128114	2.2608015537261963
213	Gene_214	h1	1	7.9493265	16.296246	11.128114	5.516684055328369
214	Gene_215	h0	shared	26.353672	5.3030663	8.993925	2.433065
214	Gene_215	h1	0	22.506117	12.861923	11.440013	1.8910093307495117
214	Gene_215	h1	1	22.506117	12.861923	11.440013	5.477264881134033
215	Gene_216	h0	shared	48.895287	7.6176505	8.303345	0.3341331
215	Gene_216	h1	0	87.531075	14.454782	9.96739	0.0035012138541787863
215	Gene_216	h1	1	87.531075	14.454782	9.96739	2.12845778465271
216	Gene_217	h0	shared	26.636599	4.78431	8.285506	-0.25070855
216	Gene_217	h1	0	7.705706	19.41442	11.514648	-0.5620286464691162
216	Gene_217	h1	1	7.705706	19.41442	11.514648	3.0223705768585205
217	Gene_218	h0	shared	163.62444	7.431047	8.521462	-0.07506292
217	Gene_218	h1	0	379.4566	10.840414	9.301021	-0.3688962459564209
217	Gene_218	h1	1	379.4566	10.840414	9.301021	1.5313901901245117
218	Gene_219	h0	shared	29.818014	3.7147627	8.240408	0.96051973
218	Gene_219	h1	0	13.263631	11.525183	10.367194	0.397383451461792
218	Gene_219	h1	1	13.263631	11.525183	10.367194	5.351449489593506
219	Gene_220	h0	shared	218.25964	5.1441975	7.7545424	-0.38813844
219	Gene_220	h1	0	490.7474	6.6410294	8.3172865	-0.6920989155769348
219	Gene_220	h1	1	490.7474	6.6410294	8.3172865	1.3053430318832397
220	Gene_221	h0	shared	86.36141	4.0510736	7.5483413	1.3923883
220	Gene_221	h1	0	357.5654	8.926237	9.305123	0.8107361793518066
220	Gene_221	h1	1	357.5654	8.926237	9.305123	4.635183811187744
221	Gene_222	h0	shared	57.463688	6.4744444	9.323778	2.1834452
221	Gene_222	h1	0	115.31515	10.926591	10.894542	1.7495075464248657
221	Gene_222	h1	1	115.31515	10.926591	10.894542	4.464993953704834
222	Gene_223	h0	shared	208.25845	10.590447	11.037565	-1.0416625
222	Gene_223	h1	0	266.08597	20.097872	12.411853	-1.4282453060150146
222	Gene_223	h1	1	266.08597	20.097872	12.411853	1.329923391342163
223	Gene_224	h0	shared	20.467108	5.0344	8.854491	1.5312543
223	Gene_224	h1	0	16.161264	11.154958	10.942013	1.0537660121917725
223	Gene_224	h1	1	16.161264	11.154958	10.942013	4.5232672691345215
224	Gene_225	h0	shared	15.624479	3.6972342	8.574085	3.3709612
224	Gene_225	h1	0	11.604474	10.586007	11.016233	2.4759154319763184
224	Gene_225	h1	1	11.604474	10.586007	11.016233	8.016802787780762
225	Gene_226	h0	shared	37.90795	3.6499152	8.347229	-0.08732786
225	Gene_226	h1	0	30.701744	8.303181	10.213052	-0.6927987337112427
225	Gene_226	h1	1	30.701744	8.303181	10.213052	4.015480995178223
226	Gene_227	h0	shared	24.947086	3.1607223	8.03296	1.1775917
226	Gene_227	h1	0	15.7958355	8.18019	9.631306	0.43109452724456787
226	Gene_227	h1	1	15.7958355	8.18019	9.631306	6.149502277374268
227	Gene_228	h0	shared	47.217636	5.392211	8.70945	1.6911948
227	Gene_228	h1	0	75.97213	11.593088	10.914537	1.199432134628296
227	Gene_228	h1	1	75.97213	11.593088	10.914537	4.530781269073486
228	Gene_229	h0	shared	125.3171	10.361272	9.562688	0.6348785
228	Gene_229	h1	0	336.31464	10.292206	9.575438	0.6116591691970825
228	Gene_229	h1	1	336.31464	10.292206	9.575438	0.7054986953735352
229	Gene_230	h0	shared	97.49114	12.614236	10.374744	-0.91516924
229	Gene_230	h1	0	280.84705	12.791774	10.404436	-1.0522278547286987
229	Gene_230	h1	1	280.84705	12.791774	10.404436	-0.3867243230342865
230	Gene_231	h0	shared	196.78441	4.602986	7.8681207	0.9786778
230	Gene_231	h1	0	1037.165	6.6116805	8.704474	0.5910159349441528
230	Gene_231	h1	1	1037.165	6.6116805	8.704474	3.080350399017334
231	Gene_232	h0	shared	26.812992	4.3184037	8.682841	2.4428444
231	Gene_232	h1	0	16.011677	14.171443	11.309775	1.790510892868042
231	Gene_232	h1	1	16.011677	14.171443	11.309775	6.642151355743408
232	Gene_233	h0	shared	197.89166	7.1853623	8.90547	-0.061861396
232	Gene_233	h1	0	324.74292	12.496587	10.116645	-0.4270029366016388
232	Gene_233	h1	1	324.74292	12.496587	10.116645	1.9948605298995972
233	Gene_234	h0	shared	283.6402	4.552619	8.108571	0.6628739
233	Gene_234	h1	0	394.7215	9.759572	9.987869	0.2138696163892746
233	Gene_234	h1	1	394.7215	9.759572	9.987869	3.577749252319336
234	Gene_235	h0	shared	99.789085	4.597922	9.671855	-1.7046294
234	Gene_235	h1	0	351.3338	16.053484	13.570277	-2.2656099796295166
234	Gene_235	h1	1	351.3338	16.053484	13.570277	2.4579408168792725
235	Gene_236	h0	shared	121.1452	3.5494654	7.9183245	1.0972815
235	Gene_236	h1	0	204.71135	12.430493	10.730119	0.2613045275211334
235	Gene_236	h1	1	204.71135	12.430493	10.730119	5.743559837341309
236	Gene_237	h0	shared	43.2608	4.5947347	7.92755	2.3165274
236	Gene_237	h1	0	162.48679	10.360553	10.014413	1.7745254039764404
236	Gene_237	h1	1	162.48679	10.360553	10.014413	5.454281806945801
237	Gene_238	h0	shared	33.58201	3.0038042	7.7694325	1.8181921
237	Gene_238	h1	0	33.320248	6.371832	9.243707	1.0171061754226685
237	Gene_238	h1	1	33.320248	6.371832	9.243707	6.540255546569824
238	Gene_239	h0	shared	79.41503	4.4104457	8.306585	0.6704662
238	Gene_239	h1	0	310.12982	8.590691	9.993298	0.13657251000404358
238	Gene_239	h1	1	310.12982	8.590691	9.993298	3.710592031478882
239	Gene_240	h0	shared	44.022488	5.542694	8.457721	0.8977459
239	Gene_240	h1	0	122.17026	13.808327	11.0994215	0.4274395704269409
239	Gene_240	h1	1	122.17026	13.808327	11.0994215	3.7036097049713135
240	Gene_241	h0	shared	33.024387	3.5724263	8.836121	3.261738
240	Gene_241	h1	0	31.17937	5.6096125	9.808257	2.6260159015655518
240	Gene_241	h1	1	31.17937	5.6096125	9.808257	6.835679531097412
241	Gene_242	h0	shared	37.361538	5.3856525	9.414149	2.9443662
241	Gene_242	h1	0	166.47827	11.628083	11.916468	2.3681764602661133
241	Gene_242	h1	1	166.47827	11.628083	11.916468	6.051896572113037
242	Gene_243	h0	shared	33.61292	4.3997426	8.553105	3.1564457
242	Gene_243	h1	0	38.33494	4.91565	8.809565	2.9023749828338623
242	Gene_243	h1	1	38.33494	4.91565	8.809565	4.838613986968994
243	Gene_244	h0	shared	24.047602	7.987947	9.512047	2.368715
243	Gene_244	h1	0	102.77837	10.02809	10.4978075	2.0474953651428223
243	Gene_244	h1	1	102.77837	10.02809	10.4978075	3.813744068145752
244	Gene_245	h0	shared	52.3842	4.4170923	8.532817	0.8085568
244	Gene_245	h1	0	550.00214	7.5840683	9.799425	0.30546703934669495
244	Gene_245	h1	1	550.00214	7.5840683	9.799425	3.6994733810424805
245	Gene_246	h0	shared	22.789526	6.9076476	9.861892	2.0051155
245	Gene_246	h1	0	26.884346	8.89369	10.551237	1.6518754959106445
245	Gene_246	h1	1	26.884346	8.89369	10.551237	3.8433175086975098
246	Gene_247	h0	shared	61.559322	6.0102024	8.960606	1.2749842
246	Gene_247	h1	0	510.0343	8.925142	10.050403	0.8652510643005371
246	Gene_247	h1	1	510.0343	8.925142	10.050403	3.2699637413024902
247	Gene_248	h0	shared	106.43509	4.346712	8.208757	1.6309953
247	Gene_248	h1	0	229.76619	8.444977	9.882328	1.1281427145004272
247	Gene_248	h1	1	229.76619	8.444977	9.882328	4.67406702041626
248	Gene_249	h0	shared	27.383362	5.347306	8.221355	1.6795242
248	Gene_249	h1	0	24.26685	10.953775	9.84696	1.2751433849334717
248	Gene_249	h1	1	24.26685	10.953775	9.84696	4.369145393371582
249	Gene_250	h0	shared	91.51268	4.4407535	8.093484	0.8265753
249	Gene_250	h1	0	364.39453	7.6039977	9.310297	0.38073092699050903
249	Gene_250	h1	1	364.39453	7.6039977	9.310297	3.625379800796509
250	Gene_251	h0	shared	91.9714	4.5298295	7.785351	1.3715066
250	Gene_251	h1	0	548.17566	7.7788553	8.957875	0.9740698933601379
250	Gene_251	h1	1	548.17566	7.7788553	8.957875	4.142240047454834
251	Gene_252	h0	shared	206.79765	6.248003	8.125554	0.002225312
251	Gene_252	h1	0	361.51523	11.159613	9.425869	-0.3796842396259308
251	Gene_252	h1	1	361.51523	11.159613	9.425869	2.0797672271728516
252	Gene_253	h0	shared	116.14494	5.8944616	8.547881	-0.4139057
252	Gene_253	h1	0	512.3019	9.221816	9.542845	-0.7838389277458191
252	Gene_253	h1	1	512.3019	9.221816	9.542845	1.753934621810913
253	Gene_254	h0	shared	48.666584	4.740298	8.926179	0.37444323
253	Gene_254	h1	0	89.12006	9.01199	10.66739	-0.15478987991809845
253	Gene_254	h1	1	89.12006	9.01199	10.66739	3.3602347373962402
254	Gene_255	h0	shared	144.44067	3.9002688	7.324174	0.72269285
254	Gene_255	h1	0	453.7592	9.145291	9.150727	0.14498542249202728
254	Gene_255	h1	1	453.7592	9.145291	9.150727	3.970879554748535
255	Gene_256	h0	shared	26.032347	4.3626776	7.9649467	1.8693868
255	Gene_256	h1	0	357.52637	7.891191	9.61727	1.3164539337158203
255	Gene_256	h1	1	357.52637	7.891191	9.61727	4.862253189086914
256	Gene_257	h0	shared	44.24611	5.3182516	8.762887	1.1989789
256	Gene_257	h1	0	83.22172	7.23196	9.529464	0.8168860673904419
256	Gene_257	h1	1	83.22172	7.23196	9.529464	3.3301475048065186
257	Gene_258	h0	shared	18.460459	4.3817472	8.818041	2.4517279
257	Gene_258	h1	0	13.754786	7.969811	10.116888	1.958221673965454
257	Gene_258	h1	1	13.754786	7.969811	10.116888	5.597365379333496
258	Gene_259	h0	shared	64.498024	6.8231673	8.847622	1.3431383
258	Gene_259	h1	0	284.71558	7.723817	9.236914	1.1058969497680664
258	Gene_259	h1	1	284.71558	7.723817	9.236914	2.4133834838867188
259	Gene_260	h0	shared	48.31668	6.8896027	8.656962	1.3338659
259	Gene_260	h1	0	152.93727	10.156915	9.517149	0.9580528140068054
259	Gene_260	h1	1	152.93727	10.156915	9.517149	3.2790472507476807
260	Gene_261	h0	shared	25.11338	9.652654	10.063278	0.25042284
260	Gene_261	h1	0	78.86303	9.639751	10.244714	0.173662006855011
260	Gene_261	h1	1	78.86303	9.639751	10.244714	0.4557201862335205
261	Gene_262	h0	shared	216.63365	3.706637	7.469138	0.8470615
261	Gene_262	h1	0	453.1855	7.1966424	8.786467	0.36697518825531006
261	Gene_262	h1	1	453.1855	7.1966424	8.786467	4.125099182128906
262	Gene_263	h0	shared	97.925735	5.5234966	8.128737	0.9220705
262	Gene_263	h1	0	321.60944	7.8283243	9.004112	0.6173139810562134
262	Gene_263	h1	1	321.60944	7.8283243	9.004112	2.6298747062683105
263	Gene_264	h0	shared	28.54492	5.0964184	8.158973	1.2012286
263	Gene_264	h1	0	6.2381682	23.804937	10.580077	0.7351571321487427
263	Gene_264	h1	1	6.2381682	23.804937	10.580077	4.487789154052734
264	Gene_265	h0	shared	53.418407	3.4525437	7.390923	0.15268475
264	Gene_265	h1	0	74.40557	8.950988	9.180733	-0.45294925570487976
264	Gene_265	h1	1	74.40557	8.950988	9.180733	4.3816375732421875
265	Gene_266	h0	shared	32.72857	5.0831885	9.290264	0.78562546
265	Gene_266	h1	0	83.99498	7.644843	10.547835	0.3729161024093628
265	Gene_266	h1	1	83.99498	7.644843	10.547835	3.2369210720062256
266	Gene_267	h0	shared	23.453806	8.262523	9.657484	2.297248
266	Gene_267	h1	0	11.180695	15.160676	10.710035	1.908670425415039
266	Gene_267	h1	1	11.180695	15.160676	10.710035	4.3663649559021
267	Gene_268	h0	shared	37.621956	3.5776005	8.194561	1.4142025
267	Gene_268	h1	0	507.67194	5.9005566	9.412044	0.7834094166755676
267	Gene_268	h1	1	507.67194	5.9005566	9.412044	5.159426689147949
268	Gene_269	h0	shared	182.96454	4.7664275	8.697615	-0.6330821
268	Gene_269	h1	0	314.37048	7.4837747	9.861239	-1.0490444898605347
268	Gene_269	h1	1	314.37048	7.4837747	9.861239	1.8931126594543457
269	Gene_270	h0	shared	39.058754	6.7247834	9.6196	2.624337
269	Gene_270	h1	0	41.382103	8.638987	10.26457	2.2863690853118896
269	Gene_270	h1	1	41.382103	8.638987	10.26457	4.382720947265625
270	Gene_271	h0	shared	67.316666	3.8800206	7.152777	-0.17433713
270	Gene_271	h1	0	561.0161	6.303966	8.10041	-0.6567458510398865
270	Gene_271	h1	1	561.0161	6.303966	8.10041	2.4197750091552734
271	Gene_272	h0	shared	83.899315	4.4862986	8.185002	2.0982542
271	Gene_272	h1	0	433.22473	7.6880226	9.563939	1.566921353340149
271	Gene_272	h1	1	433.22473	7.6880226	9.563939	4.73721170425415
272	Gene_273	h0	shared	131.16039	5.648506	8.925466	0.73530966
272	Gene_273	h1	0	420.92563	10.53085	10.584849	0.34296005964279175
272	Gene_273	h1	1	420.92563	10.53085	10.584849	3.094778060913086
273	Gene_274	h0	shared	16.753399	7.44123	9.212615	0.35699514
273	Gene_274	h1	0	16.040997	8.41802	9.48233	0.1462647169828415
273	Gene_274	h1	1	16.040997	8.41802	9.48233	1.4403660297393799
274	Gene_275	h0	shared	30.225729	3.8442893	7.751337	0.9592723
274	Gene_275	h1	0	13.813186	16.966057	11.504916	0.32569193840026855
274	Gene_275	h1	1	13.813186	16.966057	11.504916	4.910513401031494
275	Gene_276	h0	shared	151.18108	3.3268504	7.619086	0.052615374
275	Gene_276	h1	0	388.22556	6.6907372	9.025835	-0.5943940877914429
275	Gene_276	h1	1	388.22556	6.6907372	9.025835	4.157155513763428
276	Gene_277	h0	shared	30.807135	3.754414	8.001272	1.1609094
276	Gene_277	h1	0	76.29403	6.188146	9.254115	0.6463462710380554
276	Gene_277	h1	1	76.29403	6.188146	9.254115	4.169748783111572
277	Gene_278	h0	shared	36.95982	4.9974627	9.216676	2.0350134
277	Gene_278	h1	0	298.3055	9.273903	11.336324	1.5238136053085327
277	Gene_278	h1	1	298.3055	9.273903	11.336324	4.909538745880127
278	Gene_279	h0	shared	55.649548	4.9603486	8.83605	2.0108058
278	Gene_279	h1	0	175.85631	8.012035	10.257192	1.591464638710022
278	Gene_279	h1	1	175.85631	8.012035	10.257192	4.388162612915039
279	Gene_280	h0	shared	118.3122	5.355652	8.937772	1.7489457
279	Gene_280	h1	0	335.77908	9.686695	10.601496	1.2565877437591553
279	Gene_280	h1	1	335.77908	9.686695	10.601496	4.310184478759766
280	Gene_281	h0	shared	123.08402	3.6115255	7.8963056	0.7148312
280	Gene_281	h1	0	345.8976	6.759903	9.156646	0.13152846693992615
280	Gene_281	h1	1	345.8976	6.759903	9.156646	4.508164405822754
281	Gene_282	h0	shared	49.84753	3.7750845	8.185236	-0.3889551
281	Gene_282	h1	0	39.634346	11.604244	10.692833	-0.9623536467552185
281	Gene_282	h1	1	39.634346	11.604244	10.692833	3.7886908054351807
282	Gene_283	h0	shared	176.50839	5.6516	8.656913	2.2358396
282	Gene_283	h1	0	540.1981	7.8376026	9.417143	1.8666942119598389
282	Gene_283	h1	1	540.1981	7.8376026	9.417143	4.402120113372803
283	Gene_284	h0	shared	111.36843	6.89731	9.675506	0.0034008406
283	Gene_284	h1	0	405.77924	8.120886	10.135405	-0.2915315330028534
283	Gene_284	h1	1	405.77924	8.120886	10.135405	1.4529662132263184
284	Gene_285	h0	shared	150.397	3.7155092	8.083048	0.5064561
284	Gene_285	h1	0	682.75195	6.2097387	9.084093	0.0659901350736618
284	Gene_285	h1	1	682.75195	6.2097387	9.084093	4.072690486907959
285	Gene_286	h0	shared	24.374283	8.444386	9.723502	2.5842624
285	Gene_286	h1	0	19.635082	11.021622	10.430225	2.2929868698120117
285	Gene_286	h1	1	19.635082	11.021622	10.430225	3.914527177810669
286	Gene_287	h0	shared	32.44147	6.612592	8.852995	1.762547
286	Gene_287	h1	0	51.515972	8.425831	9.46	1.401256799697876
286	Gene_287	h1	1	51.515972	8.425831	9.46	3.4976162910461426
287	Gene_288	h0	shared	183.6105	4.1525044	8.459112	-0.67070276
287	Gene_288	h1	0	362.26944	6.4429674	9.431921	-1.0735849142074585
287	Gene_288	h1	1	362.26944	6.4429674	9.431921	2.26523494720459
288	Gene_289	h0	shared	34.62769	7.266985	9.885742	1.9544584
288	Gene_289	h1	0	180.28563	7.89	10.334948	1.744248628616333
288	Gene_289	h1	1	180.28563	7.89	10.334948	2.9167368412017822
289	Gene_290	h0	shared	16.734007	4.5102797	8.384316	1.5358576
289	Gene_290	h1	0	13.946827	8.733923	9.8197975	1.0574960708618164
289	Gene_290	h1	1	13.946827	8.733923	9.8197975	4.650982856750488
290	Gene_291	h0	shared	79.940636	4.2063284	7.935825	0.58038646
290	Gene_291	h1	0	66.001335	13.157548	10.396468	0.020936399698257446
290	Gene_291	h1	1	66.001335	13.157548	10.396468	4.4385666847229
291	Gene_292	h0	shared	98.82182	3.8476174	7.9813356	-1.0069888
291	Gene_292	h1	0	72.052	16.532154	11.391091	-1.3846522569656372
291	Gene_292	h1	1	72.052	16.532154	11.391091	3.2449944019317627
292	Gene_293	h0	shared	36.506058	9.124515	9.824112	1.8337995
292	Gene_293	h1	0	25.310825	12.285907	10.5358095	1.5355920791625977
292	Gene_293	h1	1	25.310825	12.285907	10.5358095	3.2693088054656982
293	Gene_294	h0	shared	20.282118	5.7903004	9.0973425	2.2632995
293	Gene_294	h1	0	12.459818	15.430831	11.554229	1.6933059692382812
293	Gene_294	h1	1	12.459818	15.430831	11.554229	5.505834579467773
294	Gene_295	h0	shared	21.236826	4.3389277	8.626519	1.6370767
294	Gene_295	h1	0	17.082888	8.380731	9.997874	1.106467366218567
294	Gene_295	h1	1	17.082888	8.380731	9.997874	5.087090015411377
295	Gene_296	h0	shared	36.668663	3.8193738	8.005481	1.1772274
295	Gene_296	h1	0	50.29178	8.079301	9.68684	0.5927901864051819
295	Gene_296	h1	1	50.29178	8.079301	9.68684	4.886360168457031
296	Gene_297	h0	shared	32.220078	5.401856	9.485077	1.0154924
296	Gene_297	h1	0	19.087942	13.606539	11.730386	0.5512720346450806
296	Gene_297	h1	1	19.087942	13.606539	11.730386	4.076371669769287
297	Gene_298	h0	shared	47.196556	6.8887978	9.112822	2.025371
297	Gene_298	h1	0	396.13962	9.122444	10.070082	1.7127712965011597
297	Gene_298	h1	1	396.13962	9.122444	10.070082	3.4762113094329834
298	Gene_299	h0	shared	24.45321	5.077541	8.481586	1.3464882
298	Gene_299	h1	0	16.566628	8.904454	9.773369	0.8816774487495422
298	Gene_299	h1	1	16.566628	8.904454	9.773369	3.7994062900543213
299	Gene_300	h0	shared	108.32003	4.9463515	8.117596	0.3971632
299	Gene_300	h1	0	66.165405	12.531343	10.405561	-0.03414241597056389
299	Gene_300	h1	1	66.165405	12.531343	10.405561	3.248626232147217
300	Gene_301	h0	shared	62.83441	6.713896	9.509348	1.5560849
300	Gene_301	h1	0	169.26724	10.381795	10.915978	1.1316590309143066
300	Gene_301	h1	1	169.26724	10.381795	10.915978	3.405031204223633
301	Gene_302	h0	shared	124.342514	3.8401816	7.6260695	1.8783027
301	Gene_302	h1	0	496.26614	5.1823983	8.167531	1.4732481241226196
301	Gene_302	h1	1	496.26614	5.1823983	8.167531	4.637165546417236
302	Gene_303	h0	shared	10.627513	4.4165792	7.9259243	1.611891
302	Gene_303	h1	0	6.687274	16.490322	10.428967	1.1196287870407104
302	Gene_303	h1	1	6.687274	16.490322	10.428967	5.340468883514404
303	Gene_304	h0	shared	67.0368	5.452482	8.193463	0.65386856
303	Gene_304	h1	0	52.997036	12.348207	9.994059	0.23536713421344757
303	Gene_304	h1	1	52.997036	12.348207	9.994059	3.274078845977783
304	Gene_305	h0	shared	38.330555	9.702168	9.920365	2.345136
304	Gene_305	h1	0	20.31598	17.587166	11.154578	1.941635012626648
304	Gene_305	h1	1	20.31598	17.587166	11.154578	4.362924575805664
305	Gene_306	h0	shared	94.8404	5.0248528	7.490892	0.96945775
305	Gene_306	h1	0	477.67813	6.4474416	8.047046	0.6945655345916748
305	Gene_306	h1	1	477.67813	6.4474416	8.047046	2.5847291946411133
306	Gene_307	h0	shared	27.683949	8.840456	10.881005	2.606871
306	Gene_307	h1	0	85.13329	9.105251	11.323174	2.4778220653533936
306	Gene_307	h1	1	85.13329	9.105251	11.323174	3.145228862762451
307	Gene_308	h0	shared	56.358147	3.5478683	7.927206	-0.051203683
307	Gene_308	h1	0	74.95353	10.976944	10.64924	-0.7135030627250671
307	Gene_308	h1	1	74.95353	10.976944	10.64924	4.253679275512695
308	Gene_309	h0	shared	96.3172	4.0871773	7.3809004	0.068808116
308	Gene_309	h1	0	439.1547	8.315359	8.858762	-0.4291780889034271
308	Gene_309	h1	1	439.1547	8.315359	8.858762	2.9524173736572266
309	Gene_310	h0	shared	52.55324	4.2917213	8.073846	0.44300297
309	Gene_310	h1	0	104.26914	8.777898	9.7982025	-0.02717324160039425
309	Gene_310	h1	1	104.26914	8.777898	9.7982025	3.5228726863861084
310	Gene_311	h0	shared	33.944374	5.7775	11.124635	3.658773
310	Gene_311	h1	0	40.497482	7.2056403	11.870902	3.2349541187286377
310	Gene_311	h1	1	40.497482	7.2056403	11.870902	5.7798309326171875
311	Gene_312	h0	shared	28.910692	5.6967783	8.655011	1.929271
311	Gene_312	h1	0	50.985687	6.946789	9.277145	1.6396377086639404
311	Gene_312	h1	1	50.985687	6.946789	9.277145	3.5212368965148926
312	Gene_313	h0	shared	81.96927	10.456973	11.695305	-2.0059717
312	Gene_313	h1	0	113.24333	15.64975	12.555147	-2.378415822982788
312	Gene_313	h1	1	113.24333	15.64975	12.555147	0.06308426707983017
313	Gene_314	h0	shared	30.465925	4.8941445	9.18899	1.4214752
313	Gene_314	h1	0	24.34376	9.996174	11.009251	0.9071604013442993
313	Gene_314	h1	1	24.34376	9.996174	11.009251	4.576868057250977
314	Gene_315	h0	shared	109.39392	4.600247	8.744014	1.9712614
314	Gene_315	h1	0	266.33664	8.802548	10.46059	1.4306223392486572
314	Gene_315	h1	1	266.33664	8.802548	10.46059	4.908082962036133
315	Gene_316	h0	shared	71.22826	4.2541666	9.009074	0.056850616
315	Gene_316	h1	0	37.89412	14.4346285	12.352841	-0.4515496790409088
315	Gene_316	h1	1	37.89412	14.4346285	12.352841	4.1518354415893555
316	Gene_317	h0	shared	68.53574	8.630913	9.319045	1.939615
316	Gene_317	h1	0	354.03262	10.087241	9.778357	1.6674350500106812
316	Gene_317	h1	1	354.03262	10.087241	9.778357	3.129143476486206
317	Gene_318	h0	shared	74.4407	4.8505707	8.93426	-0.8068548
317	Gene_318	h1	0	13.425556	16.4418	11.97887	-1.2749249935150146
317	Gene_318	h1	1	13.425556	16.4418	11.97887	2.8347628116607666
318	Gene_319	h0	shared	40.99338	6.6830425	9.859856	0.056090463
318	Gene_319	h1	0	298.10443	10.443725	11.248567	-0.3852260410785675
318	Gene_319	h1	1	298.10443	10.443725	11.248567	2.293348789215088
319	Gene_320	h0	shared	50.199707	5.1973763	8.600127	2.0240989
319	Gene_320	h1	0	505.87024	5.6282744	8.903073	1.8083678483963013
319	Gene_320	h1	1	505.87024	5.6282744	8.903073	3.2106709480285645
320	Gene_321	h0	shared	149.08025	5.648073	8.581992	2.7754924
320	Gene_321	h1	0	766.0919	6.570216	8.96146	2.519181489944458
320	Gene_321	h1	1	766.0919	6.570216	8.96146	4.107459545135498
321	Gene_322	h0	shared	40.475822	5.3956685	8.813087	1.0941339
321	Gene_322	h1	0	22.195896	18.311453	12.035821	0.49926167726516724
321	Gene_322	h1	1	22.195896	18.311453	12.035821	4.364589214324951
322	Gene_323	h0	shared	68.35168	3.1686943	7.970623	1.4875194
322	Gene_323	h1	0	361.9195	7.1687083	9.842096	0.8949605822563171
322	Gene_323	h1	1	361.9195	7.1687083	9.842096	5.94978666305542
323	Gene_324	h0	shared	45.4349	5.318979	8.375444	1.911849
323	Gene_324	h1	0	153.51346	8.954055	9.791356	1.4951616525650024
323	Gene_324	h1	1	153.51346	8.954055	9.791356	4.159070014953613
324	Gene_325	h0	shared	37.15746	5.424128	7.895879	1.4291086
324	Gene_325	h1	0	75.03524	12.712705	9.894003	1.0223251581192017
324	Gene_325	h1	1	75.03524	12.712705	9.894003	4.11538028717041
325	Gene_326	h0	shared	67.27838	3.8634229	8.337481	-0.30996647
325	Gene_326	h1	0	186.32434	10.408292	10.744182	-0.8598417043685913
325	Gene_326	h1	1	186.32434	10.408292	10.744182	3.6246814727783203
326	Gene_327	h0	shared	66.93124	8.625644	10.169611	-0.2375083
326	Gene_327	h1	0	280.62952	9.998863	10.604673	-0.5076003074645996
326	Gene_327	h1	1	280.62952	9.998863	10.604673	1.0068483352661133
327	Gene_328	h0	shared	226.19237	5.123667	8.490237	1.2111622
327	Gene_328	h1	0	762.80615	8.119525	9.603333	0.7881380915641785
327	Gene_328	h1	1	762.80615	8.119525	9.603333	3.5638046264648438
328	Gene_329	h0	shared	53.455074	5.7282953	8.977767	2.178781
328	Gene_329	h1	0	102.71636	7.6481786	9.893227	1.8485254049301147
328	Gene_329	h1	1	102.71636	7.6481786	9.893227	3.9037792682647705
329	Gene_330	h0	shared	17.455486	3.8986197	8.222483	2.1799889
329	Gene_330	h1	0	16.498	6.4166555	9.094036	1.5879700183868408
329	Gene_330	h1	1	16.498	6.4166555	9.094036	5.682430744171143
330	Gene_331	h0	shared	14.448622	3.6601617	8.43313	2.721453
330	Gene_331	h1	0	11.483795	9.42238	10.490094	2.0725111961364746
330	Gene_331	h1	1	11.483795	9.42238	10.490094	7.224659442901611
331	Gene_332	h0	shared	42.54401	4.504002	7.579298	1.4194592
331	Gene_332	h1	0	60.99615	10.728457	9.463249	0.9466944932937622
331	Gene_332	h1	1	60.99615	10.728457	9.463249	4.49589204788208
332	Gene_333	h0	shared	22.230743	4.1839085	9.453301	2.7879145
332	Gene_333	h1	0	55.83151	6.2592297	10.758276	2.253655433654785
332	Gene_333	h1	1	55.83151	6.2592297	10.758276	5.908250331878662
333	Gene_334	h0	shared	206.56952	9.941765	10.66027	1.445462
333	Gene_334	h1	0	455.2632	11.83345	11.129325	1.1410719156265259
333	Gene_334	h1	1	455.2632	11.83345	11.129325	2.8239212036132812
334	Gene_335	h0	shared	62.19385	3.3409514	8.168128	0.3634163
334	Gene_335	h1	0	55.502712	9.905514	10.550869	-0.49376779794692993
334	Gene_335	h1	1	55.502712	9.905514	10.550869	5.081705570220947
335	Gene_336	h0	shared	125.369514	3.4473	7.827093	0.8375346
335	Gene_336	h1	0	176.00865	9.329092	10.218532	0.25080958008766174
335	Gene_336	h1	1	176.00865	9.329092	10.218532	4.915493011474609
336	Gene_337	h0	shared	12.893184	9.147316	10.698283	2.9374943
336	Gene_337	h1	0	2.6029763	37.880245	8.347057	2.599031925201416
336	Gene_337	h1	1	2.6029763	37.880245	8.347057	5.75376033782959
337	Gene_338	h0	shared	53.52958	3.4816625	7.6402335	0.6922568
337	Gene_338	h1	0	12.832267	20.852606	11.01458	0.07037468999624252
337	Gene_338	h1	1	12.832267	20.852606	11.01458	5.672868728637695
338	Gene_339	h0	shared	85.323364	4.489151	7.6530437	0.47003752
338	Gene_339	h1	0	296.30435	11.411276	9.901983	-0.03151170164346695
338	Gene_339	h1	1	296.30435	11.411276	9.901983	3.5366604328155518
339	Gene_340	h0	shared	78.94324	3.4040127	7.5785956	-1.0657077
339	Gene_340	h1	0	418.27756	11.759858	10.109492	-1.6935451030731201
339	Gene_340	h1	1	418.27756	11.759858	10.109492	3.625481128692627
340	Gene_341	h0	shared	118.912285	3.6055584	8.589646	-0.8776898
340	Gene_341	h1	0	45.918507	18.381939	12.371887	-1.336403727531433
340	Gene_341	h1	1	45.918507	18.381939	12.371887	4.149129390716553
341	Gene_342	h0	shared	128.85564	4.407859	8.171087	0.40748304
341	Gene_342	h1	0	218.66487	9.294852	9.736341	-0.08793707191944122
341	Gene_342	h1	1	218.66487	9.294852	9.736341	3.598792791366577
342	Gene_343	h0	shared	139.91623	3.8350124	8.289651	0.21384427
342	Gene_343	h1	0	571.8504	6.36929	9.432362	-0.37676897644996643
342	Gene_343	h1	1	571.8504	6.36929	9.432362	3.4567456245422363
343	Gene_344	h0	shared	42.23156	8.830682	9.397378	-0.34617248
343	Gene_344	h1	0	186.75737	10.006849	9.691871	-0.5808103084564209
343	Gene_344	h1	1	186.75737	10.006849	9.691871	0.6525786519050598
344	Gene_345	h0	shared	63.09015	4.1701236	8.082046	1.498674
344	Gene_345	h1	0	21.16598	13.12953	10.808985	0.8319071531295776
344	Gene_345	h1	1	21.16598	13.12953	10.808985	5.169983386993408
345	Gene_346	h0	shared	54.39468	7.641598	8.844925	0.37504753
345	Gene_346	h1	0	249.47986	10.03985	9.549406	0.08432964980602264
345	Gene_346	h1	1	249.47986	10.03985	9.549406	1.8243640661239624
346	Gene_347	h0	shared	35.4745	5.2951493	9.281976	3.367826
346	Gene_347	h1	0	47.917694	9.0779505	10.975901	2.8975977897644043
346	Gene_347	h1	1	47.917694	9.0779505	10.975901	5.961042404174805
347	Gene_348	h0	shared	32.245174	3.6302693	7.9125266	0.42747813
347	Gene_348	h1	0	46.511833	3.6517954	7.9668407	0.40836411714553833
347	Gene_348	h1	1	46.511833	3.6517954	7.9668407	0.494268000125885
348	Gene_349	h0	shared	63.53033	4.492733	8.190338	0.5097135
348	Gene_349	h1	0	337.76794	8.708813	9.627817	0.021327359601855278
348	Gene_349	h1	1	337.76794	8.708813	9.627817	3.5593209266662598
349	Gene_350	h0	shared	18.371725	3.5351386	8.030392	2.02107
349	Gene_350	h1	0	15.197784	7.165396	9.465338	1.448749303817749
349	Gene_350	h1	1	15.197784	7.165396	9.465338	5.935601234436035
350	Gene_351	h0	shared	26.762697	3.8683348	8.458854	2.4903924
350	Gene_351	h1	0	16.269747	10.416133	10.35215	1.8434847593307495
350	Gene_351	h1	1	16.269747	10.416133	10.35215	6.70008659362793
351	Gene_352	h0	shared	29.484426	4.134403	7.849341	1.9750581
351	Gene_352	h1	0	26.503178	5.883445	8.489025	1.5857053995132446
351	Gene_352	h1	1	26.503178	5.883445	8.489025	4.64598274230957
352	Gene_353	h0	shared	76.98704	7.2217884	9.544074	-0.18228076
352	Gene_353	h1	0	400.05573	8.678878	10.025094	-0.49182379245758057
352	Gene_353	h1	1	400.05573	8.678878	10.025094	1.2762000560760498
353	Gene_354	h0	shared	114.10942	3.6760383	7.383998	0.115060344
353	Gene_354	h1	0	362.93185	8.695018	9.168526	-0.4517614245414734
353	Gene_354	h1	1	362.93185	8.695018	9.168526	3.5641775131225586
354	Gene_355	h0	shared	115.754105	3.6915708	7.8774548	-0.34500483
354	Gene_355	h1	0	237.7164	9.873473	10.127528	-0.9736410975456238
354	Gene_355	h1	1	237.7164	9.873473	10.127528	3.5223352909088135
355	Gene_356	h0	shared	24.963652	4.3921204	8.8714285	3.2524688
355	Gene_356	h1	0	43.986725	11.149287	11.641546	2.669050931930542
355	Gene_356	h1	1	43.986725	11.149287	11.641546	7.031965255737305
356	Gene_357	h0	shared	55.073566	7.915559	8.766334	1.5902303
356	Gene_357	h1	0	140.34969	9.589317	9.273827	1.30687415599823
356	Gene_357	h1	1	140.34969	9.589317	9.273827	2.8397281169891357
357	Gene_358	h0	shared	36.308964	5.9305277	8.4625	1.1745906
357	Gene_358	h1	0	54.865547	7.975983	9.205088	0.8211820125579834
357	Gene_358	h1	1	54.865547	7.975983	9.205088	2.8841171264648438
358	Gene_359	h0	shared	56.755447	5.530569	9.059308	1.448326
358	Gene_359	h1	0	37.727184	12.615078	11.093869	0.998221755027771
358	Gene_359	h1	1	37.727184	12.615078	11.093869	4.3091607093811035
359	Gene_360	h0	shared	57.05384	4.2674336	8.777677	2.655514
359	Gene_360	h1	0	64.51851	7.4680448	10.174847	2.1237874031066895
359	Gene_360	h1	1	64.51851	7.4680448	10.174847	5.778076648712158
360	Gene_361	h0	shared	66.852196	3.7805521	8.53795	1.1205654
360	Gene_361	h1	0	56.156715	13.1106615	11.655285	0.5074840784072876
360	Gene_361	h1	1	56.156715	13.1106615	11.655285	5.729060649871826
361	Gene_362	h0	shared	160.92369	4.795788	7.900782	1.4121996
361	Gene_362	h1	0	606.42633	10.719434	9.539674	0.9355887770652771
361	Gene_362	h1	1	606.42633	10.719434	9.539674	4.56871223449707
362	Gene_363	h0	shared	68.341835	5.4070363	8.56677	0.76719725
362	Gene_363	h1	0	262.7869	9.908089	10.128575	0.3085411489009857
362	Gene_363	h1	1	262.7869	9.908089	10.128575	3.296954870223999
363	Gene_364	h0	shared	100.66001	4.646945	8.647914	1.0629406
363	Gene_364	h1	0	331.21786	9.56894	10.647727	0.588549792766571
363	Gene_364	h1	1	331.21786	9.56894	10.647727	4.0670294761657715
364	Gene_365	h0	shared	25.448097	4.52393	7.990479	0.6880273
364	Gene_365	h1	0	18.953959	7.667273	9.146426	0.23581045866012573
364	Gene_365	h1	1	18.953959	7.667273	9.146426	3.3549702167510986
365	Gene_366	h0	shared	62.45767	4.7863126	8.535605	1.6741579
365	Gene_366	h1	0	123.10074	9.26801	10.383446	1.1912643909454346
365	Gene_366	h1	1	123.10074	9.26801	10.383446	4.4558024406433105
366	Gene_367	h0	shared	17.46528	3.4769728	8.379246	1.6850096
366	Gene_367	h1	0	11.849024	9.360414	10.345148	0.9709088206291199
366	Gene_367	h1	1	11.849024	9.360414	10.345148	6.362631320953369
367	Gene_368	h0	shared	49.28119	4.130291	8.152002	0.47470763
367	Gene_368	h1	0	40.72708	6.8925214	9.250194	0.03194614127278328
367	Gene_368	h1	1	40.72708	6.8925214	9.250194	3.322026491165161
368	Gene_369	h0	shared	71.05929	4.108723	8.381369	0.96325105
368	Gene_369	h1	0	126.68273	8.100737	10.011549	0.4744163453578949
368	Gene_369	h1	1	126.68273	8.100737	10.011549	4.408222675323486
369	Gene_370	h0	shared	38.663937	3.7478743	7.9160285	-0.039825536
369	Gene_370	h1	0	7.410455	17.897781	10.942655	-0.4868210554122925
369	Gene_370	h1	1	7.410455	17.897781	10.942655	4.187646389007568
370	Gene_371	h0	shared	17.86167	9.790252	10.980199	3.6389298
370	Gene_371	h1	0	13.963945	11.165066	11.116171	3.3827755451202393
370	Gene_371	h1	1	13.963945	11.165066	11.116171	4.859160900115967
371	Gene_372	h0	shared	83.50605	5.6092978	8.602968	0.5334896
371	Gene_372	h1	0	188.69344	10.635201	10.281155	0.13394702970981598
371	Gene_372	h1	1	188.69344	10.635201	10.281155	2.8924033641815186
372	Gene_373	h0	shared	25.664736	9.115863	11.832583	4.3417163
372	Gene_373	h1	0	19.910234	11.22426	12.425212	4.029988765716553
372	Gene_373	h1	1	19.910234	11.22426	12.425212	5.795901775360107
373	Gene_374	h0	shared	28.59747	10.754961	10.358683	2.0319195
373	Gene_374	h1	0	41.58976	12.034413	10.744735	1.7936899662017822
373	Gene_374	h1	1	41.58976	12.034413	10.744735	3.073439598083496
374	Gene_375	h0	shared	46.892754	6.3803024	9.109379	2.2812626
374	Gene_375	h1	0	71.89934	8.784316	10.075243	1.942421555519104
374	Gene_375	h1	1	71.89934	8.784316	10.075243	4.051321506500244
375	Gene_376	h0	shared	199.558	3.7925794	8.048075	0.8335423
375	Gene_376	h1	0	547.55756	6.390458	9.2227955	0.2693203389644623
375	Gene_376	h1	1	547.55756	6.390458	9.2227955	3.877375841140747
376	Gene_377	h0	shared	15.099834	3.8892748	8.344903	1.532325
376	Gene_377	h1	0	11.757869	9.06468	10.255606	0.8304358720779419
376	Gene_377	h1	1	11.757869	9.06468	10.255606	5.211706638336182
377	Gene_378	h0	shared	50.059704	4.396912	9.012692	1.877791
377	Gene_378	h1	0	110.35531	5.9571495	9.848487	1.4442402124404907
377	Gene_378	h1	1	110.35531	5.9571495	9.848487	4.352737903594971
378	Gene_379	h0	shared	38.707764	5.2158484	8.320588	0.45976353
378	Gene_379	h1	0	120.76053	7.605359	9.241564	0.06584344059228897
378	Gene_379	h1	1	120.76053	7.605359	9.241564	2.573232889175415
379	Gene_380	h0	shared	50.726467	4.5771627	8.227661	0.50088525
379	Gene_380	h1	0	183.8488	7.58829	9.547682	0.04607565328478813
379	Gene_380	h1	1	183.8488	7.58829	9.547682	2.8390655517578125
380	Gene_381	h0	shared	254.49371	3.7879324	7.106846	1.2702385
380	Gene_381	h1	0	478.5637	5.1409087	7.71976	0.8105658888816833
380	Gene_381	h1	1	478.5637	5.1409087	7.71976	3.46425199508667
381	Gene_382	h0	shared	77.198845	3.4110224	8.291532	2.9846408
381	Gene_382	h1	0	157.5839	9.005545	10.723405	2.231461524963379
381	Gene_382	h1	1	157.5839	9.005545	10.723405	7.82193660736084
382	Gene_383	h0	shared	110.22347	7.104008	8.74966	0.65277225
382	Gene_383	h1	0	393.26212	11.097392	9.849696	0.2964068055152893
382	Gene_383	h1	1	393.26212	11.097392	9.849696	2.4945249557495117
383	Gene_384	h0	shared	54.861496	3.8714292	7.8367233	1.377998
383	Gene_384	h1	0	138.77676	7.8824787	9.379331	0.7761609554290771
383	Gene_384	h1	1	138.77676	7.8824787	9.379331	4.908344268798828
384	Gene_385	h0	shared	16.578045	2.8264928	7.848659	1.0567299
384	Gene_385	h1	0	13.298855	7.8039317	9.750045	0.17923663556575775
384	Gene_385	h1	1	13.298855	7.8039317	9.750045	6.7197747230529785
385	Gene_386	h0	shared	52.35219	3.1667738	8.384337	0.66233397
385	Gene_386	h1	0	37.853413	9.836831	10.772706	0.08118951320648193
385	Gene_386	h1	1	37.853413	9.836831	10.772706	5.955635070800781
386	Gene_387	h0	shared	88.54753	3.7203524	7.629948	1.2280729
386	Gene_387	h1	0	177.36424	8.478492	9.3505125	0.7144414782524109
386	Gene_387	h1	1	177.36424	8.478492	9.3505125	5.106100559234619
387	Gene_388	h0	shared	21.083834	3.2641094	8.183894	2.5368953
387	Gene_388	h1	0	11.063615	11.893534	10.875041	1.5755317211151123
387	Gene_388	h1	1	11.063615	11.893534	10.875041	7.650996208190918
388	Gene_389	h0	shared	32.339928	3.495646	8.686448	1.6487916
388	Gene_389	h1	0	35.984524	7.040392	10.495282	0.9181323051452637
388	Gene_389	h1	1	35.984524	7.040392	10.495282	5.838718891143799
389	Gene_390	h0	shared	159.17216	4.17075	8.375347	1.2418627
389	Gene_390	h1	0	291.80325	7.1778517	9.578583	0.7797723412513733
389	Gene_390	h1	1	291.80325	7.1778517	9.578583	4.4525065422058105
390	Gene_391	h0	shared	124.96544	3.986012	7.861496	-0.53331155
390	Gene_391	h1	0	205.37315	11.76463	10.724622	-1.0410723686218262
390	Gene_391	h1	1	205.37315	11.76463	10.724622	2.7037220001220703
391	Gene_392	h0	shared	46.03715	2.4371583	7.4983273	0.5019211
391	Gene_392	h1	0	41.441566	4.4104934	8.27173	-0.47808438539505005
391	Gene_392	h1	1	41.441566	4.4104934	8.27173	6.354983329772949
392	Gene_393	h0	shared	173.30048	3.275069	7.7650385	0.63212806
392	Gene_393	h1	0	215.8925	14.951335	11.385519	-0.017276642844080925
392	Gene_393	h1	1	215.8925	14.951335	11.385519	5.754237174987793
393	Gene_394	h0	shared	39.26127	3.6134026	8.177438	-0.26298222
393	Gene_394	h1	0	106.89177	11.839323	11.338018	-0.8986349105834961
393	Gene_394	h1	1	106.89177	11.839323	11.338018	3.9295029640197754
394	Gene_395	h0	shared	112.19733	5.953382	8.934185	0.48609626
394	Gene_395	h1	0	398.43884	11.964185	10.9128065	0.02679518796503544
394	Gene_395	h1	1	398.43884	11.964185	10.9128065	2.883289337158203
395	Gene_396	h0	shared	82.93	4.1869335	7.5332055	2.6485806
395	Gene_396	h1	0	290.94113	8.0035095	9.075217	2.006274461746216
395	Gene_396	h1	1	290.94113	8.0035095	9.075217	5.356310844421387
396	Gene_397	h0	shared	36.8855	3.1248024	8.178432	1.4391795
396	Gene_397	h1	0	26.862486	10.573208	10.7385845	0.45362839102745056
396	Gene_397	h1	1	26.862486	10.573208	10.7385845	6.949606418609619
397	Gene_398	h0	shared	49.712757	4.0342746	8.689408	3.2093813
397	Gene_398	h1	0	61.190834	9.826693	10.8575945	2.5486338138580322
397	Gene_398	h1	1	61.190834	9.826693	10.8575945	7.5047149658203125
398	Gene_399	h0	shared	169.1359	5.6511683	9.135887	-1.1003608
398	Gene_399	h1	0	214.61423	18.959871	12.524724	-1.473970890045166
398	Gene_399	h1	1	214.61423	18.959871	12.524724	1.941400408744812
399	Gene_400	h0	shared	114.727356	4.741448	8.147309	0.37000117
399	Gene_400	h1	0	557.89624	6.716228	8.871898	0.04716392233967781
399	Gene_400	h1	1	557.89624	6.716228	8.871898	2.637059450149536
400	Gene_401	h0	shared	56.77117	3.826104	8.307987	1.2561536
400	Gene_401	h1	0	67.862946	6.9145107	9.636536	0.6121570467948914
400	Gene_401	h1	1	67.862946	6.9145107	9.636536	4.580654621124268
401	Gene_402	h0	shared	139.6066	4.268952	8.046911	1.1187778
401	Gene_402	h1	0	552.61017	7.6696196	9.287751	0.6271336674690247
401	Gene_402	h1	1	552.61017	7.6696196	9.287751	4.229201793670654
402	Gene_403	h0	shared	30.203117	9.095957	10.075283	3.7889621
402	Gene_403	h1	0	12.60176	17.366585	11.241827	3.426567554473877
402	Gene_403	h1	1	12.60176	17.366585	11.241827	5.788595199584961
403	Gene_404	h0	shared	133.09912	4.777406	7.9830804	1.0488449
403	Gene_404	h1	0	550.7937	7.288924	9.015334	0.652367889881134
403	Gene_404	h1	1	550.7937	7.288924	9.015334	3.0828585624694824
404	Gene_405	h0	shared	24.308722	6.3262725	9.464301	1.657868
404	Gene_405	h1	0	64.87622	8.803753	10.624045	1.2846906185150146
404	Gene_405	h1	1	64.87622	8.803753	10.624045	3.4942312240600586
405	Gene_406	h0	shared	25.190428	4.119971	8.042349	1.7163196
405	Gene_406	h1	0	17.046293	11.026108	10.151659	1.067755103111267
405	Gene_406	h1	1	17.046293	11.026108	10.151659	5.427156925201416
406	Gene_407	h0	shared	88.5997	3.8918965	7.822395	0.44076005
406	Gene_407	h1	0	277.50348	11.974906	10.845537	-0.17855925858020782
406	Gene_407	h1	1	277.50348	11.974906	10.845537	4.012731552124023
407	Gene_408	h0	shared	99.71641	3.4862447	7.61491	0.040003017
407	Gene_408	h1	0	221.15657	6.5887656	8.871638	-0.4128856956958771
407	Gene_408	h1	1	221.15657	6.5887656	8.871638	3.597367525100708
408	Gene_409	h0	shared	37.098377	5.058518	9.376659	2.410194
408	Gene_409	h1	0	35.951187	11.165823	11.58216	1.8773362636566162
408	Gene_409	h1	1	35.951187	11.165823	11.58216	5.771457672119141
409	Gene_410	h0	shared	39.0306	5.554191	8.75424	0.7582081
409	Gene_410	h1	0	27.667704	9.8505335	10.045345	0.38868018984794617
409	Gene_410	h1	1	27.667704	9.8505335	10.045345	3.234682321548462
410	Gene_411	h0	shared	35.672947	4.009761	8.65531	2.7040596
410	Gene_411	h1	0	23.805471	9.778976	10.51471	2.084402084350586
410	Gene_411	h1	1	23.805471	9.778976	10.51471	7.020124912261963
411	Gene_412	h0	shared	22.315714	3.655574	8.1681795	1.7439063
411	Gene_412	h1	0	19.851889	7.409101	9.7459345	1.2544896602630615
411	Gene_412	h1	1	19.851889	7.409101	9.7459345	5.658841609954834
412	Gene_413	h0	shared	78.21939	4.527769	8.485699	2.084048
412	Gene_413	h1	0	527.7332	5.53723	9.012096	1.7694998979568481
412	Gene_413	h1	1	527.7332	5.53723	9.012096	4.091169357299805
413	Gene_414	h0	shared	43.05115	5.01848	8.049946	1.2607231
413	Gene_414	h1	0	288.58826	5.0516176	8.144427	1.193376898765564
413	Gene_414	h1	1	288.58826	5.0516176	8.144427	1.5701698064804077
414	Gene_415	h0	shared	121.88834	4.176325	7.766728	0.27052274
414	Gene_415	h1	0	370.58554	9.10822	9.565636	-0.2146437168121338
414	Gene_415	h1	1	370.58554	9.10822	9.565636	3.5261378288269043
415	Gene_416	h0	shared	25.44161	3.6605983	9.322862	2.8288126
415	Gene_416	h1	0	23.131912	8.651968	11.502016	1.9995132684707642
415	Gene_416	h1	1	23.131912	8.651968	11.502016	7.8509016036987305
416	Gene_417	h0	shared	35.692383	7.2054286	10.241044	2.727068
416	Gene_417	h1	0	34.30941	11.977357	11.711179	2.214165449142456
416	Gene_417	h1	1	34.30941	11.977357	11.711179	5.10149621963501
417	Gene_418	h0	shared	13.99419	11.898479	10.465154	2.5461123
417	Gene_418	h1	0	3.3313282	34.75899	9.292014	2.28367280960083
417	Gene_418	h1	1	3.3313282	34.75899	9.292014	4.676284313201904
418	Gene_419	h0	shared	88.12699	3.3925076	7.5764318	0.21418737
418	Gene_419	h1	0	544.8702	6.569136	8.905964	-0.3327197730541229
418	Gene_419	h1	1	544.8702	6.569136	8.905964	3.8831851482391357
419	Gene_420	h0	shared	64.29625	4.728717	9.134162	2.2008622
419	Gene_420	h1	0	259.68472	9.597929	11.253378	1.6789411306381226
419	Gene_420	h1	1	259.68472	9.597929	11.253378	5.323031902313232
420	Gene_421	h0	shared	60.97923	5.9676147	8.200209	1.2360705
420	Gene_421	h1	0	340.86166	7.689293	8.868413	0.9328925609588623
420	Gene_421	h1	1	340.86166	7.689293	8.868413	2.799588918685913
421	Gene_422	h0	shared	118.23736	5.8688526	9.080019	-0.64160514
421	Gene_422	h1	0	166.30293	10.9416275	10.717753	-1.1117732524871826
421	Gene_422	h1	1	166.30293	10.9416275	10.717753	1.818872094154358
422	Gene_423	h0	shared	22.62858	2.9350338	8.96022	-0.4293468
422	Gene_423	h1	0	19.135063	10.530055	11.731666	-1.188774585723877
422	Gene_423	h1	1	19.135063	10.530055	11.731666	6.122934341430664
423	Gene_424	h0	shared	124.95043	3.8537042	8.371738	0.8091189
423	Gene_424	h1	0	194.82262	10.354514	10.712989	0.23239648342132568
423	Gene_424	h1	1	194.82262	10.354514	10.712989	4.6710991859436035
424	Gene_425	h0	shared	178.2165	4.6512017	8.803595	-0.5062352
424	Gene_425	h1	0	504.49622	6.2774158	9.525954	-0.9140589833259583
424	Gene_425	h1	1	504.49622	6.2774158	9.525954	1.8309180736541748
425	Gene_426	h0	shared	14.311347	5.0942545	8.625159	1.7253108
425	Gene_426	h1	0	8.289672	15.839785	11.378072	1.367654800415039
425	Gene_426	h1	1	8.289672	15.839785	11.378072	4.914364814758301
426	Gene_427	h0	shared	32.11287	4.386476	8.160113	-0.007858027
426	Gene_427	h1	0	166.72551	10.902492	10.307578	-0.4447134733200073
426	Gene_427	h1	1	166.72551	10.902492	10.307578	3.2753231525421143
427	Gene_428	h0	shared	30.053972	4.5258417	8.562268	2.2856383
427	Gene_428	h1	0	40.808952	7.3078933	9.743237	1.8352831602096558
427	Gene_428	h1	1	40.808952	7.3078933	9.743237	4.984790802001953
428	Gene_429	h0	shared	40.800632	6.290563	8.9309635	1.2308577
428	Gene_429	h1	0	70.5491	9.980921	10.408814	0.8489542603492737
428	Gene_429	h1	1	70.5491	9.980921	10.408814	3.0570547580718994
429	Gene_430	h0	shared	89.27671	6.52909	7.8535023	0.07331659
429	Gene_430	h1	0	353.5378	12.292333	9.222154	-0.23041801154613495
429	Gene_430	h1	1	353.5378	12.292333	9.222154	1.9951486587524414
430	Gene_431	h0	shared	32.5365	6.81066	10.209883	3.4047492
430	Gene_431	h1	0	64.97098	11.995698	12.28206	2.9019339084625244
430	Gene_431	h1	1	64.97098	11.995698	12.28206	5.74397611618042
431	Gene_432	h0	shared	224.79733	5.272893	7.719889	-0.26199865
431	Gene_432	h1	0	437.54855	7.8269753	8.525592	-0.6184024810791016
431	Gene_432	h1	1	437.54855	7.8269753	8.525592	1.7450758218765259
432	Gene_433	h0	shared	49.267105	3.2395816	7.8359966	1.577916
432	Gene_433	h1	0	53.483948	5.988305	8.881682	0.9786529541015625
432	Gene_433	h1	1	53.483948	5.988305	8.881682	5.8588972091674805
433	Gene_434	h0	shared	24.264172	4.364619	8.978672	2.8893673
433	Gene_434	h1	0	13.728751	11.22464	10.94607	2.2161214351654053
433	Gene_434	h1	1	13.728751	11.22464	10.94607	6.732059478759766
434	Gene_435	h0	shared	30.243925	3.1931715	7.805832	1.9412684
434	Gene_435	h1	0	20.829233	8.981221	9.77237	1.1057250499725342
434	Gene_435	h1	1	20.829233	8.981221	9.77237	6.651057720184326
435	Gene_436	h0	shared	53.31763	5.0328884	8.271304	1.3104703
435	Gene_436	h1	0	75.289925	7.360918	9.277051	0.9804543256759644
435	Gene_436	h1	1	75.289925	7.360918	9.277051	3.32340669631958
436	Gene_437	h0	shared	40.59903	8.045279	8.732511	0.9434791
436	Gene_437	h1	0	64.1924	12.836677	10.028815	0.6020347476005554
436	Gene_437	h1	1	64.1924	12.836677	10.028815	2.5076591968536377
437	Gene_438	h0	shared	25.419123	4.906666	8.404471	1.0752392
437	Gene_438	h1	0	37.63913	9.142037	9.993836	0.6078916192054749
437	Gene_438	h1	1	37.63913	9.142037	9.993836	3.8082470893859863
438	Gene_439	h0	shared	23.589115	6.266153	9.733262	2.8865871
438	Gene_439	h1	0	14.890964	11.166895	11.035868	2.4066975116729736
438	Gene_439	h1	1	14.890964	11.166895	11.035868	5.307582855224609
439	Gene_440	h0	shared	96.66532	3.4916787	7.6608214	0.7693605
439	Gene_440	h1	0	219.30614	11.744232	10.517363	0.10511720925569534
439	Gene_440	h1	1	219.30614	11.744232	10.517363	5.336529731750488
440	Gene_441	h0	shared	82.69899	5.3589497	9.03956	2.373206
440	Gene_441	h1	0	319.23145	6.664581	9.67529	2.052563190460205
440	Gene_441	h1	1	319.23145	6.664581	9.67529	4.194400787353516
441	Gene_442	h0	shared	83.3219	4.0871363	8.814048	-1.0559968
441	Gene_442	h1	0	252.13147	12.659823	11.733559	-1.5209375619888306
441	Gene_442	h1	1	252.13147	12.659823	11.733559	3.110410213470459
442	Gene_443	h0	shared	44.208256	5.311106	8.370731	0.75557864
442	Gene_443	h1	0	214.42715	9.972601	9.874375	0.34160295128822327
442	Gene_443	h1	1	214.42715	9.972601	9.874375	3.5127785205841064
443	Gene_444	h0	shared	22.69401	3.826335	7.8735533	1.9212261
443	Gene_444	h1	0	15.011329	12.140978	10.284155	1.3128703832626343
443	Gene_444	h1	1	15.011329	12.140978	10.284155	6.031665325164795
444	Gene_445	h0	shared	66.760956	6.099133	8.9753685	3.113076
444	Gene_445	h1	0	48.210907	17.00242	11.795336	2.625476121902466
444	Gene_445	h1	1	48.210907	17.00242	11.795336	6.130188465118408
445	Gene_446	h0	shared	33.149887	2.9217305	8.960806	0.24634959
445	Gene_446	h1	0	26.264107	6.1555753	10.369553	-0.698664665222168
445	Gene_446	h1	1	26.264107	6.1555753	10.369553	6.080265045166016
446	Gene_447	h0	shared	22.516981	4.5938296	9.047374	0.58940583
446	Gene_447	h1	0	20.335575	6.1944094	9.688132	0.19021035730838776
446	Gene_447	h1	1	20.335575	6.1944094	9.688132	3.135239839553833
447	Gene_448	h0	shared	109.88557	4.8600316	8.259972	1.0949094
447	Gene_448	h1	0	351.44943	9.31345	9.871299	0.6887416839599609
447	Gene_448	h1	1	351.44943	9.31345	9.871299	4.022307872772217
448	Gene_449	h0	shared	34.710304	11.847297	9.7876215	1.3674302
448	Gene_449	h1	0	286.74524	13.046755	10.2915745	1.182231068611145
448	Gene_449	h1	1	286.74524	13.046755	10.2915745	2.122281789779663
449	Gene_450	h0	shared	110.39453	4.3676825	8.587114	-0.999053
449	Gene_450	h1	0	395.74048	7.039013	9.7468	-1.5650676488876343
449	Gene_450	h1	1	395.74048	7.039013	9.7468	1.9135794639587402
450	Gene_451	h0	shared	24.629627	5.6053	8.304538	2.5251155
450	Gene_451	h1	0	14.473745	9.952675	9.2778425	2.0940065383911133
450	Gene_451	h1	1	14.473745	9.952675	9.2778425	4.952882289886475
451	Gene_452	h0	shared	36.907845	4.2700534	7.216153	0.9549728
451	Gene_452	h1	0	11.559284	16.650188	10.008506	0.5189670920372009
451	Gene_452	h1	1	11.559284	16.650188	10.008506	4.13004207611084
452	Gene_453	h0	shared	59.232956	5.119909	8.532027	1.3108786
452	Gene_453	h1	0	458.16492	9.27448	10.128991	0.894843578338623
452	Gene_453	h1	1	458.16492	9.27448	10.128991	4.103764533996582
453	Gene_454	h0	shared	96.25614	4.2645173	8.455006	-0.18501967
453	Gene_454	h1	0	116.53826	11.546224	11.1093235	-0.7319350838661194
453	Gene_454	h1	1	116.53826	11.546224	11.1093235	3.3678665161132812
454	Gene_455	h0	shared	70.95652	7.3862576	9.278937	1.0063301
454	Gene_455	h1	0	355.51373	10.326535	10.177945	0.6653920412063599
454	Gene_455	h1	1	355.51373	10.326535	10.177945	2.8004355430603027
455	Gene_456	h0	shared	30.531199	4.6917644	8.428689	1.9870918
455	Gene_456	h1	0	28.138914	7.989604	9.653179	1.5244336128234863
455	Gene_456	h1	1	28.138914	7.989604	9.653179	4.739377975463867
456	Gene_457	h0	shared	35.994774	4.249591	7.863675	1.78742
456	Gene_457	h1	0	28.817535	7.4226065	8.907099	1.2871588468551636
456	Gene_457	h1	1	28.817535	7.4226065	8.907099	4.805828094482422
457	Gene_458	h0	shared	23.011007	9.108744	11.319859	2.462705
457	Gene_458	h1	0	19.541542	11.429371	11.971102	2.1430912017822266
457	Gene_458	h1	1	19.541542	11.429371	11.971102	4.039402484893799
458	Gene_459	h0	shared	31.131289	4.4411516	8.810427	2.866381
458	Gene_459	h1	0	30.648676	7.4752307	9.995865	2.3835666179656982
458	Gene_459	h1	1	30.648676	7.4752307	9.995865	5.916585922241211
459	Gene_460	h0	shared	52.182713	4.8262215	8.270731	1.4542729
459	Gene_460	h1	0	306.43396	8.520276	9.786448	1.023837924003601
459	Gene_460	h1	1	306.43396	8.520276	9.786448	3.8870668411254883
460	Gene_461	h0	shared	107.60953	7.880631	8.356508	1.207229
460	Gene_461	h1	0	517.6963	9.9897175	8.846158	0.9306424260139465
460	Gene_461	h1	1	517.6963	9.9897175	8.846158	2.583510637283325
461	Gene_462	h0	shared	17.707232	6.132507	9.79793	3.905004
461	Gene_462	h1	0	3.7132308	35.95786	9.913299	3.351306915283203
461	Gene_462	h1	1	3.7132308	35.95786	9.913299	7.5415940284729
462	Gene_463	h0	shared	50.638016	4.933568	8.60057	1.6637031
462	Gene_463	h1	0	84.64016	9.470623	10.315894	1.175377607345581
462	Gene_463	h1	1	84.64016	9.470623	10.315894	4.490910053253174
463	Gene_464	h0	shared	28.229002	5.3162575	8.0437	1.6745754
463	Gene_464	h1	0	32.337505	12.518146	10.145103	1.2137447595596313
463	Gene_464	h1	1	32.337505	12.518146	10.145103	4.310401916503906
464	Gene_465	h0	shared	238.27737	5.751237	8.253304	0.44614005
464	Gene_465	h1	0	313.24704	11.058996	9.784308	0.1289222538471222
464	Gene_465	h1	1	313.24704	11.058996	9.784308	2.843531847000122
465	Gene_466	h0	shared	24.62212	7.0060134	8.359965	1.1113664
465	Gene_466	h1	0	67.6875	8.42125	8.865665	0.8508121371269226
465	Gene_466	h1	1	67.6875	8.42125	8.865665	2.3212242126464844
466	Gene_467	h0	shared	101.64992	6.7414455	8.24455	0.09219473
466	Gene_467	h1	0	100.534874	14.118393	9.978244	-0.2511124014854431
466	Gene_467	h1	1	100.534874	14.118393	9.978244	2.073533773422241
467	Gene_468	h0	shared	44.418236	3.425007	8.875735	1.4554005
467	Gene_468	h1	0	54.95929	5.8964524	10.2008295	0.634100079536438
467	Gene_468	h1	1	54.95929	5.8964524	10.2008295	5.451330184936523
468	Gene_469	h0	shared	17.751997	5.81059	9.580336	3.5670397
468	Gene_469	h1	0	9.893724	14.279019	11.625306	3.0643670558929443
468	Gene_469	h1	1	9.893724	14.279019	11.625306	6.694394588470459
469	Gene_470	h0	shared	169.76096	4.7911186	8.226161	1.1039448
469	Gene_470	h1	0	445.46375	7.894386	9.342484	0.7748786807060242
469	Gene_470	h1	1	445.46375	7.894386	9.342484	3.7623562812805176
470	Gene_471	h0	shared	112.032715	3.2015915	7.902486	1.9684706
470	Gene_471	h1	0	627.41907	6.0753965	9.109738	1.3732746839523315
470	Gene_471	h1	1	627.41907	6.0753965	9.109738	6.4401726722717285
471	Gene_472	h0	shared	32.023846	4.5983043	8.53156	1.714052
471	Gene_472	h1	0	25.400627	9.493164	10.142276	1.2487434148788452
471	Gene_472	h1	1	25.400627	9.493164	10.142276	4.9453840255737305
472	Gene_473	h0	shared	31.307842	4.6166224	8.260944	0.15132494
472	Gene_473	h1	0	165.63602	9.164184	10.083412	-0.35676106810569763
472	Gene_473	h1	1	165.63602	9.164184	10.083412	3.0859150886535645
473	Gene_474	h0	shared	122.48354	5.6226807	8.484936	1.4184922
473	Gene_474	h1	0	327.72156	7.7350473	9.265167	1.1356302499771118
473	Gene_474	h1	1	327.72156	7.7350473	9.265167	3.26843523979187
474	Gene_475	h0	shared	66.65077	5.4676294	8.999574	3.113667
474	Gene_475	h1	0	104.97301	9.466399	10.4780245	2.6428303718566895
474	Gene_475	h1	1	104.97301	9.466399	10.4780245	5.9288201332092285
475	Gene_476	h0	shared	22.936142	3.411727	8.168079	2.0479867
475	Gene_476	h1	0	18.45111	6.4161034	9.342992	1.5687931776046753
475	Gene_476	h1	1	18.45111	6.4161034	9.342992	6.1952385902404785
476	Gene_477	h0	shared	23.780993	8.7502775	11.105885	2.572832
476	Gene_477	h1	0	26.34117	8.684613	11.112737	2.5704526901245117
476	Gene_477	h1	1	26.34117	8.684613	11.112737	2.5481960773468018
477	Gene_478	h0	shared	206.7942	5.795138	8.513337	1.5814085
477	Gene_478	h1	0	433.06012	11.4843025	10.354879	1.125556230545044
477	Gene_478	h1	1	433.06012	11.4843025	10.354879	4.076469421386719
478	Gene_479	h0	shared	28.779627	4.0012016	7.9661646	0.7499577
478	Gene_479	h1	0	22.316858	10.816483	10.187576	0.2503167390823364
478	Gene_479	h1	1	22.316858	10.816483	10.187576	4.416524887084961
479	Gene_480	h0	shared	16.876776	3.3174498	7.999431	2.3917825
479	Gene_480	h1	0	12.318797	9.501517	10.279371	1.5554766654968262
479	Gene_480	h1	1	12.318797	9.501517	10.279371	7.053282260894775
480	Gene_481	h0	shared	91.56816	9.468605	8.200726	1.1355637
480	Gene_481	h1	0	380.56265	12.064304	8.685861	0.8857015371322632
480	Gene_481	h1	1	380.56265	12.064304	8.685861	2.3643462657928467
481	Gene_482	h0	shared	47.970463	4.0690064	8.26721	1.1948327
481	Gene_482	h1	0	29.136644	10.184857	10.234032	0.6662702560424805
481	Gene_482	h1	1	29.136644	10.184857	10.234032	5.10678243637085
482	Gene_483	h0	shared	88.15439	4.2326765	8.783741	-0.07228524
482	Gene_483	h1	0	288.7533	9.631187	10.890412	-0.6645172834396362
482	Gene_483	h1	1	288.7533	9.631187	10.890412	3.5035223960876465
483	Gene_484	h0	shared	42.64092	4.20476	7.8463893	0.5870658
483	Gene_484	h1	0	36.267193	11.642507	10.119487	0.06033972278237343
483	Gene_484	h1	1	36.267193	11.642507	10.119487	3.9917280673980713
484	Gene_485	h0	shared	43.721935	11.682058	12.740117	3.6510894
484	Gene_485	h1	0	169.71077	14.189576	13.723425	3.289699077606201
484	Gene_485	h1	1	169.71077	14.189576	13.723425	5.243404865264893
485	Gene_486	h0	shared	22.05919	3.6928258	8.380305	2.1380734
485	Gene_486	h1	0	14.999615	9.839185	10.516019	1.480394721031189
485	Gene_486	h1	1	14.999615	9.839185	10.516019	6.722744941711426
486	Gene_487	h0	shared	61.751835	3.6830833	8.332917	0.32050967
486	Gene_487	h1	0	156.85011	5.4930763	9.281517	-0.19462724030017853
486	Gene_487	h1	1	156.85011	5.4930763	9.281517	3.171435832977295
487	Gene_488	h0	shared	127.398445	9.22189	9.139367	0.98038334
487	Gene_488	h1	0	491.02036	10.521231	9.390449	0.7420430779457092
487	Gene_488	h1	1	491.02036	10.521231	9.390449	2.089608669281006
488	Gene_489	h0	shared	50.77259	6.252898	8.606026	2.444076
488	Gene_489	h1	0	77.735535	8.2077055	9.299337	2.104667901992798
488	Gene_489	h1	1	77.735535	8.2077055	9.299337	4.0949296951293945
489	Gene_490	h0	shared	31.534088	5.236566	8.28833	1.1680849
489	Gene_490	h1	0	187.12782	8.445402	9.7253	0.7907190322875977
489	Gene_490	h1	1	187.12782	8.445402	9.7253	3.4491710662841797
490	Gene_491	h0	shared	61.773983	7.1089044	9.550592	2.3117943
490	Gene_491	h1	0	200.96774	12.372511	11.151443	1.8635270595550537
490	Gene_491	h1	1	200.96774	12.372511	11.151443	4.657133102416992
491	Gene_492	h0	shared	27.078026	3.0447772	8.68677	-0.47359928
491	Gene_492	h1	0	18.21872	10.840774	11.662971	-1.2153035402297974
491	Gene_492	h1	1	18.21872	10.840774	11.662971	5.24504280090332
492	Gene_493	h0	shared	69.245285	4.5167117	7.999287	0.6905182
492	Gene_493	h1	0	233.02998	6.4545326	8.85981	0.3306328356266022
492	Gene_493	h1	1	233.02998	6.4545326	8.85981	2.971332311630249
493	Gene_494	h0	shared	12.443608	5.6524243	9.431688	3.1570451
493	Gene_494	h1	0	9.111375	12.619641	11.472217	2.526848554611206
493	Gene_494	h1	1	9.111375	12.619641	11.472217	6.15623664855957
494	Gene_495	h0	shared	36.76189	3.9181697	7.7107034	0.95710707
494	Gene_495	h1	0	28.796108	9.681379	9.716051	0.3391667902469635
494	Gene_495	h1	1	28.796108	9.681379	9.716051	4.5098395347595215
495	Gene_496	h0	shared	70.89196	3.6402445	7.705428	0.94467485
495	Gene_496	h1	0	54.327106	10.510367	10.295452	0.24515099823474884
495	Gene_496	h1	1	54.327106	10.510367	10.295452	4.451859474182129
496	Gene_497	h0	shared	29.015282	4.1098986	8.035781	0.3818552
496	Gene_497	h1	0	33.93158	7.010167	9.192262	-0.04970042034983635
496	Gene_497	h1	1	33.93158	7.010167	9.192262	3.406461000442505
497	Gene_498	h0	shared	266.50485	4.1739707	8.546774	2.3620076
497	Gene_498	h1	0	783.18176	6.763886	9.7228155	1.803031325340271
497	Gene_498	h1	1	783.18176	6.763886	9.7228155	5.337611198425293
498	Gene_499	h0	shared	117.6077	5.268053	8.796431	-0.8196584
498	Gene_499	h1	0	180.72028	11.59365	10.619808	-1.2379347085952759
498	Gene_499	h1	1	180.72028	11.59365	10.619808	2.0658419132232666
499	Gene_500	h0	shared	68.847305	5.724256	9.021992	2.133817
499	Gene_500	h1	0	313.2079	6.86443	9.532671	1.815144658088684
499	Gene_500	h1	1	313.2079	6.86443	9.532671	3.7775840759277344
