node_name	is_leaf	regime	infer_mu	infer_var
c0	False	0	-0.188109607885267	4.923985035340109
c6	False	0	-0.16661384400946141	4.9003171738344244
c20	False	0	-0.30947996748111384	4.885688395576801
c31	False	0	-0.2705615961082365	4.879612001499871
c124	False	0	-1.1545501638276627	4.775477114262948
c183	False	0	-1.3602357905852798	4.69726625674097
c802	False	1	-0.3526082602803341	4.255502782755324
c4297	False	1	-0.7577924047321731	1.548659514071572
c5101	True	1	-0.741462962228863	1.1364843765712844
c5102	True	1	-0.7452182103072272	1.137688062264162
c1114	False	1	-0.22705288006213326	3.7570745177095377
c1483	False	1	-0.1376029260102345	3.407459013969668
c3122	False	1	-0.06510451573386755	1.9427560459447353
c4345	False	1	-0.621093106100106	1.362188688927721
c5025	True	1	-0.6340330502057264	1.0378095387403323
c5026	True	1	-0.6364316524530677	1.0513445423896417
c3856	False	1	0.3416961692359281	1.4127833869655786
c4187	False	1	0.19624263827840696	1.164504993439338
c5375	True	1	0.03569156670211848	0.9531033703405895
c5376	True	1	0.3840285716247487	0.8501413616806127
c4188	False	1	1.048118702653149	1.1060467394215727
c5387	True	1	1.0707535442840987	0.8475877335878511
c5388	True	1	1.7961284701134888	0.722625149134176
c1982	False	1	0.010686511494841325	3.3667795819780886
c4290	False	1	1.7821051228415143	1.31914722257051
c5231	True	1	2.251523626670777	0.770744208049921
c5232	True	1	1.6123631642339153	0.9105448653175157
c4332	False	1	-0.7638786398173255	1.5064602144795964
c5315	True	1	-0.745235053806798	1.1051729857083443
c5316	True	1	-0.7510462903085182	1.100936625542534
c2255	False	1	0.2878650959030189	2.5343908086637494
c2601	False	1	0.4754514550106244	2.1331326258506773
c4224	False	1	-0.4591359567909177	1.4382150326576597
c5061	True	1	-0.49881899887325315	1.1078939367720113
c5062	True	1	-0.5197759826274869	1.0852843379671784
c3344	False	1	1.0697521817148932	1.7258033995953677
c4273	False	1	1.9245000711373998	1.2268984941427454
c5179	True	1	1.7211231460358425	0.9184897024472533
c5180	True	1	2.507096499675384	0.7991151370121181
c3974	False	1	1.297356498646624	1.3578158084390872
c4383	False	1	2.0023524342809713	1.0959205713162083
c5113	True	1	2.4350189919987897	0.736347840740944
c5114	True	1	2.2174047369899643	0.8383655217869208
c4384	False	1	0.852452402984779	1.1629711620329528
c5087	True	1	0.5113654606155802	0.9485260922593828
c5088	True	1	0.8377708119449007	0.8959911247342293
c3840	False	1	0.30464997725029574	1.5291066076993867
c4207	False	1	-0.1565126945776866	1.2406022607954457
c4899	True	1	-0.27834942643938215	1.0216184064616933
c4900	True	1	-0.27823517332698505	0.974664135840146
c4208	False	1	0.8949826390291468	1.1512300579068295
c4931	True	1	1.2269111451031731	0.8191464546970666
c4932	True	1	1.2371071349138725	0.833152786407075
c226	False	0	-1.389867431512364	4.676649414450451
c283	False	0	-1.4680154321186598	4.657002971109066
c795	False	0	-1.3179373917019543	4.629391087492582
c3643	False	0	-2.18288745798359	1.705625304005896
c4323	False	0	-2.184600455040176	1.339903598973195
c5141	True	0	-2.0595945467990773	1.0942169464023677
c5142	True	0	-2.061229720279358	1.1172157099409483
c4324	False	0	-2.1857791873010353	1.3393501892917135
c5391	True	0	-2.057012494453435	1.1121296348410232
c5392	True	0	-2.067197885665971	1.0972818690736355
c4358	False	0	-1.6577895786119399	1.58094807878668
c4997	True	0	-1.6496575918855478	1.1820696777566546
c4998	True	0	-1.6536081548299266	1.1744982925348435
c736	False	0	-1.7153383876644615	4.385006616615031
c4343	False	0	-1.708460095968326	1.5831080961328285
c5293	True	0	-1.6965168596715932	1.1795699975096716
c5294	True	0	-1.6844864310967467	1.1845743630966177
c908	False	0	-1.7996535038639234	4.255166180220891
c2969	False	0	-1.8336054743821624	2.3887360483777482
c3465	False	0	-2.210559654104718	1.8787335075455531
c4017	False	0	-2.39117308175033	1.480222150596026
c4675	False	0	-2.345483536385202	1.2767715328508407
c5527	True	0	-2.1915224749533184	1.0863667412130593
c5528	True	0	-2.1831807479692666	1.089631030551605
c4676	False	0	-2.341084264706413	1.279746005270352
c5521	True	0	-2.1901707798713446	1.0762389380314767
c5522	True	0	-2.1718947714637546	1.1110727768474493
c4685	False	0	-2.1524001680757676	1.4189345827476951
c5535	True	0	-2.0345858353448785	1.139643235367124
c5536	True	0	-2.0231195009919882	1.1460526045537205
c4752	False	0	-0.5055427690400296	1.3428546368592602
c5463	True	0	0.09901072927520657	0.8039939708356975
c5464	True	0	-0.6556905456049631	1.075829320357024
c2444	False	0	-2.1774574413828263	3.2182441299214224
c3577	False	0	-2.466725125877857	1.6739218617316916
c4329	False	0	-2.4008429098513413	1.3398759733277488
c5121	True	0	-2.23810645237445	1.1199744141369978
c5122	True	0	-2.220074136794913	1.1185901620548133
c4330	False	0	-2.4025962551496707	1.339672037799047
c5037	True	0	-2.2244291103763865	1.1240294037679013
c5038	True	0	-2.2387882675338453	1.1138039631420293
c4288	False	0	-2.036928181407325	1.5624716912713386
c5149	True	0	-1.9373469824174923	1.1822433931664333
c5150	True	0	-1.9477354352722356	1.1971323928579451
c2632	False	0	-0.04816392063173108	2.0731745220621516
c3130	False	0	-0.36304181932874036	1.563909274485478
c3917	False	0	-0.531764652373665	1.337301196293161
c4381	False	0	-0.9208076967191815	1.2041635403221538
c5313	True	0	-1.063853938325807	1.008428357845866
c5314	True	0	-1.0776290483838376	1.0172619674069685
c4382	False	0	-0.27180444234942674	1.1225231911773719
c5411	True	0	-0.5044013839338225	0.9675088161609725
c5412	True	0	0.22729290891468618	0.7367204144487655
c3918	False	0	-0.4910397580839027	1.3362980939384914
c4353	False	0	-0.17732554326849082	1.1194520819846479
c5225	True	0	-0.02991154533471153	0.8445815371743702
c5226	True	0	-0.016514785329781977	0.843562798741533
c4354	False	0	-0.8982972673277125	1.203577461111672
c5111	True	0	-1.0581878227373502	1.0188699227595683
c5112	True	0	-1.0593549421442354	1.0054372510893124
c3776	False	0	0.7151343797011946	1.4333874341028612
c4587	False	0	1.0692600934627587	1.1169772600194703
c4965	True	0	1.1658472760565655	0.8098315510199329
c4966	True	0	1.1625858976412222	0.7859323752071239
c4588	False	0	0.6314364222461262	1.152037197036899
c4977	True	0	0.5351346263979723	0.8899083203642857
c4978	True	0	0.5355740478691771	0.8456691454791089
c819	False	0	-1.7979011886970644	4.160067013538812
c2476	False	0	-1.7806777242502805	2.6573992920929093
c3437	False	0	-1.2569488969925602	2.1298824556230724
c4745	False	0	-0.9150181076931496	1.3375633106462756
c5465	True	0	-0.589254477817806	0.9097940761137451
c5466	True	0	-0.9937251360602435	1.0480098996679086
c4712	False	0	-0.8973802255991618	1.33460693000267
c5449	True	0	-0.9799516444584074	1.0509230748885847
c5450	True	0	-0.5610532292815651	0.8979833878100485
c3444	False	0	-2.194801656008203	1.6858651844255834
c4081	False	0	-2.009669230193532	1.3964760045353177
c4761	False	0	-2.029484015238215	1.2408139858422103
c5459	True	0	-1.9214229138865548	1.0604849048769873
c5460	True	0	-1.927020680261808	1.0540490812656425
c4762	False	0	-1.57690574331332	1.191112230611761
c5467	True	0	-1.0516548964996788	0.8948543416231198
c5468	True	0	-1.496679046363347	1.027870102151255
c4082	False	0	-2.360818239299595	1.4223317813934153
c4765	False	0	-2.3040416918055167	1.2654294315508563
c5523	True	0	-2.1500059988482145	1.0956940840429437
c5524	True	0	-2.1360031738861402	1.089699823089536
c4766	False	0	-2.3110845530036626	1.258479364374888
c5531	True	0	-2.156089315007152	1.0808030098721475
c5532	True	0	-2.150151699122124	1.07804277533471
c1189	False	0	-2.0507627346230892	3.783310668176708
c4662	False	0	-1.8174243604852711	1.5797299033830654
c5483	True	0	-1.7791276164369942	1.186900326777648
c5484	True	0	-1.768598015345977	1.1799791943987705
c1744	False	0	-2.3023770304818036	3.064406697469727
c2510	False	0	-2.1988654982898512	2.7933091459826502
c4756	False	0	-2.0553522875252628	1.5383850387807425
c5433	True	0	-1.9466269166470422	1.185555767247205
c5434	True	0	-1.9730261038162853	1.1657336540948846
c2986	False	0	-2.03952612091313	2.595792168010683
c4679	False	0	-2.0316921805443204	1.5143041638879602
c5517	True	0	-1.9491071803081979	1.1720851286672245
c5518	True	0	-1.932091806045835	1.1680362734339242
c4757	False	0	-1.1478463527043765	1.406608698387246
c5469	True	0	-1.167965777442592	1.0859737284168078
c5470	True	0	-0.7496247738220608	0.9476813338358279
c2106	False	0	-2.27171937532331	2.8577464672164146
c4071	False	0	-2.496943092969048	1.6501102540709724
c4691	False	0	-2.4266976509771085	1.3201460753320535
c5451	True	0	-2.2520032782035626	1.086542094042578
c5452	True	0	-2.2502315760039324	1.100851298256308
c4692	False	0	-2.4240638332681916	1.3268241388195061
c5471	True	0	-2.2388189739586863	1.1063341949821515
c5472	True	0	-2.2558497816631977	1.1054097222939456
c2990	False	0	-1.804936681744488	2.260428741131342
c4073	False	0	-1.6635062502958213	1.5343428974447644
c4681	False	0	-1.766489432438307	1.2802200055081479
c5435	True	0	-1.715367549675742	1.0749165743212628
c5436	True	0	-1.7237414308166958	1.0658708482921395
c4682	False	0	-1.3276615167699104	1.2317938024945418
c5511	True	0	-1.3134863714750127	1.0513086839623356
c5512	True	0	-0.865013243067598	0.9085028019962371
c4058	False	0	-1.2078290405755985	1.497090781349217
c4659	False	0	-1.006424479089155	1.1975114817836097
c5515	True	0	-0.6389237331322641	0.8776466427222475
c5516	True	0	-1.0724439353512825	0.982056674532167
c4660	False	0	-1.003303047685027	1.204515341950357
c5445	True	0	-1.062391282888251	0.9978194744321721
c5446	True	0	-0.640009532023047	0.8889562635333818
c215	False	0	1.464049144943761	4.596267178606686
c1273	False	0	3.285664658815539	3.219616718724215
c1724	False	0	3.43705388900551	2.9103953084834067
c4701	False	0	2.4936061050230607	1.3439196874850243
c5519	True	0	2.3548002596580075	0.8369237625569677
c5520	True	0	2.3316359001678353	0.91987213997494
c2076	False	0	3.4967954548958478	2.5141705611337577
c2495	False	0	3.328312811455973	2.2147777985171366
c2965	False	0	2.9927934679951735	1.787660397245631
c3469	False	0	2.4713871978029265	1.615509525092351
c4687	False	0	0.972075385697004	1.2688408886510902
c5495	True	0	0.6897522568400369	0.8633328822584138
c5496	True	0	0.38060930125701475	1.027579288964866
c3996	False	0	2.3846015429329843	1.3306087336947363
c4665	False	0	2.9030969745746247	1.1019502247195272
c5489	True	0	2.815343487168316	0.826218250031996
c5490	True	0	3.1116373086212494	0.7955337804382688
c4666	False	0	1.4476300309049486	1.1540223200187734
c5421	True	0	1.0287848544835156	0.882342008413683
c5422	True	0	0.7171144842940412	0.9506560104750149
c3470	False	0	2.7695510776484036	1.6653742078322447
c4709	False	0	1.9768141629118552	1.2430979327274583
c5503	True	0	1.2092990285547183	1.0014196905828152
c5504	True	0	2.105190770643821	0.7905916327168062
c4004	False	0	2.5989707336965147	1.4849894556596503
c4657	False	0	2.011024398469747	1.1777955381546095
c5497	True	0	1.2107665360361113	0.9835390457629349
c5498	True	0	1.9392117350737272	0.811605281176008
c5458	True	0	2.799024217740956	0.9387944077898619
c4715	False	0	2.736408876525167	1.3034014248303245
c5507	True	0	2.0860244103790704	0.9572841173842546
c5508	True	0	2.994947892725467	0.7727868216857801
c3498	False	0	3.0588617136787257	1.8403697387869178
c4693	False	0	2.2442119756937142	1.2551653733668409
c5447	True	0	2.1142240456020542	0.8313737377392073
c5448	True	0	1.6940289145644332	0.9463749034722388
c4070	False	0	3.041341187334183	1.3888476410835295
c4731	False	0	3.1014328228327783	1.1258446695147015
c5453	True	0	3.0858432191146252	0.8178933216583445
c5454	True	0	2.7541520864437423	0.8510454873260006
c4732	False	0	2.5484183018229905	1.1458330334360818
c5425	True	0	2.3304482082300573	0.810609742719023
c5426	True	0	1.9209168853479255	0.9397022032698726
c2635	False	0	3.3866158657241026	1.931230661999377
c3407	False	0	3.656941498732556	1.5016505015062727
c3675	False	0	3.636354504151405	1.2923052350416904
c4455	False	0	2.9283178986285567	1.1102944932849403
c5063	True	0	2.5783194939589484	0.7988780935806409
c5064	True	0	2.169359823175399	0.8909325910775296
c4456	False	0	3.8327324846782145	1.1048734134818503
c5407	True	0	3.4798482359288263	0.865207994863687
c5408	True	0	3.865918981195385	0.8019640624205474
c3676	False	0	3.4541612278909475	1.2923990568739003
c4349	False	0	3.2631623399120744	1.0950860047362734
c5139	True	0	2.863848260336556	0.8311463504106329
c5140	True	0	3.02792311785937	0.7953857509519303
c4350	False	0	2.9745062295527274	1.1204799648129065
c4957	True	0	2.435362519666418	0.852594342405949
c4958	True	0	2.6271940723566742	0.8781661389245257
c3408	False	0	2.829923060658011	1.841023766474044
c4400	False	0	1.7685294023363909	1.2650416098019803
c5123	True	0	1.775249667146237	0.8025854357343915
c5124	True	0	1.0138073940794736	1.0098396959935396
c4576	False	0	2.1503678843294214	1.2241864031254883
c5043	True	0	2.078405156227965	0.7761482345117663
c5044	True	0	1.619353469673609	0.8992878227104981
c268	False	0	1.5774867123851704	4.511936464445062
c425	False	0	1.8904369039821969	4.204297069713883
c818	False	0	2.052509408944989	3.6502600087552866
c981	False	0	2.0380763764206815	3.4437699124830017
c1054	False	1	2.1672165629506255	3.382228599760554
c1693	False	1	1.8948618318826873	3.0225321108687466
c1933	False	1	1.6940595561613891	2.979150447327412
c3991	False	1	1.4094010228029084	1.5447034415749996
c4541	False	1	1.350664870101003	1.1796561363799256
c5413	True	1	1.7242733264437582	0.7762112097443569
c5414	True	1	0.944020220786457	0.9770296988245911
c4542	False	1	1.4141464569969493	1.1724744416175499
c5175	True	1	1.2902078985119623	0.8966921511791855
c5176	True	1	1.560447527142732	0.8258072944136422
c3848	False	1	1.0893318743136364	1.5488163169786924
c4425	False	1	0.7075276856517831	1.205093648711766
c5251	True	1	0.7204531103472852	0.8572217713757712
c5252	True	1	0.4203863778469718	0.9883205944629868
c4426	False	1	1.3701114588616612	1.1584075611379832
c5361	True	1	1.759213518405149	0.7864339257099028
c5362	True	1	1.2850128793537168	0.8784226506722259
c2646	False	1	2.0117053029991885	2.0721861390166985
c3205	False	1	1.670200344819859	1.7110767163801879
c4278	False	1	1.8169578238137318	1.2438537183101126
c5147	True	1	2.055290163028323	0.8121599735720009
c5148	True	1	1.6210584253307574	0.9670766471270953
c3828	False	1	1.2430569506321334	1.3621198017074834
c4607	False	1	1.2819097419852357	1.1233279696003584
c5197	True	1	1.440990665228607	0.8194577374689239
c5198	True	1	1.1961359131352585	0.8622650582305474
c4608	False	1	0.8164620543911691	1.163454022314015
c4897	True	1	0.8068182977724232	0.8742045592138421
c4898	True	1	0.49322899873429404	0.9689459935315512
c3570	False	1	2.70153539917646	1.4396601491966927
c4473	False	1	2.908249960210461	1.1409819013201004
c4905	True	1	2.8478278418284626	0.865965434149775
c4906	True	1	3.002764888855612	0.8204898138770323
c4474	False	1	2.704905096182086	1.1473277943427311
c4895	True	1	2.9923290689147835	0.7769285723962729
c4896	True	1	2.2741202402608307	0.9366792484239597
c2871	False	1	3.4380122090216494	2.5716700151045306
c3680	False	1	4.016922413030812	1.5272478575439408
c4477	False	1	3.914908945338155	1.1884222322960387
c5269	True	1	3.7170212904771267	0.9110161159543604
c5270	True	1	3.709987111778037	0.8872472103136235
c4478	False	1	4.125631954052455	1.2068652490592189
c4945	True	1	3.584773938202373	1.0218736527508323
c4946	True	1	4.447572886978251	0.8496800118491958
c4202	False	1	3.0746059277431366	1.3319846464212661
c4967	True	1	2.9436140885533257	0.8947277264950235
c4968	True	1	2.9380064233067795	0.9207111353447818
c1407	False	0	1.7908162913191088	3.369702824738174
c1667	False	0	1.6206779315360214	3.3003110227553227
c4281	False	0	0.6140200888915207	1.3805462139670788
c4941	True	0	0.5211490256009285	0.9308903245640251
c4942	True	0	0.5129267608011032	0.9177549634363552
c2726	False	0	1.3427563166285776	2.3173378457181513
c3852	False	0	1.7163297553505108	1.4575819634819218
c4283	False	0	1.6993947814975139	1.1344462715493884
c5151	True	0	1.575974705391743	0.8092419194982151
c5152	True	0	1.5614343720671833	0.8361182945267293
c4284	False	0	1.6984133241568946	1.1326929159716412
c4923	True	0	1.5796343801825627	0.8229173895078716
c4924	True	0	1.55495529068966	0.8154191116811549
c3706	False	0	0.5641224608115866	1.4942984678578555
c4485	False	0	0.2023293195056208	1.1879062493424268
c5263	True	0	0.16779214206717127	0.8236850876201706
c5264	True	0	-0.17875619224344605	1.0030212981724334
c4486	False	0	0.4534487898175758	1.1882644835912883
c5157	True	0	0.6680198568702982	0.8231874365859089
c5158	True	0	0.0424003644290444	1.0049791186208317
c3303	False	0	1.396060775455191	1.9271894707743191
c3931	False	0	1.0571724872802672	1.419436858652884
c4513	False	0	0.548121425998402	1.1719458454529854
c5349	True	0	0.419649141632331	0.848167258470586
c5350	True	0	0.0696846352939011	0.9791877748343886
c4514	False	0	1.0646616048420345	1.134235375693794
c5287	True	0	0.8440529919642779	0.8791472023543062
c5288	True	0	1.1291321173182378	0.7979148038042676
c4454	False	0	1.7467966354628681	1.238783330002413
c5209	True	0	1.6091790088978992	0.8756029979502992
c5210	True	0	1.8348623323319553	0.8224903621975199
c1490	False	0	1.7738290096357998	3.0417756536981257
c3621	False	0	1.435250781605929	1.5500182076078282
c4247	False	0	1.6390876080213501	1.1453273517801654
c5337	True	0	1.9698318447575414	0.7455901586140989
c5338	True	0	1.2754133816310997	0.8678836656660446
c4248	False	0	1.0494960755913496	1.196494826335257
c5065	True	0	1.0640877229659962	0.8347588181350413
c5066	True	0	0.48745347656304217	0.9771162662128257
c1890	False	0	1.7057814415328894	2.6580127618128473
c3596	False	0	1.1531492804884775	1.5299484651597999
c4461	False	0	1.4503809694025742	1.1394341977026914
c5335	True	0	1.143526787764334	0.8814619791881446
c5336	True	0	1.841727361840453	0.726037451041787
c4462	False	0	0.6092313010060241	1.2009384272574024
c5019	True	0	0.46354470142675336	0.8830758654650297
c5020	True	0	0.10536100659996571	0.961533609934541
c2280	False	0	1.600940671859582	2.3129902044187634
c2701	False	0	1.5221284493545992	2.3151187034091127
c4250	False	0	1.2150806277127504	1.2867977530507864
c4929	True	0	0.9640418327302739	0.9016373072687589
c4930	True	0	1.2251997032268007	0.8128718952778689
c4449	False	0	1.19758294169901	1.2795545277260962
c5125	True	0	0.940320786090089	0.8845660111247918
c5126	True	0	1.210046771205915	0.8074980015422556
c3244	False	0	1.1303149507907768	1.5866225408650856
c3915	False	0	1.1668185275479634	1.3164949533221606
c4597	False	0	1.0660750408157198	1.1180614163337494
c5161	True	0	1.3581843327034595	0.740595348603083
c5162	True	0	0.5094150765107391	0.9632778047751996
c4598	False	0	1.1274310993275518	1.1113368502349252
c5181	True	0	0.8921630074708731	0.8865300595738396
c5182	True	0	1.1516923309040135	0.7865749926924936
c3916	False	0	0.7091372814471174	1.3308682045487452
c4605	False	0	0.9328558094431938	1.094802648518103
c5195	True	0	1.5373531269882137	0.6323568587739486
c5196	True	0	0.40523216005917917	0.969612417765243
c4606	False	0	-0.05411849975485514	1.188103025919432
c4909	True	0	-0.44663351208239466	0.9888764940356325
c4910	True	0	-0.446036237532694	0.97928008511308
c812	False	0	1.835382322856871	3.9418540343583666
c1177	False	0	1.5607725472041372	3.449418589310987
c1531	False	1	2.1172932196206746	2.9263752343645257
c3898	False	1	1.386288150458172	1.5508135997254886
c4625	False	1	0.9095731966002832	1.2040981077434327
c5049	True	1	0.5530323125726605	0.9721020517721255
c5050	True	1	0.8712617037027962	0.8674408910348657
c4626	False	1	1.7445781549170574	1.1462515365600132
c5165	True	1	1.8061483987231828	0.820459738083916
c5166	True	1	2.016842312737194	0.7947269093104334
c1804	False	1	2.4888367122847144	2.549046408373501
c2583	False	1	2.1597611903738794	2.023758050215582
c4365	False	1	2.310862133175054	1.2864492540674792
c4987	True	1	2.207899757886141	0.9107280454580139
c4988	True	1	2.3870801586682258	0.8429828295956191
c3134	False	1	1.8975126468865218	1.5297574285831106
c3959	False	1	1.9132019426419473	1.294756335756856
c4519	False	1	1.5395876030247366	1.1130953974437656
c5291	True	1	1.3492358593757423	0.8580425869693271
c5292	True	1	1.3579701143205545	0.8404121749479748
c4520	False	1	2.2565797144397997	1.0861461351533772
c5397	True	1	2.1930313621081248	0.822962563414229
c5398	True	1	2.573858917645327	0.7647297451089025
c3960	False	1	1.575646605699469	1.3063992484580165
c4371	False	1	1.3117964887465834	1.1343046388646498
c5105	True	1	1.2059443469616302	0.904230050696688
c5106	True	1	1.184447444587164	0.8704503559903792
c4372	False	1	1.514684525539399	1.10831839357131
c5021	True	1	1.6129231483087916	0.8088645476716471
c5022	True	1	1.3602997492115405	0.8600422385850858
c2758	False	1	3.3840639587550028	1.986978870320422
c3143	False	1	3.6193846676593022	1.6841259255711432
c4374	False	1	3.364063036566465	1.2550740937915832
c5229	True	1	3.4252894237222704	0.856012163484271
c5230	True	1	2.9721801400493644	0.9674370490331522
c3598	False	1	3.7468613128080963	1.3557768220571926
c4307	False	1	3.5198826725741528	1.134660316664098
c5091	True	1	2.876784940141822	0.9769094037687318
c5092	True	1	3.6855030193613625	0.7597898931507442
c4308	False	1	3.821917478434642	1.1525552448852328
c4959	True	1	3.65748109115022	0.9048326243815216
c4960	True	1	3.772454279823216	0.8997064878851035
c3724	False	1	3.4347000163132706	1.4365030180682785
c4235	False	1	3.2063159841254345	1.1642762618452906
c5129	True	1	3.320016010844755	0.8287126437339413
c5130	True	1	2.653658499074829	0.9536468392946662
c4236	False	1	3.475237816270864	1.1411494421672501
c5075	True	1	3.6804241134076356	0.7914051328413513
c5076	True	1	3.065775042749559	0.8991921959633302
c1366	False	0	1.2269246622915995	3.488830255745478
c1691	False	0	0.9017123188501888	3.560790569145125
c4534	False	0	-0.2412281895804635	1.429342046166417
c5259	True	0	-0.5150276331976738	1.0738288670204335
c5260	True	0	-0.12801961140590423	0.9057001081281978
c4586	False	0	-0.2187545919908405	1.4313569660492147
c4989	True	0	-0.48737440795022685	1.0911632025686924
c4990	True	0	-0.10892692368008824	0.8948205343492119
c3625	False	0	0.5365281260960805	1.5701636985142666
c4263	False	0	0.7238357730777145	1.1503194485014547
c5255	True	0	0.6068997546876924	0.8398356035118888
c5256	True	0	0.9078483484842093	0.775851912648901
c4264	False	0	0.20481998010613706	1.212033763438848
c5245	True	0	-0.1695382059340237	0.9824210321218508
c5246	True	0	0.19332334541367246	0.8712803072804676
c2080	False	0	2.137996610953261	3.5345588908219594
c4043	False	0	2.4504993859673374	1.5473128783993093
c4735	False	0	2.7453548157719543	1.1516337385368849
c5455	True	0	2.8547797165862465	0.818277727350184
c5456	True	0	2.5531615018084404	0.8206997223588708
c4736	False	0	1.9989578166001523	1.1594371208786276
c5437	True	0	1.510830531790178	0.909932390918375
c5438	True	0	1.7529557359339871	0.7613320245216603
c4720	False	0	2.324705764735903	1.3445115452798158
c5487	True	0	2.249248891837339	0.8634098928004
c5488	True	0	2.246873398800157	0.8816741055368026
c4696	False	0	1.2932049094966407	1.3698102153897793
c5505	True	0	1.0446162181336438	0.9542564637924905
c5506	True	0	1.5404910816131752	0.8294850462374761
c255	False	0	-1.627635562109893	4.51930072220738
c4367	False	0	-1.624728469791576	1.5756255398971677
c5013	True	0	-1.6254679384749418	1.1843058473163661
c5014	True	0	-1.629786338069999	1.1573420953042959
c316	False	0	-1.864369260085257	4.363787470308377
c397	False	0	-2.0293678097196057	4.290844936347365
c632	False	0	-2.5053156740439335	4.022101349916563
c1481	False	0	-2.643663445380126	3.2520772764869266
c3249	False	0	-1.8695022858967765	2.2873234156265845
c4568	False	0	-1.963766186146047	1.4537060869197815
c4917	True	0	-1.8881999072724196	1.141333843121311
c4918	True	0	-1.8886891965972188	1.1233182111965239
c4210	False	0	-1.2175057224632198	1.362062052811019
c5389	True	0	-0.7813817470513277	0.9061879790284644
c5390	True	0	-1.2195521218593077	1.0830239738980783
c1822	False	0	-2.7713094410488432	2.953845058872635
c3879	False	0	-2.682486591840173	1.6700133296611355
c4573	False	0	-2.569178135683498	1.3392751996407324
c5205	True	0	-2.3663320062110813	1.1242634939780143
c5206	True	0	-2.3596592752987884	1.1155122025760937
c4574	False	0	-2.563602757911019	1.3514479659113852
c5167	True	0	-2.351557489793838	1.148182749115735
c5168	True	0	-2.3584175512086554	1.1356723647110745
c2941	False	0	-2.7014683101529733	2.263123284071326
c3247	False	0	-2.5694869564307465	1.8214215959066364
c4641	False	0	-2.3798157432595777	1.4041054762065077
c5069	True	0	-2.2092659670560573	1.1241755863310636
c5070	True	0	-2.2127407666588654	1.1337802825394316
c3658	False	0	-2.2654019093100177	1.4388100300917683
c4623	False	0	-2.2220237243324354	1.2690194918792026
c5031	True	0	-2.074686044256396	1.0926518250312114
c5032	True	0	-2.0711286090181504	1.0914021800536449
c4624	False	0	-1.7443172483917015	1.1939882840057496
c5109	True	0	-1.1490245359678872	0.8695555543587978
c5110	True	0	-1.6244953378632467	1.0278719540070738
c4604	False	0	-2.34879018830502	1.4962265854786174
c4943	True	0	-2.184817373964169	1.177540343991873
c4944	True	0	-2.188475100103107	1.1629771081154998
c756	False	0	-2.580205916799177	3.9055918707699893
c3404	False	0	-1.7994515453975182	1.7641094135008522
c3669	False	0	-1.7273389319183496	1.4199420388540076
c4257	False	0	-1.8196358413085285	1.2483879103938842
c4903	True	0	-1.7650810368810912	1.0642755170369822
c4904	True	0	-1.762867547402463	1.0580940394468992
c4258	False	0	-1.3710612350199574	1.19799826927286
c5281	True	0	-1.3430795870084444	1.0358803067597753
c5282	True	0	-0.896260570545175	0.8932859608680707
c3670	False	0	-1.733776735788568	1.4201738644628386
c4351	False	0	-1.8240413933559487	1.2400593249643437
c5367	True	0	-1.7589113517846235	1.0540030755011842
c5368	True	0	-1.7752551416653326	1.0361899262458607
c4352	False	0	-1.3851493921582523	1.2070385439694697
c5417	True	0	-1.3591338473771568	1.0307804147361734
c5418	True	0	-0.9142391833151515	0.9325068944875079
c906	False	0	-2.63203991866299	3.7746834832050964
c3806	False	0	-0.9270233839983949	1.6244197651729833
c4333	False	0	-1.2114174711480281	1.3000722346004967
c5199	True	0	-1.2902558753190607	1.0659346912363459
c5200	True	0	-1.2907954051240167	1.0700065257384674
c4334	False	0	-0.45368696471453585	1.1851256814620157
c4901	True	0	-0.20140505197773803	0.877256880358758
c4902	True	0	-0.20293381074902725	0.8284970215448831
c1435	False	0	-2.9320071760525437	3.2734519877222508
c1731	False	0	-2.7412624873937856	3.157358727783881
c4066	False	0	-1.7724141383248173	1.6271632583954552
c4669	False	0	-1.4036093924670463	1.243874815624809
c5529	True	0	-0.9112271674869977	0.8926068152619943
c5530	True	0	-1.3765380161139513	1.0341326393733423
c4670	False	0	-1.8542913206681608	1.297436599415372
c5419	True	0	-1.791791886124147	1.050768182160979
c5420	True	0	-1.790635372220392	1.073140760836335
c2478	False	0	-2.40336398642249	2.732994002096779
c4033	False	0	-1.2868892370891423	1.54907655494519
c4747	False	0	-1.0535249606519472	1.2049692550689282
c5473	True	0	-1.1074256810029306	0.9978074209751261
c5474	True	0	-0.6601861006492992	0.8474880523443564
c4748	False	0	-1.0562306116324345	1.2112230451786778
c5533	True	0	-0.6676738516527442	0.8696327941388421
c5534	True	0	-1.1077103821275565	0.9990619342698018
c3468	False	0	-2.479313682698449	2.205210916127569
c4722	False	0	-2.320840611447759	1.4635155492248626
c5485	True	0	-2.1620726674912603	1.1633323607098816
c5486	True	0	-2.1640281570460727	1.1557573291946361
c4698	False	0	-2.326319458575234	1.451805812258759
c5427	True	0	-2.173393946050316	1.1384003194684915
c5428	True	0	-2.1657454725317296	1.1455363666107916
c2086	False	0	-3.075445524122583	3.0440427685467353
c2996	False	0	-3.2441990062992985	2.299671194429826
c4678	False	0	-2.6142928953395717	1.5226903667153522
c5513	True	0	-2.3937093082805494	1.212901000155025
c5514	True	0	-2.395299605490871	1.1971496964919965
c3464	False	0	-3.272669535496271	1.8551725995374013
c4029	False	0	-3.1868000384054738	1.4842790083470516
c4725	False	0	-2.95807248902245	1.2928605195954361
c5461	True	0	-2.666197430466522	1.1190109599793465
c5462	True	0	-2.6726469444356824	1.1139084121004053
c4726	False	0	-2.951961980277832	1.2980664369584474
c5541	True	0	-2.659797650793033	1.1221512512534684
c5542	True	0	-2.6614932269884375	1.1303111947542162
c4699	False	0	-2.8044925892526162	1.4388576575879068
c5509	True	0	-2.5470691084411445	1.1726522252825746
c5510	True	0	-2.5390103851507515	1.182033772328765
c4673	False	0	-2.2896916903974756	1.564554746031865
c5481	True	0	-2.1410366718992626	1.1968359956923418
c5482	True	0	-2.146199232783747	1.1838284461793316
c1677	False	0	-0.8459496004260635	3.776892661970003
c3581	False	0	0.23250837495466	1.5697368409105081
c4593	False	0	0.30857375567714607	1.1820550209374907
c4933	True	0	0.3085732910344153	0.8770018031903571
c4934	True	0	0.3172823310180265	0.861405130150518
c4594	False	0	0.3159228995034351	1.172539498614108
c5399	True	0	0.32943943272580795	0.8792269847227507
c5400	True	0	0.3175278807399325	0.8227891504461993
c3068	False	0	-1.2112697442995213	2.322182184607697
c4199	False	0	-0.8995281195497241	1.3644552719809644
c4961	True	0	-0.9889027873936103	1.0636750856236072
c4962	True	0	-0.5797274251933873	0.9219517057454388
c4375	False	0	-1.5802595769375467	1.438411235211974
c5301	True	0	-1.5890008942404314	1.1108840287338173
c5302	True	0	-1.599638221649525	1.097455368130739
c437	False	0	-1.632806430976441	4.316880436226397
c641	False	0	-1.4885241237541618	4.281778706849809
c3384	False	0	-1.302729428390975	2.3647313978231526
c4525	False	0	-0.9562022288528629	1.3768444738917152
c5035	True	0	-0.6211523831582022	0.9344428635815711
c5036	True	0	-1.0372737213105894	1.076894928944558
c4396	False	0	-1.6126469491826545	1.4648796416425307
c5331	True	0	-1.6178036664628561	1.13580414349592
c5332	True	0	-1.6028336152905234	1.1387916836254761
c800	False	0	-1.3182485326193014	4.238925527986032
c1688	False	0	-0.3408291659452625	3.460428958393118
c4656	False	0	0.26440261737578913	1.375834410352055
c5187	True	0	0.2982405343632314	0.9061797829482062
c5188	True	0	0.286420449912039	0.9240894518430681
c2074	False	0	-0.19651894661008615	3.14400033033433
c2349	False	0	-0.011671730995943522	2.896062600509973
c4328	False	0	0.2745345185490515	1.3647025048791501
c5067	True	0	0.28123836326445895	0.9522353929979834
c5068	True	0	0.29195370043008906	0.9019505297429246
c3843	False	0	0.3191244557025502	1.5325957048756695
c4569	False	0	0.36349983639745825	1.1713679149689544
c4973	True	0	0.34059565796429536	0.8637650198062434
c4974	True	0	0.3564285850848545	0.8640390953391451
c4570	False	0	0.32736550359150896	1.174168600930262
c5261	True	0	0.6331363861345316	0.7450909266258443
c5262	True	0	-0.03991428679847421	0.9990343438536955
c4639	False	0	-0.43320777408581623	1.4392173214139687
c5219	True	0	-0.24395488544601404	0.9528641548763344
c5220	True	0	-0.6491482673194706	1.0808370639114535
c3814	False	0	-2.1915297076978355	1.7051461486378834
c4557	False	0	-2.1926801870060806	1.3411593318212511
c5353	True	0	-2.070248983175786	1.1039761753466677
c5354	True	0	-2.0651434668589648	1.1123633411357294
c4558	False	0	-2.195355325462487	1.3415580544119006
c5119	True	0	-2.0707245148287123	1.1069990286185833
c5120	True	0	-2.0723527348118744	1.1107749379673928
c2458	False	0	-1.5542566663855413	2.501753972697825
c3213	False	0	-0.9741636786461179	1.6274854112056694
c3891	False	0	-0.8487402030013932	1.3545484452009644
c4241	False	0	-0.7477103979789366	1.166666635709743
c4991	True	0	-0.4603827813446807	0.8435492895199337
c4992	True	0	-0.8668726153353975	1.020887451192493
c4242	False	0	-0.7443471762202727	1.1657904044515384
c4975	True	0	-0.855736921332315	0.9983988807072226
c4976	True	0	-0.46185703700859054	0.8615219405291118
c3892	False	0	-0.7284610809178499	1.3495186181217866
c4191	False	0	-0.08284503369324821	1.104965025029252
c5267	True	0	0.06003673532130759	0.8471228971661524
c5268	True	0	0.40236992191702053	0.7711801549218177
c4192	False	0	-1.0636898825050651	1.2100317595339858
c4947	True	0	-1.164065185835012	1.017340859149652
c4948	True	0	-1.1911752545879655	1.0202534853420024
c3099	False	0	-2.0860834766723126	1.6619823804010163
c3801	False	0	-1.9278978893763716	1.3905660548189922
c4369	False	0	-1.517922848457708	1.1891356323922244
c5107	True	0	-1.4531220449444455	1.0286455487393316
c5108	True	0	-1.007544634146135	0.8916386226821167
c4370	False	0	-1.9622827178625408	1.2428885922968187
c5405	True	0	-1.8608297115389334	1.060001317689179
c5406	True	0	-1.8763378309271337	1.0679228544312207
c3802	False	0	-2.2954569592297234	1.411154028165896
c4311	False	0	-2.2622210750055816	1.2544404536879168
c5221	True	0	-2.114143036413758	1.0762208849095263
c5222	True	0	-2.117090434795992	1.077339776047271
c4312	False	0	-2.2738617257681706	1.2510988747646021
c5247	True	0	-2.1313617156695743	1.0705997508787723
c5248	True	0	-2.1333115456107756	1.0701441027951497
c46	False	0	0.1233942288662374	4.818378334976441
c141	False	0	-0.1015432029759785	4.704929228595633
c261	False	0	-0.37296420328660995	4.529851014584494
c409	False	0	-0.6086126443921325	4.511465049419065
c3833	False	0	-0.5700549241376649	1.629245309892797
c4589	False	0	-0.5684705429964125	1.2417797239386248
c5201	True	0	-0.34427939895481874	0.8876115396330636
c5202	True	0	-0.7467636780661079	1.0295680572403112
c4590	False	0	-0.5662661716880667	1.2407903810826275
c5377	True	0	-0.7471770783429281	1.0209146037112993
c5378	True	0	-0.33753355942763935	0.8922701422987563
c868	False	0	-1.190391513710854	3.911590185676573
c1646	False	0	-0.7170810324519774	3.6529906063621165
c4294	False	0	-1.5565733673121165	1.569659284597312
c5409	True	0	-1.575214849656706	1.1919476080390712
c5410	True	0	-1.5745340264720447	1.1630280063295941
c1862	False	0	-0.42970088992637695	3.507615817217777
c4433	False	0	0.09098175236942152	1.3752133109883287
c5283	True	0	-0.23047744741290044	1.0295463868420864
c5284	True	0	0.4826374219870205	0.8088291695210996
c4630	False	0	0.6806382331517887	1.3586327756801502
c5033	True	0	0.8932791500528324	0.8675826584132862
c5034	True	0	0.6003097469103768	0.9194974257123446
c1439	False	0	-1.6877503921574883	3.4542349984851035
c2491	False	0	-2.0374648140499545	2.4362250256481466
c2963	False	0	-2.1320222083627662	1.9999535555395995
c3499	False	0	-2.1566377394163943	1.724786742785519
c4664	False	0	-2.1199055200054273	1.387455406813692
c5501	True	0	-1.999101516977773	1.1143021765110275
c5502	True	0	-2.0078492130405547	1.122459113139689
c4016	False	0	-1.9804481984315017	1.4071761956601707
c4713	False	0	-1.5511016253936063	1.192174504062211
c5441	True	0	-1.024497684961195	0.8725120500665452
c5442	True	0	-1.478930481481846	1.0459300737933395
c4714	False	0	-2.0095095633975966	1.2435123461509412
c5475	True	0	-1.9186686975797884	1.047906751540905
c5476	True	0	-1.901615847959817	1.067326601113617
c4051	False	0	-1.8354226679110468	1.5013680945305776
c4753	False	0	-1.4512217497189934	1.2179406215745963
c5537	True	0	-0.9590317488203564	0.8934950302959818
c5538	True	0	-1.4024996666525835	1.0419806980215807
c4754	False	0	-1.8908471356969636	1.2799483513967438
c5493	True	0	-1.8042528753348899	1.090850147121237
c5494	True	0	-1.8201787779887322	1.0781871676121588
c4059	False	0	-1.6900222659113076	1.5692882388574443
c4729	False	0	-1.7789905628568383	1.2958251747000786
c5443	True	0	-1.7328584183298605	1.070741941101196
c5444	True	0	-1.715646213804078	1.0975230226869674
c4730	False	0	-1.3437940767605545	1.223714172251995
c5491	True	0	-0.8734572896971248	0.8499743941703459
c5492	True	0	-1.3248698883297427	1.0511089805876943
c1738	False	0	-1.69605024912047	3.4646311646250556
c4740	False	0	-1.8380753773018257	1.5591029534207415
c5439	True	0	-1.8039626683518117	1.167302179702022
c5440	True	0	-1.79267226927589	1.1661439173232298
c3454	False	0	-1.5174851098571605	2.3063417091142253
c4764	False	0	-1.0644970547209427	1.3662182009438444
c5525	True	0	-0.6932508400677985	0.9310132536815181
c5526	True	0	-1.1170498704559526	1.0643831968082296
c4728	False	0	-1.7351124320050944	1.4613039736693227
c5423	True	0	-1.7038739318938534	1.1336518501313828
c5424	True	0	-1.7023613723697892	1.1479325107858982
c271	False	0	-0.3309549488173168	4.489225316788031
c337	False	0	-0.436306161198214	4.556146158071857
c3091	False	0	-1.8818022076994725	2.40057046003962
c4244	False	0	-1.9822697475825253	1.4743458524752948
c5017	True	0	-1.9010219491145044	1.1559312317423163
c5018	True	0	-1.9138398127815963	1.1359887353075189
c4506	False	0	-1.979490034925237	1.4712158141740992
c5379	True	0	-1.912014289871591	1.1373724457561105
c5380	True	0	-1.8962322947698664	1.145259413803216
c2869	False	0	-1.149861990277396	2.6698203294099723
c3734	False	0	-1.8657218766760981	1.609857256118023
c4227	False	0	-1.945753265770229	1.300382233031889
c5295	True	0	-1.8802477969722338	1.0643724129788223
c5296	True	0	-1.8716120376339667	1.085336716709902
c4228	False	0	-1.9524966676332098	1.3012330753345656
c5235	True	0	-1.876969770575124	1.0787520887783957
c5236	True	0	-1.8942616565011896	1.0740630229111297
c4484	False	0	-0.2476367504954419	1.3514462297671606
c5079	True	0	0.25718855708699295	0.8102301599831444
c5080	True	0	-0.4602747908961674	1.0546041529892334
c445	False	0	-0.0066171091024467285	4.3626673617424
c1564	False	0	-0.13685854624974128	3.5694958638210936
c2804	False	0	-0.09064189859844668	2.8184129629432033
c4416	False	0	-1.119686355083562	1.495575434800571
c5211	True	0	-1.2347184605070394	1.1241770122178307
c5212	True	0	-1.2456318618221531	1.1295940103217057
c4582	False	0	0.9672489947011637	1.3039976157721556
c5415	True	0	1.3512614451447513	0.781843618462863
c5416	True	0	0.804857317115757	0.9178199624505035
c2835	False	0	-0.24195226065049993	2.5747346401116236
c3945	False	0	-0.17598442246009127	1.5308820694752667
c4649	False	0	-0.296611497625468	1.2229412509204385
c4937	True	0	-0.1625614241982582	0.9134422629234823
c4938	True	0	-0.5415898533877457	1.0148493068673943
c4650	False	0	-0.0278700197306357	1.1820343835618614
c4927	True	0	0.3864006057349532	0.7887789586536628
c4928	True	0	-0.31854533597672696	0.9849735331926334
c4460	False	0	-0.44456894787336737	1.3936468195654188
c5363	True	0	-0.2725010972843593	0.9379101156040093
c5364	True	0	-0.6594155399862222	1.0606458301383963
c852	False	0	0.5362861660295093	3.956851125865984
c1722	False	0	1.8582415496810116	2.999074252261222
c1885	False	0	2.383489231631748	2.652029932728114
c2329	False	0	2.8046110976334377	2.3872059373478742
c3267	False	0	3.2339091619357414	1.5896921281962562
c3589	False	0	2.8370613764846135	1.3140478802002582
c4317	False	0	2.737906371989763	1.0942754927782634
c5099	True	0	2.5026319514500575	0.8127215016519077
c5100	True	0	2.4973503286527823	0.7916958699880831
c4318	False	0	2.1500680858548518	1.1234627440679994
c5009	True	0	1.2919711055081078	0.9574057157653771
c5010	True	0	2.019343652072006	0.7693805535280244
c3590	False	0	3.45179087964927	1.3184077230460567
c4471	False	0	3.2722062947703434	1.1191438448166475
c5321	True	0	2.879472261204784	0.8764276336239427
c5322	True	0	3.0406497955456637	0.826225626040489
c4472	False	0	3.3816853746872026	1.1145892981213716
c4983	True	0	3.289068965678454	0.7934913455836587
c4984	True	0	2.9455507531192033	0.8911920105680458
c3636	False	0	2.6569153330516744	1.4983022002324653
c4571	False	0	2.8549121327213203	1.1509882770550879
c5207	True	0	2.6012496383909127	0.8564280778188302
c5208	True	0	2.914998044424059	0.8204248635054909
c4572	False	0	2.1261023798851757	1.1761100578373933
c4921	True	0	1.5969505657646026	0.9314000579495437
c4922	True	0	1.8256645845314527	0.8441141867078548
c3266	False	0	1.9029787846108586	2.138739376897994
c4218	False	0	1.470562317066922	1.2873787619603203
c5103	True	0	1.1547430460061388	0.9424910192158122
c5104	True	0	1.382070779768849	0.8534116998006497
c4296	False	0	1.7181229116784016	1.2850476444654324
c5243	True	0	1.7952625266720088	0.8510711443061442
c5244	True	0	1.33069752266157	0.937358408252212
c1886	False	0	1.5509585421966388	3.11862061909921
c4628	False	0	0.5447840131205111	1.4072986749487388
c5299	True	0	0.10343448592540659	1.068975851609648
c5300	True	0	0.7502336913516942	0.8781818857252318
c4276	False	0	0.6455929258941159	1.3828872474045157
c5329	True	0	0.5387298688391849	0.9256490070958658
c5330	True	0	0.5271756093587916	0.9492866110197549
c2264	False	0	-0.9350225561558654	3.1724405322281535
c4583	False	0	-1.5758244802039245	1.5307531491481468
c5343	True	0	-1.5985221467996977	1.1299184737560313
c5344	True	0	-1.5859037413077286	1.167425964688249
c3707	False	0	-1.280869028297944	1.619199521095723
c4595	False	0	-1.492737938324825	1.298254937412415
c5345	True	0	-1.5142020561549656	1.0778877433243352
c5346	True	0	-1.5211454576908767	1.0558979791495164
c4596	False	0	-1.0747769177909448	1.2421931747026629
c5051	True	0	-1.1313164980463835	1.0375372807931513
c5052	True	0	-0.7033654285055508	0.8897143944608457
c172	False	0	-0.0600210199681942	4.7123496860889595
c618	False	0	0.7095252412263546	4.6206557287917045
c2703	False	0	3.072284076903997	2.629020448483435
c4260	False	0	3.034566696674043	1.3319251789119357
c5145	True	0	2.5468994762998167	0.9480893813896033
c5146	True	0	3.1872435248841637	0.8598767920722629
c3666	False	0	3.5573594664904657	1.5090766897688461
c4515	False	0	2.9379667151448263	1.1790266400339058
c5257	True	0	2.425394652320547	0.8805940248058407
c5258	True	0	2.428997602900956	0.8965648625747012
c4516	False	0	3.9887072629195774	1.1466488838939817
c5303	True	0	3.8823092611975616	0.8208157583582668
c5304	True	0	3.9905176204778923	0.8299917527441378
c2586	False	0	0.6108238851537163	2.630743184122429
c3659	False	0	0.522213705926929	1.5166022931358205
c4261	False	0	0.7151285479307155	1.1453213637031345
c5383	True	0	0.6066630275236747	0.8365786506538337
c5384	True	0	0.8973864800546458	0.8029200680286459
c4262	False	0	0.2016605221973907	1.2017934818772416
c5047	True	0	0.1919437165996672	0.855398607932828
c5048	True	0	-0.16292024825883097	1.0051347504733896
c4406	False	0	0.7220898299687977	1.3266737673010056
c5045	True	0	0.2607396182916764	1.013126031265128
c5046	True	0	1.125644528954405	0.7828553751740444
c212	False	0	-0.13736754899695128	4.718506322456173
c1340	False	0	-1.1589744334940453	3.4920403300386407
c1643	False	0	-1.3256697546774057	3.32969239846176
c2199	False	0	-1.4416948005535746	2.7465112113848047
c4636	False	0	-1.7702172997135852	1.5245158228305704
c5171	True	0	-1.7441171643673008	1.1509344815263265
c5172	True	0	-1.739678039505888	1.166373060756595
c2858	False	0	-1.334886842814545	2.4058776256952585
c4183	False	0	-1.7131515464191243	1.476266298196531
c4951	True	0	-1.7015731295531284	1.1227003421860517
c4952	True	0	-1.6980271880347406	1.1386125662624236
c3711	False	0	-0.6798806234968576	1.4986152403472184
c4443	False	0	-0.6368524351484178	1.1959395170799407
c5003	True	0	-0.3772023727270971	0.8502965294415167
c5004	True	0	-0.8004538608740764	1.0030627191880992
c4444	False	0	-0.34813247280985127	1.1659624491365574
c5215	True	0	0.2032460845924305	0.7577727548476032
c5216	True	0	-0.5515041061260989	0.9815494012610407
c4222	False	0	-1.729584701242773	1.5650853794652622
c5279	True	0	-1.7095207803592498	1.1738765038172274
c5280	True	0	-1.7139054386404207	1.1803074626587766
c2884	False	0	-0.8222049840597823	1.9600969058289825
c3159	False	0	-0.2895331059431843	1.6720418537321264
c4378	False	0	0.44135262076147913	1.2083210667281965
c5183	True	0	0.7445868484760395	0.7811926506799298
c5184	True	0	0.42352517129204154	0.889392805175703
c3890	False	0	-0.10927912400639454	1.3629442441442907
c4255	False	0	-0.6124941825548366	1.2174849823712135
c5057	True	0	-0.844000393468321	1.0188468985801937
c5058	True	0	-0.8342840305851469	1.0357010961507822
c4256	False	0	0.5600363515764912	1.106998705462808
c4919	True	0	1.5276294256728828	0.6554095913045159
c4920	True	0	0.1623836546307864	0.9676534472887248
c3160	False	0	-1.2247612911304657	1.7071007428082103
c4387	False	0	-1.5783851187383453	1.3790389989136664
c5213	True	0	-1.5772093495467476	1.1206194548217068
c5214	True	0	-1.6003193748878208	1.0953218935205977
c3588	False	0	-1.3394779083553436	1.3960812831444354
c4527	False	0	-1.1079780379985757	1.1787703319294052
c5309	True	0	-1.149960148852075	1.0172049404984778
c5310	True	0	-0.7214888789767755	0.8580178118154245
c4528	False	0	-1.5432111718012849	1.233030380101691
c5369	True	0	-1.553891788562929	1.0484754428615637
c5370	True	0	-1.5678399702715462	1.0363673708029164
c769	False	0	-0.10358569343924377	4.49169400637134
c1486	False	0	-0.7007525083281156	3.6621757741824603
c4543	False	0	-1.579173898712072	1.551717634109527
c5073	True	0	-1.6018368687356042	1.1451025640770012
c5074	True	0	-1.5972345079724315	1.1617176698428906
c2747	False	0	-0.7583109266820505	2.223579704485613
c4479	False	0	-1.423793619974639	1.4790312725257415
c5395	True	0	-1.4752170634097699	1.150675061194808
c5396	True	0	-1.466528159359324	1.1467238784137106
c3371	False	0	-0.5250256695544114	1.6010307737406084
c3713	False	0	-0.6070081177267084	1.346972491913122
c4197	False	0	-0.9924504121858151	1.206152401465344
c5023	True	0	-1.1253593258685863	1.0309528003792796
c5024	True	0	-1.1466863324603098	0.9938472345558317
c4198	False	0	-0.2543277927491598	1.1227481701932167
c5385	True	0	-0.07257862720128654	0.8481386413592289
c5386	True	0	-0.0790816726346145	0.8441395603559213
c3714	False	0	-0.1709760159887064	1.3240299114475163
c4341	False	0	0.28458153473579095	1.0985605149272797
c5333	True	0	0.6378300859375483	0.7603323770117211
c5334	True	0	0.32258810748225886	0.8538406382769599
c4342	False	0	-0.27878183457442757	1.1460129830951027
c5137	True	0	-0.13599964193046393	0.8266398268420846
c5138	True	0	-0.5219412398781283	0.9816049726402787
c4225	False	0	2.2740727435897408	1.3395615209522278
c5085	True	0	2.416923256519557	0.8158081233509153
c5086	True	0	2.2253307317738416	0.8829417257468398
c56	False	0	0.208752368398162	4.7994170391647835
c137	False	0	0.850039006362244	4.73658720590109
c2221	False	0	0.9148738860418723	3.1806211721369158
c3575	False	0	0.5984700638712102	1.5539534867836227
c4467	False	0	0.7808945528517008	1.1528915229246792
c4911	True	0	0.9512857545429545	0.7794931659493456
c4912	True	0	0.6654316608553085	0.8595370762481704
c4468	False	0	0.23329008839672075	1.209133840062226
c5039	True	0	0.20141603102373556	0.8645727973962262
c5040	True	0	-0.15778750099512714	0.9920024810339759
c4555	False	0	1.6987638566907122	1.340320243850629
c5189	True	0	1.5982219831203337	0.9147160712951935
c5190	True	0	1.816965395007115	0.8466924136697468
c166	False	0	1.041621792573184	4.681331173969975
c244	False	0	1.3927144569064307	4.628886001084149
c547	False	0	2.2425384482479354	4.2559539897923795
c3767	False	0	0.7905830574110552	1.590495219218394
c4493	False	0	1.099400215614085	1.1551331914520162
c5393	True	0	1.431902177412993	0.7446762491809708
c5394	True	0	0.9076650516195309	0.8744389980723732
c4494	False	0	0.36388153489522646	1.2298382213061698
c5271	True	0	0.28376745698389483	0.8983642349035131
c5272	True	0	-0.057105320447581424	1.005667494281156
c711	False	1	2.854564725435651	4.069829363344189
c945	False	1	3.195756731453477	3.9923108931402864
c1398	False	1	3.6480440105421374	3.922628831718051
c2616	False	1	4.675302515625367	2.8642260774188246
c4196	False	1	4.324013387623739	1.3803064803612712
c5097	True	1	4.3700263496370635	0.9005988731275847
c5098	True	1	3.8903589402605436	1.0180526886988033
c4237	False	1	5.483528571473154	1.3789673124934392
c4969	True	1	5.187237529969244	0.9769308232937466
c4970	True	1	5.649200872251519	0.9367845538195518
c4314	False	1	3.5962319984563638	1.4035560651570278
c5001	True	1	3.8932966474320247	0.8908356005094261
c5002	True	1	3.189525278067878	1.0009726623567252
c1816	False	1	3.1981076796214274	3.410348706405024
c2714	False	1	2.672142154251992	2.77051055664054
c4266	False	1	1.555242497364735	1.3787296520824988
c4925	True	1	1.3823511625926852	0.9766906688737058
c4926	True	1	1.3694925297822853	0.9493151161172124
c4240	False	1	2.782905437632749	1.3342142635714316
c5253	True	1	2.7344978749483473	0.8894569895535491
c5254	True	1	2.7448003451561442	0.9053081973433127
c4254	False	1	4.489424328480818	1.4113401475772471
c5327	True	1	4.549358621943231	0.9779334117000898
c5328	True	1	4.444839404375342	0.9630354685096533
c946	False	1	2.9596127937972367	4.0976807538375795
c2801	False	1	4.171787893405852	2.2228650763479996
c3059	False	1	3.934979555747232	1.6000468523996647
c3655	False	1	3.9048291573233342	1.3247474756516495
c4521	False	1	3.5525123224452577	1.1329914458703558
c5083	True	1	3.095777833871005	0.9008812054574686
c5084	True	1	3.402276614705376	0.8524115407480019
c4522	False	1	3.92748299622332	1.114937905160156
c5177	True	1	3.849746717422261	0.8023142584787436
c5178	True	1	3.72547608449638	0.877961034461561
c3656	False	1	3.4249700771080898	1.3436243547591695
c4613	False	1	2.7840209648831955	1.1604619180586782
c5277	True	1	2.28593266181517	0.9594871974328469
c5278	True	1	2.4843560363667985	0.8877699704679453
c4614	False	1	3.3174958448827865	1.1565740723433076
c5093	True	1	2.934348381847108	0.9532185362723976
c5094	True	1	3.3684395175356925	0.8785435203272713
c4475	False	1	5.171723854243716	1.3398704241114343
c5135	True	1	5.350424246014313	0.9040304057683749
c5136	True	1	4.954847282024913	0.9847175876383416
c4360	False	1	2.715147725607596	1.3753087189103825
c4993	True	1	2.507784123988331	0.940434379907568
c4994	True	1	2.866473446672739	0.8639747815001938
c776	False	0	1.0942960777304815	4.448567789775949
c1705	False	0	0.9503015318808263	3.7925959838091003
c4600	False	0	0.4885272830988082	1.3832633315543608
c5381	True	0	0.4374250084587111	0.9208045583766633
c5382	True	0	0.430564534601578	0.9200357376150616
c2248	False	0	1.000933059794402	3.2797659559560937
c4601	False	0	-0.03521283681317983	1.443204764132543
c4935	True	0	0.010633580907996931	0.9408727216371984
c4936	True	0	-0.33824545226777253	1.1079005326047493
c4653	False	0	1.9857152749639297	1.3205375668224442
c5285	True	0	1.7934003121461322	0.8601648499728224
c5286	True	0	2.217817684886769	0.8356095225978594
c2775	False	0	1.4341467631400318	2.880887149803967
c4463	False	0	1.8423012271556432	1.3035480652691942
c4913	True	0	1.697927406983842	0.8612548542612122
c4914	True	0	1.9130174707557221	0.8272190121549285
c4535	False	0	1.175762028788064	1.3400404998059254
c5005	True	0	0.9255274053680506	0.8966883098178202
c5006	True	0	1.204591347490709	0.9003447950661777
c324	False	0	0.7653368838894432	4.578787086116245
c951	False	0	1.7028078762017784	3.886065197110041
c1171	False	0	1.9552759001136406	3.669037685101326
c1415	False	0	2.0351114580351433	3.5009525727703936
c1697	False	0	1.9675497443946974	3.501512144718735
c3758	False	0	1.3031606648819967	1.5678745060313433
c4487	False	0	1.396947869218436	1.1527278609799942
c5323	True	0	1.592370921136315	0.7473007283751225
c5324	True	0	1.0893759880939946	0.8808007104825526
c4488	False	0	0.9789271523631409	1.2120541497230106
c4939	True	0	0.4472203998965885	1.0396734265990732
c4940	True	0	1.033689433993585	0.8190234199774348
c4503	False	0	2.211307551848079	1.3359455335760106
c5311	True	0	1.9602964084478944	0.919560406950465
c5312	True	0	2.3470698621020283	0.7968276430164764
c2673	False	0	1.8359667597623013	2.3583584394631445
c3941	False	0	1.5938125607904456	1.473757293720107
c4435	False	0	1.9353679728641007	1.119147791362687
c4953	True	0	1.9807742147749714	0.7861265793747629
c4954	True	0	1.9570260131355937	0.7849033733240053
c4436	False	0	0.927785585909876	1.1840388776773212
c5223	True	0	0.6842909823831616	0.8407283685399067
c5224	True	0	0.3590539280576073	0.987583826849265
c3374	False	0	1.7616178518815369	2.1833089679831805
c4489	False	0	2.2972963451351576	1.257994419576726
c5041	True	0	2.576281733074614	0.7824915765147952
c5042	True	0	1.9976710132791027	0.9075989410044836
c5308	True	0	0.18240602888417382	1.4942646602729037
c3355	False	0	2.2280342125016075	1.943936019811793
c3881	False	0	2.52238535546636	1.4107309969024506
c4563	False	0	2.2080055795534825	1.1354884424033054
c4955	True	0	2.1136985193219338	0.7872123092148938
c4956	True	0	1.6787277675665289	0.902808376425934
c4564	False	0	2.7818823312666154	1.1267528521245849
c5095	True	0	2.87865845125764	0.8324657248884044
c5096	True	0	2.5623284268788673	0.8214709758386193
c4470	False	0	1.4740886721712743	1.276990616917421
c5173	True	0	1.5672498385636462	0.8014708397353416
c5174	True	0	0.8177467880027848	1.0202338976290877
c1799	False	0	1.074323809932841	3.5130192459232683
c3885	False	0	0.9009562863439701	1.5671579874546344
c4643	False	0	0.6998699313213287	1.204211960288641
c5339	True	0	0.8483436679389312	0.8214973155693664
c5340	True	0	0.23313023419719014	1.0067450905661801
c4644	False	0	0.9653361395352863	1.1622437347686987
c5227	True	0	0.7798630904628813	0.8676779233468234
c5228	True	0	1.0642085782897603	0.7968064101871576
c4251	False	0	0.550057119451118	1.3924377894051732
c5077	True	0	0.476187430629313	0.9349557560388269
c5078	True	0	0.47374676902392315	0.9477303256969053
c1343	False	0	-1.2007279783150326	3.498637065241497
c2328	False	0	-0.9289000240738899	2.7791136969447807
c3413	False	0	-0.3890877608521451	1.6574260792487816
c3735	False	0	-0.20419156388057225	1.3505631201024224
c4447	False	0	0.456446321798354	1.0839878664708904
c5071	True	0	0.45462815811366447	0.8093121178049506
c5072	True	0	1.0327170188482322	0.7223062857782957
c4448	False	0	-0.6820019577011064	1.2088103437433908
c5273	True	0	-0.8810681350189623	1.0307303033926583
c5274	True	0	-0.9019769994480927	1.0011925889997333
c3736	False	0	-0.28886039272327957	1.3508496074958338
c4355	False	0	-0.369226799597095	1.1600093087697858
c5117	True	0	-0.19106332958600103	0.8354992134997323
c5118	True	0	-0.6088120382805481	1.0054991282633354
c4356	False	0	-0.09955474521473016	1.1327173692349803
c5233	True	0	0.34315234990989746	0.7660886628973989
c5234	True	0	-0.36834792792865023	0.9664772693475282
c4451	False	0	-1.56452150339453	1.5243825984424832
c5015	True	0	-1.5837312261007357	1.1575363652797512
c5016	True	0	-1.577853420158705	1.1565157275691471
c1578	False	0	-1.4910034947745938	3.334250201594206
c4549	False	0	-1.7703221054538874	1.5590355810388654
c5297	True	0	-1.741706003157084	1.1783135213238745
c5298	True	0	-1.743039792337865	1.1595830117928476
c2310	False	0	-1.8776935705857707	2.751161057399718
c2753	False	0	-2.1625690826304242	2.429950343435376
c4203	False	0	-2.11206319132027	1.483693337495505
c5351	True	0	-2.0127020994158604	1.1341648463900713
c5352	True	0	-2.00757452272769	1.1446725391106507
c3900	False	0	-2.4387714425129894	1.5901746677818647
c4439	False	0	-2.3868732251289226	1.3043185428675836
c5401	True	0	-2.2186359636064377	1.083211634621054
c5402	True	0	-2.2273679644996727	1.0981580887411133
c4440	False	0	-2.3759932197068623	1.3159727850882412
c5169	True	0	-2.21179538849618	1.1022097862904916
c5170	True	0	-2.2029538353239824	1.12216086762863
c4431	False	0	-0.9628880125501871	1.4112233164709749
c5053	True	0	-0.6182712494965981	0.9126396078035414
c5054	True	0	-1.0307036697512757	1.0893656145679256
c70	False	0	0.10791152403824418	4.7953187770187
c694	False	0	-0.47777165684768386	4.555434610179063
c1828	False	0	-1.4594270324293588	3.435088502579935
c3681	False	0	-1.4688301490421973	1.627238794134905
c4411	False	0	-1.2030314385122833	1.234011847574793
c5131	True	0	-0.7762497656057744	0.8710597252070392
c5132	True	0	-1.238904415276657	1.018840578307687
c4412	False	0	-1.6295718075152337	1.2996225955200125
c5143	True	0	-1.6230246875788705	1.0650266453615789
c5144	True	0	-1.6174407484041406	1.0668285167967315
c3377	False	0	-1.9846299237866887	2.330440794183586
c4508	False	0	-2.028447606851175	1.4725569974644015
c5029	True	0	-1.9390199425049484	1.162667361286015
c5030	True	0	-1.9350557380010927	1.1451138674403156
c4617	False	0	-2.029774821082925	1.4681803338781048
c5265	True	0	-1.942445777234821	1.1489596445781618
c5266	True	0	-1.934788415851608	1.145791859307343
c4391	False	0	1.1876183772807771	1.3703911785174947
c5319	True	0	0.9869346487980044	0.956936434429665
c5320	True	0	1.4623044451104794	0.8297885686802332
c90	False	0	0.03319274929686155	4.780506752358944
c129	False	0	-0.22930611358597502	4.772230733130933
c157	False	0	-0.410140586654505	4.762037587136848
c203	False	1	-0.31024993070015144	4.755681203948458
c294	False	1	-0.175352959744174	4.695867243090217
c367	False	1	0.02905513565259508	4.702773144263365
c1847	False	1	1.1672685641628084	3.5557508099283845
c4524	False	1	0.3443197321454141	1.4499769657713553
c5155	True	1	0.1522441724906658	1.0884553706454492
c5156	True	1	0.47795553175742705	0.9543908320955788
c3201	False	1	1.9090492044495446	2.245545672196901
c4417	False	1	2.5793042558692045	1.2896263882785153
c5241	True	1	2.9466485679718284	0.8190813862376662
c5242	True	1	2.426215912642448	0.9549426347645131
c4206	False	1	1.6705796407297602	1.2982564602703601
c4995	True	1	1.7286384919127218	0.8692068957421477
c4996	True	1	1.4816375682611063	0.9308174732217119
c4552	False	1	-0.6781820152527752	1.5309143725872882
c5081	True	1	-0.6891505455104673	1.1099556267690924
c5082	True	1	-0.6832492899134953	1.1132306531721663
c1228	False	1	-0.8291027789110883	3.692873151557384
c3741	False	1	-1.6310199509039447	1.6748801633426056
c4637	False	1	-1.589257234399345	1.3095345042837114
c5193	True	1	-1.3807118947964936	1.0388657036787594
c5194	True	1	-1.3560101842857448	1.0887277472122983
c4638	False	1	-1.5902819837638456	1.3196783689500393
c5163	True	1	-1.3707756349072189	1.0892370586671078
c5164	True	1	-1.3688902146155872	1.0751577915911208
c1516	False	1	-0.8261268555694576	3.425157774901358
c3416	False	1	-1.46938901514016	1.983956579380955
c3809	False	1	-1.4420491198416443	1.47560473561359
c4465	False	1	-1.044682250280828	1.2046163665894547
c5191	True	1	-0.47708058988745805	0.9018892676590298
c5192	True	1	-0.8842261430555914	1.0036384663377318
c4466	False	1	-1.4307899009524048	1.2470565765825115
c5403	True	1	-1.2276441176234463	1.0340984189203721
c5404	True	1	-1.2428238681084418	1.0333433421217653
c4414	False	1	-1.3895113931667553	1.4068423091697484
c4963	True	1	-1.2063951625468066	1.1078726400163983
c4964	True	1	-1.2006299751040184	1.1074114672516362
c1988	False	1	-0.4690193912859485	3.374712472201794
c4546	False	1	-0.09922942697911288	1.4409837316966883
c5203	True	1	0.1714152027560932	0.9590110321852571
c5204	True	1	-0.18266915054649302	1.0675303513424108
c4269	False	1	1.378661764358795	1.3466978286312137
c5059	True	1	1.3098916366796438	0.9808186560579584
c5060	True	1	1.790321733987368	0.7816201608175876
c4421	False	1	-0.6516481641555422	1.5496912440164163
c5089	True	1	-0.6624516041871815	1.1375144272745117
c5090	True	1	-0.6657900698375713	1.1352181535336237
c863	False	0	-0.3666975641349282	4.375288388964103
c2234	False	0	0.008986765461406782	3.1829365777170175
c4554	False	0	-1.2243456900855931	1.5259514193020691
c5305	True	0	-1.3230950667407484	1.1482822985284165
c5306	True	0	-1.3265429176728851	1.1349557574493228
c3616	False	0	1.1105451957527623	1.5262532392912878
c4651	False	0	1.3323543059016036	1.1387980968902256
c5239	True	0	1.3418188794651025	0.8092311691836008
c5240	True	0	1.346987275167774	0.796675287207996
c4652	False	0	1.110153466065877	1.1465305993866812
c5275	True	0	0.8814293286331673	0.8513384644671786
c5276	True	0	1.1690663406875126	0.7852713436854537
c3417	False	0	-1.0316313082790918	2.0103998714968805
c4215	False	0	-0.798990565530386	1.3411895799491023
c4915	True	0	-0.5033776008459899	0.9553647768764539
c4916	True	0	-0.9145306615662043	1.0481423568696742
c3592	False	0	-1.1928735121042293	1.4873019529890732
c4389	False	0	-1.4153694999221702	1.2595521959867868
c4949	True	0	-1.4519380583348591	1.042852582571104
c4950	True	0	-1.4491507016436316	1.061724314066273
c4390	False	0	-1.0078031147542297	1.209869871704585
c5373	True	0	-1.078096749112314	1.0173060016982232
c5374	True	0	-0.6521868181143481	0.8986728413084693
c844	False	0	0.435470042823388	4.221847370170399
c1438	False	0	0.6692448736816295	3.810979580780354
c2975	False	0	1.765897897292984	2.570941248521014
c4075	False	0	1.8978695969030261	1.4915284773281803
c4743	False	0	1.6206112445369514	1.148308610728078
c5431	True	0	1.2360520088227664	0.88902555164712
c5432	True	0	1.4934978407614035	0.7837620875637137
c4744	False	0	2.0006737780394603	1.1433748901034333
c5429	True	0	2.0103532132200947	0.8141712164280539
c5430	True	0	1.8109922406845764	0.8382943837630555
c4741	False	0	2.0896689071224803	1.2918733210741138
c5479	True	0	2.4328211319520014	0.7788437025120798
c5480	True	0	1.6212454579870512	0.9173694813504939
c2974	False	0	-0.048076632863953944	2.6025470558191337
c4064	False	0	-0.7800445559971568	1.5668026366983485
c4671	False	0	-1.1259364809587737	1.2813846891066136
c5539	True	0	-1.2495426092887587	1.043990736449608
c5540	True	0	-1.2329285157916372	1.072739773415118
c4672	False	0	-0.7316460391055847	1.2186465327309206
c5477	True	0	-0.46167581845955513	0.8693491815722652
c5478	True	0	-0.8881275656737908	1.0129855655516962
c4750	False	0	0.5323286669930971	1.321835036414307
c5499	True	0	0.1266012159042081	1.0453764367849507
c5500	True	0	1.0496131693186699	0.7433242533672046
c3781	False	0	0.2392218712058175	1.5903017315598564
c4509	False	0	-0.016783778927470676	1.210622957354431
c5365	True	0	0.034010869897188455	0.8369222458444008
c5366	True	0	-0.3495147425853356	0.995696963290508
c4510	False	0	0.4580306215546803	1.1770524491085501
c5237	True	0	0.995546996561092	0.7385879530494108
c5238	True	0	0.052935921390474504	0.9682718748104125
c108	False	0	0.059175202415683366	4.787333629089299
c168	False	0	0.23741806195426607	4.781864907040327
c447	False	0	0.6600895994276976	4.558495943467027
c1124	False	0	1.0297852864041181	4.005502696878737
c3218	False	0	0.9723819587206431	1.712640426918145
c3729	False	0	1.2654367443624777	1.3480923663842228
c4393	False	0	0.9782003431744906	1.1342470061364454
c5357	True	0	0.757868043543061	0.8759568666107024
c5358	True	0	0.758677825302023	0.861824581686359
c4394	False	0	1.6565367364365684	1.1007399079191846
c5127	True	0	1.2955517236821905	0.8761536178848448
c5128	True	0	2.1696331903985104	0.7275242291814722
c3730	False	0	0.5977313443973118	1.366473102285746
c4429	False	0	0.2386357502340118	1.1684940992918773
c5159	True	0	0.20312647179130855	0.8673272694471926
c5160	True	0	-0.14340288068271803	0.9925499595600101
c4430	False	0	0.4780016578707085	1.1325258284273156
c5185	True	0	0.7019756592963281	0.7622555994629701
c5186	True	0	0.04536805414722841	0.9558026649773999
c1907	False	0	1.3544256274982767	3.2699980416751
c3863	False	0	2.3672240380976617	1.5321044275159896
c4647	False	0	2.2862386983018297	1.1497314206715115
c5355	True	0	1.9736191570247434	0.8462327683287653
c5356	True	0	2.198706661690394	0.7979375423450945
c4648	False	0	2.461745988960257	1.1427876525244578
c4985	True	0	2.331517751524537	0.798828256396514
c4986	True	0	2.3449832267391977	0.8179874825755159
c2829	False	0	0.9482291229295187	2.730610565591414
c4340	False	0	0.049657159098648984	1.4008888938856434
c5289	True	0	0.07668077928307049	0.9361019450664867
c5290	True	0	-0.2924764073084717	1.0613302991050044
c4322	False	0	1.0159583267957082	1.3055411045140037
c5325	True	0	1.0940792871503826	0.8346961644998477
c5326	True	0	0.8369215780133763	0.8798614631081525
c648	False	0	0.6214216144469149	4.570894880240888
c3433	False	0	0.9566962384446157	2.290521299691876
c4530	False	0	1.3437125018188882	1.2646484601357422
c5055	True	0	1.3607997959295275	0.8392510585910613
c5056	True	0	1.340527928517705	0.8414171182719813
c4186	False	0	0.6145098598683703	1.320017491016926
c5133	True	0	0.8018724441157413	0.8375915835381637
c5134	True	0	0.1640943542991473	1.0206617546127217
c4326	False	0	0.6511849687061835	1.3900967835386357
c5115	True	0	1.095502804586086	0.8159503855267771
c5116	True	0	0.19392322594217376	1.0281180724424037
c1348	False	0	0.7431322499267483	3.6540537025283686
c3098	False	0	-0.3747109296335169	2.2965801164754738
c4362	False	0	-1.0983910415538378	1.4313897413738532
c5341	True	0	-1.2319342118092207	1.075216879469586
c5342	True	0	-1.222263816020708	1.1198105007381383
c4611	False	0	-0.04225602098825986	1.2925057401442126
c5217	True	0	-0.32749615319719233	1.0152075444063724
c5218	True	0	0.3866947340266134	0.7579337731778092
c1506	False	0	1.0045845557246822	3.3952194748439237
c3952	False	0	1.6536467632229783	1.5479565029756233
c4615	False	0	1.372034527252558	1.1757313434482015
c5317	True	0	0.7318941433561791	0.9722127462622037
c5318	True	0	1.5277987679124947	0.7634692777701191
c4616	False	0	1.913794886316827	1.1412409709903673
c5011	True	0	2.334285246824812	0.7312411933841755
c5012	True	0	1.4817083425730828	0.8682612804603895
c2652	False	0	1.2853894918690796	2.2375265170256085
c3193	False	0	1.0540332651903257	1.9743799476868826
c4492	False	0	0.7147852302655517	1.270058852223825
c5371	True	0	0.5637029144396645	0.9005476998428211
c5372	True	0	0.5929255739020312	0.8858796043270007
c4631	False	0	0.6684023397006055	1.3003113532867268
c4999	True	0	0.8382214581926782	0.834209550040591
c5000	True	0	0.20802474230165144	1.053597581225937
c3692	False	0	1.67811600966933	1.4526953722368028
c4335	False	0	1.851345697502305	1.1293263584310105
c4907	True	0	1.7047450815586254	0.8334923299760529
c4908	True	0	1.907383125676146	0.7956392824413985
c4336	False	0	1.4837953422646408	1.1474250015556966
c4981	True	0	1.4079363258882878	0.7739982109811849
c4982	True	0	1.1483396811393554	0.9288657659161395
c140	False	0	-0.034305976859851206	4.813751544612216
c1314	False	0	-1.1627463629137524	4.110619958337989
c2837	False	0	-2.1056684206217477	2.6862920232440257
c3896	False	0	-2.409185721129332	1.6231855536100557
c4499	False	0	-2.358174448559814	1.3207971471300706
c4971	True	0	-2.1953358101326566	1.1042693473592955
c4972	True	0	-2.1978116217073604	1.1088601565339975
c4500	False	0	-2.3623281991569964	1.3133546412422887
c4979	True	0	-2.207920647835161	1.0969382446041438
c4980	True	0	-2.1971591536642756	1.088904147777406
c4292	False	0	-2.068077805929555	1.5153616272105137
c5249	True	0	-1.977020611492717	1.1563833909593197
c5250	True	0	-1.9637924935947146	1.1728835584578576
c4578	False	0	-0.6109446261055292	1.4613791264706166
c5027	True	0	-0.7685478186226755	1.093603555661007
c5028	True	0	-0.3703130955543494	0.9544029696708768
c2671	False	0	-0.4520380648464215	2.434450439591939
c3934	False	0	-0.6734459354319424	1.5301930337484748
c4645	False	0	-0.3625768416690071	1.1879481246693169
c5359	True	0	0.17918784736105772	0.8106905385635901
c5360	True	0	-0.5753745139731815	0.9857903312973673
c4646	False	0	-1.0422221844646677	1.2578734233422808
c5347	True	0	-1.1746216839776138	1.0328821780380912
c5348	True	0	-1.1739642126320209	1.027576110823408
c3787	False	0	-0.2687668925954839	1.5200811993160992
c4279	False	0	-0.7288613768663252	1.2628385013399708
c5153	True	0	-0.9278466272304124	1.0403151664238146
c5154	True	0	-0.9252349946197782	1.0477169277087264
c4280	False	0	0.28712002238904766	1.154031419805246
c5007	True	0	-0.046627205909029586	0.96582640067926
c5008	True	0	1.11212852238755	0.7104447869093122
