ID	gene	h0_r	h0_alpha	h0_sigma	h0_theta	h1_r	h1_alpha	h1_sigma	h1_theta_0	h1_theta_1	h0	h1	lrt	p	q	signif
10	Gene_11	14.578923	9.042496	10.530727	3.297156	7.29361	18.654596	11.722379	2.82336974143982	5.54710054397583	-862.74164	-886.5637	47.644165	9.999000099990002e-05	0.0005555000055550001	True
11	Gene_12	111.07557	7.573428	10.045538	-1.4402965	118.54576	18.195925	12.166938	-1.8334922790527344	1.3752267360687256	440.48444	403.2168	74.53528	9.999000099990002e-05	0.0005555000055550001	True
13	Gene_14	103.90822	3.7902215	8.137072	-0.10458337	236.32277	9.084832	10.118387	-0.6531544923782349	3.641974925994873	241.7329	215.7485	51.96878	9.999000099990002e-05	0.0005555000055550001	True
19	Gene_20	20.808786	8.227152	11.947194	4.438111	13.406851	12.981428	12.931958	3.931693315505981	6.895969390869141	-1932.9724	-1951.3947	36.844482	9.999000099990002e-05	0.0005555000055550001	True
20	Gene_21	31.008093	4.6650076	9.238565	2.5640986	34.408875	9.520572	11.299248	1.9792946577072144	6.119688034057617	-724.44446	-748.1243	47.35974	9.999000099990002e-05	0.0005555000055550001	True
22	Gene_23	140.1047	5.122449	7.925029	-0.9136738	412.55005	10.596831	9.502536	-1.2229118347167969	1.5800912380218506	469.5208	448.60507	41.831482	9.999000099990002e-05	0.0005555000055550001	True
26	Gene_27	44.13401	4.941559	8.4522705	1.5426449	74.99718	9.832061	10.376259	1.1370570659637451	4.4329118728637695	-78.18033	-98.227234	40.09381	9.999000099990002e-05	0.0005555000055550001	True
34	Gene_35	100.72253	4.9579105	8.141368	-0.15190883	247.70947	9.379119	9.688829	-0.6157032251358032	2.280601501464844	418.26846	399.9113	36.714355	9.999000099990002e-05	0.0005555000055550001	True
37	Gene_38	10.366903	6.459014	9.643542	3.2993543	7.53621	12.37858	11.08822	2.8252291679382324	5.846347808837891	-1051.2764	-1069.2031	35.853516	9.999000099990002e-05	0.0005555000055550001	True
45	Gene_46	27.056698	9.54584	9.207361	0.59708565	64.114975	14.570163	10.39342	0.2387409657239914	2.206286668777466	443.83002	426.66177	34.336487	9.999000099990002e-05	0.0005555000055550001	True
52	Gene_53	134.88354	4.007039	7.4604244	0.33581835	320.87613	8.298039	9.061818	-0.1783087998628616	3.177257537841797	311.27292	293.57846	35.388916	9.999000099990002e-05	0.0005555000055550001	True
53	Gene_54	55.41053	5.247618	7.6622624	0.38087916	91.55706	9.262192	9.076351	0.0428285002708435	2.491802930831909	389.90762	374.818	30.17926	9.999000099990002e-05	0.0005555000055550001	True
60	Gene_61	341.96948	5.7677884	9.426053	-1.7179413	62.76201	19.648138	12.511668	-2.1622767448425293	1.6869686841964722	393.2021	346.48126	93.44165	9.999000099990002e-05	0.0005555000055550001	True
65	Gene_66	263.67682	8.374716	10.208698	-1.377259	233.04454	16.538721	12.018015	-1.751370191574097	0.9248990416526794	465.6087	440.19952	50.81836	9.999000099990002e-05	0.0005555000055550001	True
72	Gene_73	248.73602	12.356035	10.76471	-1.7309829	221.14453	18.154953	11.3733835	-2.0857691764831543	0.2015188038349151	463.85193	439.66595	48.37195	9.999000099990002e-05	0.0005555000055550001	True
77	Gene_78	333.96182	6.9819117	9.824012	-1.5960779	167.73294	17.98177	11.842887	-1.9761720895767207	1.277795910835266	438.98956	399.333	79.31311	9.999000099990002e-05	0.0005555000055550001	True
79	Gene_80	41.838356	5.3072124	7.8283153	0.38767964	201.17006	9.092531	9.030637	-0.0338218547403812	2.636330366134644	377.21222	359.82498	34.774475	9.999000099990002e-05	0.0005555000055550001	True
82	Gene_83	41.508884	3.2411666	7.779281	1.2959019	298.54956	10.219703	10.585181	0.4900894165039062	5.989177703857422	-246.98315	-283.3763	72.786316	9.999000099990002e-05	0.0005555000055550001	True
83	Gene_84	103.8932	6.288686	8.874286	0.5583266	253.116	12.415071	10.714127	0.0614854432642459	2.865488052368164	373.6695	349.91345	47.512085	9.999000099990002e-05	0.0005555000055550001	True
89	Gene_90	34.647915	5.520121	8.881134	2.4976401	26.462496	10.406698	10.439429	2.021234035491944	5.065739631652832	-440.93936	-460.60425	39.329773	9.999000099990002e-05	0.0005555000055550001	True
90	Gene_91	140.74832	5.7791967	8.960814	0.63076967	365.96625	9.994206	10.207509	0.2322176396846771	3.1685597896575928	268.5112	248.10513	40.812134	9.999000099990002e-05	0.0005555000055550001	True
103	Gene_104	297.09552	7.3419104	9.192457	-1.1974517	135.99184	14.241274	10.514097	-1.4968855381011963	0.9444761872291564	481.93814	461.0244	41.827454	9.999000099990002e-05	0.0005555000055550001	True
106	Gene_107	19.15891	8.279365	8.493863	1.3587369	11.65465	15.408435	9.817139	1.039880633354187	3.0165200233459477	266.73233	249.65396	34.15674	9.999000099990002e-05	0.0005555000055550001	True
125	Gene_126	23.68531	3.4924302	7.53229	1.2612296	10.833392	14.054641	10.086168	0.6167553663253784	5.698298454284668	-153.18958	-192.8792	79.37924	9.999000099990002e-05	0.0005555000055550001	True
137	Gene_138	194.26964	4.8866644	8.551293	-0.44970515	330.13147	11.397039	10.804977	-0.9057650566101074	2.242372989654541	415.58606	394.369	42.434143	9.999000099990002e-05	0.0005555000055550001	True
141	Gene_142	19.82241	4.700724	9.11077	2.6460326	9.298382	14.081121	11.790694	2.1517934799194336	6.35448169708252	-813.31067	-844.7418	62.862305	9.999000099990002e-05	0.0005555000055550001	True
149	Gene_150	30.24466	4.0864186	7.7381268	1.3927191	72.16083	7.392127	8.937893	0.8299877047538757	4.29798698425293	61.52292	42.575714	37.89441	9.999000099990002e-05	0.0005555000055550001	True
151	Gene_152	106.962326	3.9817507	7.777745	0.39698982	25.876055	15.754222	10.777939	-0.1425661146640777	4.441812038421631	176.59909	133.72668	85.74481	9.999000099990002e-05	0.0005555000055550001	True
152	Gene_153	20.4727	3.752072	7.406177	1.7405927	14.636004	8.245007	8.938938	1.2064427137374878	5.187654495239258	-245.70555	-269.29373	47.17636	9.999000099990002e-05	0.0005555000055550001	True
154	Gene_155	199.26237	4.4883723	8.097937	0.60383165	375.2002	7.7086263	9.417078	0.175505131483078	3.0325915813446045	263.703	251.16467	25.07666	9.999000099990002e-05	0.0005555000055550001	True
158	Gene_159	32.416084	4.300052	7.895804	-0.10647585	23.076618	8.45453	9.321378	-0.4203052818775177	2.846550941467285	326.03528	307.41867	37.233215	9.999000099990002e-05	0.0005555000055550001	True
161	Gene_162	27.594086	7.525108	9.807807	1.9923984	62.48913	11.664209	11.3762045	1.6370550394058228	3.877044677734375	-132.88977	-146.70514	27.630737	9.999000099990002e-05	0.0005555000055550001	True
167	Gene_168	75.21862	4.481412	7.687176	0.15903805	304.4263	7.628723	8.962314	-0.3260502815246582	2.535792350769043	368.23138	354.52475	27.413269	9.999000099990002e-05	0.0005555000055550001	True
172	Gene_173	40.493122	4.2975035	8.207016	-0.002530038	276.97974	7.586756	9.629425	-0.5515362620353699	2.738259077072144	331.28546	315.84796	30.875	9.999000099990002e-05	0.0005555000055550001	True
177	Gene_178	25.955318	8.688075	9.253142	1.8289039	11.330817	19.302658	10.890114	1.4908175468444824	4.0228471755981445	33.539	5.7620087	55.553986	9.999000099990002e-05	0.0005555000055550001	True
184	Gene_185	32.019035	3.9876456	8.705775	0.5463881	22.36124	11.580797	11.353307	-0.064742587506771	4.699112892150879	38.480118	3.9537811	69.05267	9.999000099990002e-05	0.0005555000055550001	True
196	Gene_197	145.77742	5.119098	8.165315	0.24037035	543.5323	9.086488	9.422927	-0.1628925949335098	2.6478166580200195	385.26917	367.77197	34.994385	9.999000099990002e-05	0.0005555000055550001	True
207	Gene_208	25.661316	7.8432555	10.673935	2.8740628	15.466524	14.006245	12.032247	2.411606311798096	5.310725212097168	-661.5569	-684.56555	46.017334	9.999000099990002e-05	0.0005555000055550001	True
212	Gene_213	40.270557	7.02276	9.062489	1.1436647	21.695963	11.53666	10.120274	0.6987500190734863	3.192234516143799	235.24883	216.7894	36.918854	9.999000099990002e-05	0.0005555000055550001	True
227	Gene_228	48.13601	4.1817207	7.1592045	0.76579237	294.98077	9.000652	9.212211	0.2986447513103485	3.011338233947754	321.84622	306.46616	30.760132	9.999000099990002e-05	0.0005555000055550001	True
236	Gene_237	69.864044	4.8159475	7.926618	1.0081949	460.6884	8.182398	9.176164	0.5143905282020569	3.4288647174835205	223.47711	206.00253	34.949158	9.999000099990002e-05	0.0005555000055550001	True
243	Gene_244	90.92118	5.7091656	7.9312162	0.7651193	263.47034	13.577681	9.977277	0.4238894283771515	3.227976560592652	352.16003	322.46317	59.393738	9.999000099990002e-05	0.0005555000055550001	True
247	Gene_248	104.73801	7.161452	8.889546	0.70379704	337.0433	15.721421	11.24584	1.2286750078201294	-1.7553131580352783	400.19974	371.37317	57.653137	9.999000099990002e-05	0.0005555000055550001	True
251	Gene_252	45.415104	4.8489537	8.012118	0.924293	369.50354	11.360055	10.353543	0.3810294568538666	3.741039037704468	234.89801	208.5675	52.66101	9.999000099990002e-05	0.0005555000055550001	True
255	Gene_256	62.902798	5.5347714	8.7972975	-0.04357323	377.4643	8.865184	10.075847	-0.4357118010520935	2.145272254943848	381.86884	368.6176	26.502441	9.999000099990002e-05	0.0005555000055550001	True
264	Gene_265	127.12519	4.7312284	7.328725	1.3449069	661.6838	8.595604	8.457564	0.8735615611076355	3.963276624679565	151.63814	130.02399	43.228302	9.999000099990002e-05	0.0005555000055550001	True
265	Gene_266	43.83162	5.536428	8.272061	-0.1369128	27.284786	10.917004	9.734365	-0.4468930661678314	2.3860716819763184	396.9228	375.6142	42.617188	9.999000099990002e-05	0.0005555000055550001	True
270	Gene_271	138.79973	4.017568	8.429458	-1.0994371	171.5169	10.639733	10.837045	-1.4871736764907837	2.675158262252808	335.95728	310.45178	51.010986	9.999000099990002e-05	0.0005555000055550001	True
286	Gene_287	214.6916	5.407127	8.005576	0.1414597	420.72034	8.287914	8.913798	0.5325247645378113	-2.2905561923980717	458.3579	442.9679	30.78003	9.999000099990002e-05	0.0005555000055550001	True
295	Gene_296	142.01912	6.0032306	7.676463	1.4723659	428.8105	13.404217	9.485127	1.0683023929595947	3.88690710067749	181.46167	152.9577	57.007935	9.999000099990002e-05	0.0005555000055550001	True
298	Gene_299	75.112564	6.750907	9.642441	-1.1062659	52.663807	10.140053	10.599747	-1.4928274154663086	0.9505904912948608	446.81308	433.50378	26.618591	9.999000099990002e-05	0.0005555000055550001	True
303	Gene_304	40.566704	3.5931432	7.708086	-0.038032316	54.12075	5.9280424	8.693947	-0.5863415598869324	3.1561787128448486	251.06976	237.08899	27.961548	9.999000099990002e-05	0.0005555000055550001	True
308	Gene_309	85.12164	5.627282	8.339103	0.021091146	484.97543	10.820856	9.776623	-0.3495567142963409	2.5334219932556152	435.07397	410.3271	49.493774	9.999000099990002e-05	0.0005555000055550001	True
314	Gene_315	165.02621	5.2929463	7.8700047	0.17287932	359.684	9.398876	9.26223	-0.2181218415498733	2.4545068740844727	404.20822	387.47504	33.46637	9.999000099990002e-05	0.0005555000055550001	True
316	Gene_317	105.463936	7.4124956	8.858337	1.0746007	256.91876	12.285936	10.306982	0.7433471083641052	2.815157175064087	313.49753	298.32138	30.352295	9.999000099990002e-05	0.0005555000055550001	True
323	Gene_324	70.02754	6.5396113	8.362078	0.19101602	339.91022	18.729198	11.163483	-0.2359087467193603	2.609995126724243	464.15033	428.11066	72.079346	9.999000099990002e-05	0.0005555000055550001	True
327	Gene_328	94.13704	4.005426	7.8580585	0.53745985	388.2531	9.931727	9.850116	0.051665261387825	4.140915393829346	191.5105	160.69774	61.62552	9.999000099990002e-05	0.0005555000055550001	True
331	Gene_332	99.19762	7.252495	8.246991	-0.50846565	230.5786	13.736368	9.4720745	-0.828755795955658	1.4612089395523071	515.73846	493.37775	44.721436	9.999000099990002e-05	0.0005555000055550001	True
332	Gene_333	27.442995	10.59555	12.73951	4.069225	18.358807	15.136208	13.44465	3.603081703186035	6.077824592590332	-1513.654	-1530.8562	34.404297	9.999000099990002e-05	0.0005555000055550001	True
333	Gene_334	126.52709	5.672716	7.9064326	0.69472927	221.55388	9.485493	9.046583	0.3367615938186645	2.9806582927703857	319.99283	301.14795	37.68976	9.999000099990002e-05	0.0005555000055550001	True
347	Gene_348	53.943733	4.879258	8.150116	2.126642	49.414314	10.34223	9.966081	1.6288758516311646	4.861651420593262	-205.46947	-226.11288	41.286835	9.999000099990002e-05	0.0005555000055550001	True
349	Gene_350	38.13925	6.101422	8.2485895	1.1362859	144.38242	12.868647	9.980103	0.7237813472747803	3.5752928256988525	247.18143	219.60036	55.16214	9.999000099990002e-05	0.0005555000055550001	True
350	Gene_351	129.64699	4.243842	7.975887	0.1082166	294.09677	8.827308	9.569343	-0.4254291355609894	3.2394955158233643	322.75937	298.1964	49.125916	9.999000099990002e-05	0.0005555000055550001	True
357	Gene_358	69.59608	5.683731	7.9665103	0.9516166	80.093895	9.614449	9.256711	0.56569504737854	3.00942063331604	283.22064	268.02246	30.396362	9.999000099990002e-05	0.0005555000055550001	True
365	Gene_366	74.066696	7.5658965	9.392807	0.4434688	283.34363	11.130668	10.503689	0.0992692485451698	2.189848661422729	401.51807	388.21207	26.612	9.999000099990002e-05	0.0005555000055550001	True
370	Gene_371	250.91748	4.1551676	7.721998	0.501345	503.04074	11.032987	10.035323	-0.0607768632471561	3.7789833545684814	258.30032	230.94736	54.705933	9.999000099990002e-05	0.0005555000055550001	True
373	Gene_374	56.52167	4.946056	8.297257	0.13123667	318.38318	8.224986	9.61591	-0.3090886771678924	2.4897611141204834	375.14856	360.04742	30.20227	9.999000099990002e-05	0.0005555000055550001	True
375	Gene_376	88.14279	6.668757	8.609882	1.5751674	368.80157	9.364847	9.441005	1.2279839515686035	3.414735794067383	113.10893	100.229095	25.759674	9.999000099990002e-05	0.0005555000055550001	True
376	Gene_377	157.82845	12.333904	10.003381	-1.4181321	78.506775	24.433054	10.928517	-1.6514053344726562	0.5231857895851135	482.64154	453.5049	58.273254	9.999000099990002e-05	0.0005555000055550001	True
382	Gene_383	116.049835	10.727181	10.218768	-0.5824936	299.42282	15.179635	11.003782	-0.9080826044082642	1.0278441905975342	522.4444	506.1239	32.64099	9.999000099990002e-05	0.0005555000055550001	True
384	Gene_385	65.29366	4.8711915	8.653251	0.22345097	59.895294	10.053267	10.597389	-0.2645147144794464	3.0452284812927246	319.80756	298.0463	43.522522	9.999000099990002e-05	0.0005555000055550001	True
388	Gene_389	71.04688	8.407701	9.972457	2.8222115	277.88113	14.15014	11.667745	2.381988525390625	4.893385887145996	-481.6368	-503.64413	44.01465	9.999000099990002e-05	0.0005555000055550001	True
389	Gene_390	76.082924	3.6171792	7.27739	0.5846659	310.1832	6.510567	8.352765	-0.0170229896903038	3.6645898818969727	225.27458	209.81038	30.928406	9.999000099990002e-05	0.0005555000055550001	True
393	Gene_394	67.52602	3.829703	8.129519	0.5049939	422.40585	6.1589866	9.25485	-0.0285042691975832	3.4351933002471924	181.50642	168.75574	25.501373	9.999000099990002e-05	0.0005555000055550001	True
403	Gene_404	143.5978	5.635042	9.051728	-0.38805968	502.16574	8.724719	10.208536	-0.801289975643158	1.8000891208648682	415.25735	401.67627	27.16217	9.999000099990002e-05	0.0005555000055550001	True
409	Gene_410	103.95148	5.1550508	7.4646378	0.6944469	456.35477	8.730194	8.673771	0.3193155825138092	2.802037715911865	335.93155	320.73468	30.393738	9.999000099990002e-05	0.0005555000055550001	True
418	Gene_419	25.415413	6.821561	9.158056	2.148461	19.035034	10.627594	10.2397585	1.836478590965271	3.9740943908691406	-206.591	-219.16425	25.146484	9.999000099990002e-05	0.0005555000055550001	True
420	Gene_421	23.71259	9.855559	10.285024	0.8353557	20.935904	14.854375	11.501486	0.4846353828907013	2.463822603225708	343.59448	328.41504	30.358887	9.999000099990002e-05	0.0005555000055550001	True
424	Gene_425	186.2055	4.593509	7.884245	-0.15401563	533.3448	10.319425	9.691124	-0.6013721823692322	2.8403127193450928	380.86902	355.4065	50.92505	9.999000099990002e-05	0.0005555000055550001	True
425	Gene_426	52.703022	9.1292715	9.495755	0.10330809	66.24496	15.8347645	10.737214	-0.2517724633216858	2.02418065071106	483.3706	460.43628	45.868652	9.999000099990002e-05	0.0005555000055550001	True
434	Gene_435	103.39109	6.220177	9.198296	1.3246366	192.58711	11.960725	11.057295	0.8872467279434204	3.7348666191101074	129.08067	107.50972	43.141907	9.999000099990002e-05	0.0005555000055550001	True
439	Gene_440	31.62136	5.1001835	8.540324	1.4519582	263.7323	10.112844	10.565484	0.9947423338890076	4.12481164932251	20.940674	0.045928955	41.78949	9.999000099990002e-05	0.0005555000055550001	True
451	Gene_452	26.878225	4.175459	8.732143	1.7398871	24.963472	7.605321	10.2160425	1.2045962810516355	5.025470733642578	-341.05936	-358.84714	35.57556	9.999000099990002e-05	0.0005555000055550001	True
462	Gene_463	124.1637	7.67626	9.088259	0.80784845	339.99158	11.564778	10.070414	0.4927550852298736	2.614914894104004	351.67816	335.73282	31.890686	9.999000099990002e-05	0.0005555000055550001	True
463	Gene_464	57.927273	5.6896544	8.313439	0.168281	32.461018	13.971099	10.329903	-0.2736563086509704	2.787726163864136	399.4016	369.53696	59.72931	9.999000099990002e-05	0.0005555000055550001	True
470	Gene_471	24.790833	5.9609227	9.39719	2.4148724	16.734356	11.917359	11.240786	1.918834328651428	4.962138652801514	-412.72888	-433.91187	42.365967	9.999000099990002e-05	0.0005555000055550001	True
472	Gene_473	68.55144	9.626619	10.014824	-0.9114641	187.17325	13.859503	10.863662	-1.2135298252105713	0.6765943169593811	504.57877	490.16632	28.82489	9.999000099990002e-05	0.0005555000055550001	True
483	Gene_484	83.75928	16.799906	11.282983	-0.83424526	191.32188	23.18361	11.778711	-1.1425563097000122	0.7110291123390198	531.17596	510.0995	42.152954	9.999000099990002e-05	0.0005555000055550001	True
490	Gene_491	28.942669	5.352937	8.293525	0.65986806	8.148434	19.92953	11.268444	0.3109859526157379	3.555311679840088	282.12555	247.57571	69.09967	9.999000099990002e-05	0.0005555000055550001	True
494	Gene_495	46.849396	4.417659	8.387023	2.2262168	320.41336	8.574222	10.224305	1.708263278007507	5.145591735839844	-373.32565	-393.30832	39.965332	9.999000099990002e-05	0.0005555000055550001	True
33	Gene_34	97.75978	5.1879716	7.7533503	1.5804075	139.95447	7.6702647	8.726758	1.1841062307357788	3.4674878120422363	79.75833	68.5744	22.367859	0.00019998000199980003	0.0009090000090900001	True
50	Gene_51	33.07124	3.6840262	7.9446163	1.2833825	76.73942	5.672318	8.842585	0.8045690059661865	4.238376617431641	-51.288956	-62.966278	23.354645	0.00019998000199980003	0.0009090000090900001	True
62	Gene_63	37.38346	6.3555694	9.551732	2.5435607	58.631325	9.072877	10.698302	2.161611557006836	4.506396293640137	-443.0008	-454.39304	22.784485	0.00019998000199980003	0.0009090000090900001	True
69	Gene_70	27.695732	6.57329	9.0502	1.0421463	32.16083	9.504454	10.062738	0.6865131258964539	2.807244300842285	255.64119	243.82114	23.640106	0.00019998000199980003	0.0009090000090900001	True
76	Gene_77	74.28213	4.835301	8.595051	2.3249986	382.5088	7.2073135	9.7720175	2.811283588409424	0.1891110390424728	-368.05222	-380.15808	24.211731	0.00019998000199980003	0.0009090000090900001	True
80	Gene_81	196.69069	7.0080543	8.672785	-0.21845266	476.72678	10.84324	9.839007	-0.5391284227371216	1.3637025356292725	492.20154	480.62842	23.14624	0.00019998000199980003	0.0009090000090900001	True
101	Gene_102	106.58898	4.0371513	7.950193	1.4862767	266.74704	6.0105767	8.906922	2.0085251331329346	-1.418673396110535	7.94281	-4.034317	23.954254	0.00019998000199980003	0.0009090000090900001	True
127	Gene_128	87.4378	10.325452	9.189502	-0.5023025	369.41104	13.235772	9.6378145	-0.7707298994064331	0.8242617249488831	538.4772	526.5152	23.92395	0.00019998000199980003	0.0009090000090900001	True
130	Gene_131	38.87553	5.7175317	8.312777	0.48660353	111.21018	8.497216	9.4237175	0.1311012208461761	2.477256774902344	329.71564	317.4112	24.608887	0.00019998000199980003	0.0009090000090900001	True
144	Gene_145	108.34659	4.749089	8.435756	2.0310123	504.9224	7.1138835	9.483405	1.6433436870574951	4.391623973846436	-244.26404	-255.41933	22.310577	0.00019998000199980003	0.0009090000090900001	True
165	Gene_166	215.98898	3.4883618	7.7991514	-1.1248903	438.58987	6.2631702	9.24915	-1.7860015630722046	1.8391406536102293	373.13522	361.1234	24.02362	0.00019998000199980003	0.0009090000090900001	True
169	Gene_170	83.60211	4.4554157	8.5157385	0.5225081	468.36957	6.8885646	9.597749	0.0589579157531261	3.0493273735046387	239.4071	227.39473	24.02475	0.00019998000199980003	0.0009090000090900001	True
205	Gene_206	27.92594	8.795208	9.447578	1.1679695	33.51426	12.512336	10.523142	0.8818267583847046	2.692465782165528	258.89355	247.01462	23.757874	0.00019998000199980003	0.0009090000090900001	True
222	Gene_223	42.38987	5.660128	9.486449	2.4762027	33.18566	9.194031	10.865741	2.015117883682251	4.611926555633545	-426.2426	-437.27197	22.058716	0.00019998000199980003	0.0009090000090900001	True
240	Gene_241	172.62335	5.871581	8.519691	1.1749526	402.48206	9.098333	9.685121	0.8083171844482422	3.1637024879455566	213.73418	201.3428	24.782745	0.00019998000199980003	0.0009090000090900001	True
275	Gene_276	192.34409	6.852313	8.493578	0.5245922	351.0185	9.865946	9.3581085	0.2194913327693939	2.1621792316436768	417.1061	405.46567	23.280884	0.00019998000199980003	0.0009090000090900001	True
310	Gene_311	37.67644	4.6909375	9.227532	1.44994	36.4941	6.480671	9.925452	1.0442126989364624	4.139761447906494	-139.2645	-151.34088	24.152771	0.00019998000199980003	0.0009090000090900001	True
372	Gene_373	136.14326	6.307807	8.9279175	1.0443012	481.61588	8.790892	9.832782	0.6671140193939209	2.836844682693481	246.10027	234.95418	22.292175	0.00019998000199980003	0.0009090000090900001	True
430	Gene_431	46.565617	5.833779	8.485069	1.2037722	480.12686	8.512245	9.488555	0.855972409248352	3.1558287143707275	170.54259	158.11041	24.86435	0.00019998000199980003	0.0009090000090900001	True
495	Gene_496	57.61808	4.266538	8.648538	1.93253	190.22237	6.434088	9.788299	1.4795608520507812	4.436463356018066	-284.72064	-296.19116	22.94104	0.00019998000199980003	0.0009090000090900001	True
473	Gene_474	30.416418	4.0507383	8.688456	1.4177157	41.386444	5.9675517	9.653476	0.8835318088531494	4.281872272491455	-174.84543	-185.73766	21.784454	0.00029997000299970003	0.0013512162297283786	True
119	Gene_120	41.50635	6.255203	8.434996	2.0527134	175.17163	9.143611	9.553498	1.6965742111206057	3.7731356620788574	-76.91225	-87.622574	21.420654	0.00039996000399960006	0.0017855357321410717	True
3	Gene_4	104.08232	5.859577	8.063471	1.2126414	618.56775	9.007511	9.135814	0.8510426878929138	2.9174351692199707	284.14142	273.79193	20.698975	0.0004999500049995	0.002032317093493903	True
92	Gene_93	188.04861	4.441857	8.495616	-0.0887265	453.86453	6.656608	9.565131	-0.5392839908599854	2.158177375793457	334.2476	323.9825	20.530151	0.0004999500049995	0.002032317093493903	True
100	Gene_101	60.124123	7.4141006	9.226522	1.895415	75.183945	10.262248	10.160223	1.5835344791412354	3.469932079315185	-28.00296	-38.090027	20.174133	0.0004999500049995	0.002032317093493903	True
178	Gene_179	190.45462	6.920564	8.412255	0.037218746	369.3931	9.195619	8.991239	-0.2567484378814697	1.6042510271072388	486.62796	476.2644	20.727112	0.0004999500049995	0.002032317093493903	True
181	Gene_182	38.85182	3.994821	7.729933	0.4343344	70.48223	5.6990457	8.473376	0.1075388863682746	3.175485372543335	190.55144	180.24019	20.622498	0.0004999500049995	0.002032317093493903	True
320	Gene_321	32.970596	6.8176003	9.880179	2.0437932	32.28957	9.523285	10.8769045	1.6794347763061523	3.8237226009368896	-187.61996	-197.78546	20.330994	0.0004999500049995	0.002032317093493903	True
402	Gene_403	147.74632	9.652628	9.800227	2.546124	749.07184	12.326438	10.522204	2.252953052520752	3.9013559818267822	-250.59973	-260.69684	20.194214	0.0004999500049995	0.002032317093493903	True
417	Gene_418	37.831135	10.738778	10.055068	1.3310903	299.91293	12.958838	10.670767	1.0455065965652466	2.584808111190796	271.8719	261.72418	20.29541	0.0004999500049995	0.002032317093493903	True
456	Gene_457	142.00478	4.5243816	7.966383	0.7679366	262.3805	6.5563817	8.784369	0.3905379176139831	3.075364351272583	216.56184	206.49316	20.13736	0.0004999500049995	0.002032317093493903	True
466	Gene_467	179.72119	7.1935534	9.014665	1.0483804	467.968	10.281781	10.011446	0.7095509171485901	2.635228395462036	310.06003	299.55814	21.003784	0.0004999500049995	0.002032317093493903	True
487	Gene_488	99.49811	7.5458627	9.873647	-0.60029197	333.71375	9.686896	10.418951	-0.943844735622406	1.095112681388855	450.82794	440.74008	20.17572	0.0004999500049995	0.002032317093493903	True
70	Gene_71	19.067434	11.189498	10.779661	2.5766065	11.872341	15.307185	11.394481	2.31853461265564	3.898411750793457	-335.08978	-345.00577	19.83197	0.0005999400059994001	0.0023435156484351563	True
104	Gene_105	107.919945	3.7290835	7.0343556	0.253643	654.4865	5.664281	7.925207	-0.242491602897644	2.762622356414795	327.8409	317.92798	19.825867	0.0005999400059994001	0.0023435156484351563	True
248	Gene_249	25.369102	4.998347	8.770677	2.0262032	179.31895	6.9078918	9.907454	1.637163519859314	4.056284427642822	-259.447	-269.37128	19.848572	0.0005999400059994001	0.0023435156484351563	True
458	Gene_459	63.65295	5.87062	8.629717	1.6032764	240.50008	7.874286	9.419122	1.25701904296875	3.452392339706421	42.893158	33.10141	19.583496	0.0005999400059994001	0.0023435156484351563	True
468	Gene_469	26.52627	9.0968	8.732391	0.17828374	19.766235	11.560477	9.123838	-0.0542615354061126	1.439976930618286	504.0461	494.26517	19.56189	0.0005999400059994001	0.0023435156484351563	True
17	Gene_18	134.80588	3.8444517	7.533025	0.5837345	494.52115	6.6039968	8.846409	0.1058939695358276	2.942128896713257	306.61975	297.3617	18.516113	0.0006999300069993001	0.00257327208455625	True
39	Gene_40	74.22994	4.0766068	7.8578396	0.48401147	361.45575	6.582357	9.085056	0.0379832573235034	2.9847159385681152	230.2603	220.79593	18.928741	0.0006999300069993001	0.00257327208455625	True
192	Gene_193	144.29256	9.953035	10.078158	0.28276622	306.63858	13.093348	10.856841	0.0229571964591741	1.5907412767410278	468.34235	459.3084	18.067871	0.0006999300069993001	0.00257327208455625	True
284	Gene_285	63.733257	5.9744496	8.097035	0.90254784	360.78177	7.9050684	8.808531	0.5723951458930969	2.5308165550231934	324.07828	315.03912	18.078308	0.0006999300069993001	0.00257327208455625	True
302	Gene_303	74.68122	4.569945	8.386542	0.88178134	266.40396	6.2289715	9.191502	0.4815916419029236	3.242835998535156	116.255325	106.84445	18.821747	0.0006999300069993001	0.00257327208455625	True
413	Gene_414	54.482197	6.085486	8.165273	2.3145554	164.98727	7.908737	8.822183	1.957975029945373	4.013602256774902	-171.71019	-180.91882	18.417267	0.0006999300069993001	0.00257327208455625	True
438	Gene_439	113.48545	6.666025	9.163301	-0.26141083	323.55136	8.387044	9.656856	-0.5774463415145874	1.4266483783721924	449.67798	440.06464	19.226685	0.0006999300069993001	0.00257327208455625	True
499	Gene_500	20.621063	9.377531	8.598867	2.0528665	129.70134	11.411809	9.391627	1.7767397165298462	3.200370073318481	48.259674	39.069717	18.379913	0.0006999300069993001	0.00257327208455625	True
54	Gene_55	58.242023	4.88375	8.327591	-0.2517059	220.58775	6.9081945	9.272669	-0.5713827610015869	1.8450212478637693	375.92017	366.9953	17.849731	0.0007999200079992001	0.0028568571714257143	True
85	Gene_86	209.87483	7.82694	9.075592	-0.054179393	403.03925	10.393174	9.790545	-0.3344392776489258	1.3392294645309448	501.71573	492.7762	17.879028	0.0007999200079992001	0.0028568571714257143	True
174	Gene_175	183.88187	4.7503514	8.787075	1.4096893	526.0241	6.921582	9.7112875	0.948924720287323	3.754114627838135	19.57138	10.643219	17.856323	0.0007999200079992001	0.0028568571714257143	True
412	Gene_413	95.78199	3.5290713	8.200282	1.5147402	485.26276	4.88153	8.958007	0.9446856379508972	4.437268257141113	-206.31659	-215.26215	17.891113	0.0007999200079992001	0.0028568571714257143	True
63	Gene_64	146.19955	6.522523	8.42188	0.95613956	493.28687	8.983917	9.184075	0.662865936756134	2.4878289699554443	321.0921	312.416	17.352234	0.000999900009999	0.0033780405743209464	True
200	Gene_201	49.553566	4.312882	9.212032	-0.42835024	38.5507	5.9209456	9.945738	-0.9060899019241332	2.273556709289551	214.27841	205.67398	17.208862	0.000999900009999	0.0033780405743209464	True
289	Gene_290	127.03254	6.6909738	8.565762	0.7114658	415.1248	9.294064	9.438349	0.383518248796463	2.2157905101776123	400.82904	392.1757	17.306702	0.000999900009999	0.0033780405743209464	True
317	Gene_318	121.93479	4.879133	7.7215953	0.029726526	444.96466	6.800494	8.483024	-0.3232934176921844	1.8146727085113523	421.49054	412.96417	17.052734	0.000999900009999	0.0033780405743209464	True
354	Gene_355	57.862183	11.113205	9.674481	1.7203932	377.91812	13.817216	10.396576	1.480385661125183	2.8606297969818115	173.5575	164.87393	17.367126	0.000999900009999	0.0033780405743209464	True
432	Gene_433	64.63429	18.93721	10.732261	-0.98864913	20.695787	21.981707	10.889233	-1.1879534721374512	0.0121463984251022	520.3777	511.71152	17.332336	0.000999900009999	0.0033780405743209464	True
477	Gene_478	88.97463	6.0852914	9.165366	0.026989436	387.8196	7.6493616	9.764726	-0.3144418001174927	1.7061495780944824	397.04135	388.48163	17.119446	0.000999900009999	0.0033780405743209464	True
493	Gene_494	360.0728	7.4523306	9.361804	-1.6039671	304.89816	9.517025	9.893781	-1.88685941696167	-0.0121819907799363	458.5956	449.76758	17.656067	0.000999900009999	0.0033780405743209464	True
0	Gene_1	22.402094	9.519655	11.6800585	3.4471169	36.668087	12.251883	12.997431	3.1269543170928955	4.772651672363281	-969.51184	-977.90875	16.793823	0.0010998900109989002	0.0036909060771775177	True
132	Gene_133	44.03414	20.39559	11.001482	-0.09409113	275.5282	23.12144	11.407919	-0.3076765239238739	0.7695139050483704	578.3726	570.1321	16.48108	0.0015998400159984002	0.005297483496683445	True
422	Gene_423	20.03699	5.537811	8.830624	2.114715	17.795588	7.616909	9.650748	1.7911375761032104	3.9008677005767822	-245.31525	-253.5552	16.47992	0.0015998400159984002	0.005297483496683445	True
98	Gene_99	156.75172	4.0030003	7.6642284	0.6787958	454.24063	5.618073	8.420088	1.1696316003799438	-1.773706078529358	242.27197	234.09248	16.358978	0.0016998300169983002	0.00555500005555	True
271	Gene_272	111.59871	6.890464	8.824304	1.9259478	464.02695	9.545926	9.7769575	1.6174349784851074	3.424778699874878	4.827896	-3.3472443	16.35028	0.0016998300169983002	0.00555500005555	True
43	Gene_44	49.136364	5.5815215	9.445991	3.1973505	484.38055	7.071972	10.292538	2.8584177494049072	4.985452175140381	-897.9237	-905.891	15.93457	0.0018998100189981002	0.0060503503789748414	True
56	Gene_57	237.68002	7.3047667	7.835269	1.0513533	763.7065	8.966492	8.215815	0.8103713393211365	2.3145911693573	368.48764	360.4982	15.978882	0.0018998100189981002	0.0060503503789748414	True
379	Gene_380	166.87184	4.7512083	8.253345	0.72488266	497.1273	6.681808	9.076333	0.313265860080719	2.714165449142456	276.52225	268.55624	15.932007	0.0018998100189981002	0.0060503503789748414	True
381	Gene_382	56.93896	7.7336125	8.706657	0.05586462	342.63513	9.491142	9.27817	-0.1980489045381546	1.3156617879867554	481.775	473.7303	16.089417	0.0018998100189981002	0.0060503503789748414	True
278	Gene_279	140.89296	4.8776736	7.9278665	0.33669382	504.64252	6.485877	8.540007	0.0402875989675521	2.2573084831237797	381.79178	373.86816	15.847229	0.001999800019998	0.006328481075943039	True
138	Gene_139	36.370796	6.048553	8.942927	2.2334316	62.83726	7.868038	9.812173	1.978102445602417	3.7898974418640137	-311.1796	-318.77362	15.188049	0.0024997500249975004	0.0077152778549305565	True
291	Gene_292	41.01311	6.9000077	9.267666	2.6915846	47.073883	8.958155	10.016621	2.3924150466918945	4.207432746887207	-477.584	-485.26096	15.353882	0.0024997500249975004	0.0077152778549305565	True
299	Gene_300	57.467354	8.851632	9.5779295	0.101592354	239.456	11.293459	10.3337555	-0.1569849252700805	1.33762788772583	465.8425	458.27563	15.133728	0.0024997500249975004	0.0077152778549305565	True
360	Gene_361	59.977207	8.036035	9.127657	0.48790312	433.70468	9.382972	9.524697	0.2123754024505615	1.7625248432159424	425.4126	417.79938	15.22644	0.0024997500249975004	0.0077152778549305565	True
123	Gene_124	58.147038	8.609367	9.635136	2.1672008	277.34424	10.151872	10.144065	1.8876978158950808	3.466316699981689	-120.31137	-127.71979	14.8168335	0.0025997400259974	0.007893947447360527	True
183	Gene_184	70.742195	5.3708563	8.967283	-1.1099981	63.070564	7.5947804	9.885202	-1.4278227090835571	0.8408337831497192	416.05673	408.63464	14.844177	0.0025997400259974	0.007893947447360527	True
32	Gene_33	18.040442	4.624989	8.043283	1.5638385	16.167826	6.5344443	8.852529	1.1420209407806396	3.550998449325561	5.9128113	-1.4239197	14.673462	0.0026997300269973002	0.007893947447360527	True
41	Gene_42	52.54429	9.76722	9.669752	0.9519203	270.15405	10.946917	10.051752	1.203401803970337	-0.2086098939180374	351.59024	344.34634	14.487793	0.0026997300269973002	0.007893947447360527	True
108	Gene_109	150.91223	5.5886216	8.57983	1.4535791	496.24695	6.879391	9.074996	1.1393967866897583	3.1040985584259038	93.424164	86.170105	14.508118	0.0026997300269973002	0.007893947447360527	True
110	Gene_111	56.73204	8.624587	10.13531	2.4751632	114.06551	10.507339	10.767729	2.188246488571167	3.870863437652588	-323.04077	-330.3834	14.685242	0.0026997300269973002	0.007893947447360527	True
224	Gene_225	107.23555	5.5514193	8.7120285	1.2036192	344.00323	6.6297064	9.099886	0.8574191331863403	3.0241096019744877	145.10364	137.7561	14.695068	0.0026997300269973002	0.007893947447360527	True
231	Gene_232	143.98668	8.95387	9.510022	1.146085	384.72818	10.310628	9.868963	0.9099550843238832	2.248493432998657	302.6665	295.39597	14.541077	0.0026997300269973002	0.007893947447360527	True
249	Gene_250	68.03004	9.19964	9.52988	1.7408609	313.81006	10.925581	10.027974	1.456876516342163	2.977934598922729	138.7344	131.42935	14.610107	0.0026997300269973002	0.007893947447360527	True
66	Gene_67	47.481937	7.450463	11.003529	3.8593767	98.82258	9.051698	11.758366	3.519166946411133	5.499818325042725	-1427.4719	-1434.6105	14.2771	0.0027997200279972004	0.008045172494244829	True
176	Gene_177	42.764336	6.773643	10.099658	0.9176631	287.81015	8.877077	11.18711	0.5564358830451965	2.4692327976226807	209.21152	202.03918	14.344666	0.0027997200279972004	0.008045172494244829	True
429	Gene_430	53.547592	4.092705	7.912639	2.0021646	99.56056	5.1959343	8.402791	1.6119035482406616	4.379948139190674	-266.2661	-273.41498	14.2977295	0.0027997200279972004	0.008045172494244829	True
86	Gene_87	173.67332	7.5799375	8.327145	0.4467988	443.79135	8.867496	8.613396	0.2051292359828949	1.5895347595214844	491.27954	484.22342	14.112244	0.0028997100289971	0.008237812582378125	True
268	Gene_269	94.41405	19.809671	11.15066	-1.7516947	212.83922	22.254858	11.207349	-1.4765396118164062	-2.916005373001098	436.75122	429.66614	14.170166	0.0028997100289971	0.008237812582378125	True
287	Gene_288	103.0246	7.941247	9.731013	2.1118066	218.8614	9.341536	10.184749	1.8417840003967283	3.398742914199829	-133.37115	-140.3123	13.882294	0.0031996800319968005	0.009038644158183052	True
411	Gene_412	57.909603	5.3630815	8.437474	1.3257439	67.32296	7.227305	9.223751	1.0203877687454224	3.099989175796509	120.35268	113.48009	13.745178	0.0033996600339966003	0.009549606837069102	True
191	Gene_192	40.220074	6.2269173	8.675717	0.8079127	263.79715	8.248091	9.58275	0.4908563494682312	2.2148191928863525	335.48373	328.66107	13.645325	0.0034996500349965005	0.009667541533139505	True
290	Gene_291	24.66748	6.211154	8.988312	2.273511	21.049257	8.721742	9.921242	1.9658973217010496	3.74401330947876	-238.04367	-244.87433	13.661316	0.0034996500349965005	0.009667541533139505	True
436	Gene_437	66.88424	7.621218	9.673221	0.3973889	202.20245	9.54563	10.32375	0.0872091650962829	1.7993488311767578	398.99316	392.14	13.706299	0.0034996500349965005	0.009667541533139505	True
8	Gene_9	154.08357	6.5967236	9.463189	0.30357376	432.29532	8.33831	10.14176	-0.0011765541275963	1.7175827026367188	370.59125	363.9159	13.350708	0.003999600039996	0.010927868961737705	True
118	Gene_119	56.39659	4.6479053	8.604129	0.85740644	484.92154	5.9117165	9.309391	0.4786358177661896	2.726633787155152	130.81055	124.12976	13.361572	0.003999600039996	0.010927868961737705	True
18	Gene_19	32.593517	11.222504	9.967188	0.74749494	26.816431	12.488315	10.154222	0.5505497455596924	1.6557832956314087	415.85425	409.23187	13.244751	0.004199580041995801	0.01135021632971838	True
467	Gene_468	80.76097	6.161411	8.030617	0.8016888	453.1313	7.8652024	8.655983	0.5230702757835388	2.1390395164489746	372.57358	365.95648	13.234192	0.004199580041995801	0.01135021632971838	True
254	Gene_255	105.23004	6.6321645	7.9390025	0.5237229	447.15988	7.944872	8.401703	0.7637550234794617	-0.7355802655220032	461.8808	455.2837	13.194214	0.004299570042995701	0.011557983986547582	True
482	Gene_483	69.01277	11.43148	9.814281	1.431075	69.25728	12.807204	10.067251	1.2107986211776731	2.417631864547729	273.76907	267.27496	12.98822	0.0047995200479952005	0.012832941304800002	True
160	Gene_161	39.29512	8.0208845	10.705781	2.899086	42.719482	9.815715	11.413902	2.6126859188079834	4.262657642364502	-630.3127	-636.76996	12.914551	0.005099490050994901	0.013490714420621431	True
394	Gene_395	52.83516	5.6008086	9.003882	0.94218653	297.22302	6.877313	9.603021	0.6331334710121155	2.6396820545196533	183.75613	177.30164	12.908997	0.005099490050994901	0.013490714420621431	True
120	Gene_121	99.92478	10.724	9.87584	0.33273706	398.61542	12.504394	10.295438	0.097372330725193	1.3565287590026855	489.0841	482.66367	12.840881	0.0051994800519948	0.01368284224209158	True
330	Gene_331	115.28254	8.214673	9.959929	-0.5991755	250.5982	9.379624	10.226238	-0.8661476969718933	0.707221508026123	475.884	469.46838	12.831238	0.0052994700529947	0.013872958253912828	True
64	Gene_65	29.913708	5.1663146	8.766225	0.58089256	32.20271	6.597225	9.434818	0.2350833564996719	2.3229808807373047	248.23843	241.9451	12.58667	0.005499450054994501	0.014247279935218913	True
150	Gene_151	36.881332	8.050368	8.499904	1.4863663	422.97668	9.519466	9.103761	1.250064492225647	2.5185365676879883	249.18234	242.86256	12.639557	0.005499450054994501	0.014247279935218913	True
416	Gene_417	37.61868	24.023403	11.164148	-0.84651953	15.501216	26.075735	11.04088	-0.6228199005126953	-1.6925829648971558	532.5645	526.27893	12.571167	0.005599440055994401	0.014431546536068042	True
71	Gene_72	26.70464	7.670305	9.09505	1.2702304	93.35495	8.843684	9.659583	1.0093348026275637	2.48710560798645	202.8591	196.77095	12.1763	0.006399360063993601	0.0162420306192731	True
213	Gene_214	67.3382	7.316337	10.027124	2.1109831	173.49501	8.669171	10.603685	1.8285279273986816	3.4358198642730717	-181.18774	-187.28058	12.185669	0.006399360063993601	0.0162420306192731	True
318	Gene_319	83.572495	6.641166	8.690248	2.058646	489.22354	7.001799	8.837654	1.855380892753601	3.0198733806610107	-67.5522	-73.635895	12.167389	0.006399360063993601	0.0162420306192731	True
244	Gene_245	51.783436	7.529226	9.159863	1.8048104	83.61414	9.332686	9.861615	2.0860931873321533	0.5817142128944397	30.057983	23.994461	12.127045	0.0065993400659934	0.01666500016665	True
233	Gene_234	176.74953	5.2602997	8.276495	0.6220247	346.0639	6.5104465	8.787421	0.3500956296920776	2.276522636413574	295.17572	289.2677	11.81604	0.007999200079992	0.020098492663296483	True
252	Gene_253	44.094456	8.48996	9.209722	0.8837749	392.40665	9.221629	9.561868	1.0728917121887207	-0.0406282879412174	353.07892	347.29648	11.56488	0.008599140085991401	0.021390895736297016	True
304	Gene_305	25.166739	8.233968	9.087388	1.1200391	32.852665	10.270411	9.798984	0.8657212257385254	2.2121894359588623	311.9231	306.15048	11.545227	0.008599140085991401	0.021390895736297016	True
114	Gene_115	110.34879	9.847758	11.108825	2.9300532	462.0863	11.450119	11.71555	2.6670045852661133	4.138019561767578	-586.26697	-592.0152	11.49646	0.008799120087991202	0.021672709576333007	True
489	Gene_490	81.48747	6.9749513	7.8399997	0.32283512	231.80681	8.29502	8.225776	0.1136906445026397	1.42768132686615	494.93057	489.20056	11.460022	0.008799120087991202	0.021672709576333007	True
155	Gene_156	24.359076	8.469044	9.684209	2.0354083	20.94427	10.46119	10.275133	2.3022701740264893	0.8362515568733215	-55.842957	-61.555267	11.424622	0.008899110088991101	0.02170514655851488	True
168	Gene_169	55.96713	3.6856081	8.040704	0.98143405	353.88293	4.3791833	8.4692135	0.629546582698822	3.2912776470184326	-31.23172	-36.941956	11.420471	0.008899110088991101	0.02170514655851488	True
377	Gene_378	53.0825	7.7065625	8.907297	1.4119394	489.61682	8.81773	9.345818	1.1817766427993774	2.456488847732544	230.59903	224.9573	11.283447	0.0096990300969903	0.02331497619468822	True
448	Gene_449	44.39116	5.188232	8.584434	0.80738777	379.67288	6.178983	9.151845	0.4851420819759369	2.389878511428833	200.8346	195.20634	11.2565	0.0096990300969903	0.02331497619468822	True
459	Gene_460	75.10099	6.6726956	8.827298	1.3003261	543.18787	7.99084	9.336303	1.025753378868103	2.603764772415161	210.6721	205.0757	11.19281	0.0096990300969903	0.02331497619468822	True
209	Gene_210	288.6923	11.593212	9.834216	-0.96441525	257.2165	13.45915	10.159427	-1.1590970754623413	-0.0199128780514001	519.4321	513.86206	11.140137	0.0098990100989901	0.02368184234208158	True
115	Gene_116	42.09802	3.8722768	7.3742485	1.1152147	53.985764	4.860722	7.9398246	0.7841385006904602	3.3338963985443115	4.5186157	-0.98017883	10.997589	0.0100989901009899	0.024045214526166432	True
139	Gene_140	27.515919	4.623999	8.152619	1.6442863	24.634352	5.591094	8.554446	1.3323255777359009	3.255976915359497	-23.151093	-28.642624	10.983063	0.010198980101989802	0.024168199293814696	True
14	Gene_15	42.99016	3.4944372	7.7974424	0.70137185	51.47994	4.6991534	8.449873	0.1753048300743103	3.283982038497925	112.1949	106.765656	10.85849	0.010498950104989501	0.024761674775918636	True
229	Gene_230	45.33947	9.634966	9.855301	0.7594345	113.89883	11.012431	10.322863	0.5174832344055176	1.7191832065582275	406.17627	400.7798	10.792969	0.0105989401059894	0.024880141093871832	True
84	Gene_85	198.01845	4.2185493	7.367078	1.4386111	463.89728	5.145877	7.77619	1.1212520599365234	3.217260360717773	139.1617	133.77493	10.773529	0.010698930106989302	0.024997500249975005	True
364	Gene_365	77.78248	11.666604	9.977518	0.081702866	209.42157	12.507191	10.11583	-0.1208718866109848	0.9460392594337464	515.9084	510.5705	10.675781	0.0108989101089891	0.02534630257904442	True
153	Gene_154	74.58218	7.076648	8.222882	0.8713347	670.1194	8.13535	8.57754	0.657987654209137	1.894298076629639	397.32693	392.0394	10.575073	0.011198880111988802	0.02580387122578065	True
311	Gene_312	85.52548	7.979918	9.092322	1.8749828	260.27914	9.079297	9.4650755	1.6514009237289429	2.874206304550171	72.83626	67.538635	10.595245	0.011198880111988802	0.02580387122578065	True
312	Gene_313	12.477773	8.663441	10.18523	1.6237499	11.057894	9.879809	10.431738	1.8761229515075684	0.5079503059387207	40.43271	35.232925	10.399567	0.011898810118988102	0.027290848896761703	True
378	Gene_379	100.1582	11.597995	9.12791	0.73777527	488.38474	12.963159	9.431837	0.5681273341178894	1.5004701614379885	496.36288	491.2195	10.286743	0.012398760123987601	0.02830767151595343	True
339	Gene_340	145.07524	8.607262	9.271602	0.063809656	498.66956	9.6148615	9.529843	-0.1357245445251464	1.0217564105987549	499.39774	494.27448	10.246521	0.0124987501249875	0.02837554082429595	True
58	Gene_59	165.56212	8.600877	9.581584	1.1831462	694.6009	10.243056	10.103848	0.938845694065094	2.314624071121216	292.0758	286.95663	10.238342	0.012598740125987402	0.02837554082429595	True
230	Gene_231	28.477875	10.867889	10.452811	1.7756661	286.4906	12.591208	11.326058	1.557223558425903	2.645693778991699	102.15794	97.037476	10.240936	0.012598740125987402	0.02837554082429595	True
15	Gene_16	58.2775	9.282617	10.519469	2.3762405	214.47531	10.527509	11.022235	2.117311954498291	3.493844747543335	-224.6608	-229.7524	10.183197	0.012898710128987101	0.02892087472867063	True
246	Gene_247	28.850714	11.519076	12.957901	4.0767264	15.832721	13.924407	13.147689	3.804015636444092	5.262249946594238	-1483.8906	-1488.9279	10.074463	0.013498650134986502	0.030130915479880584	True
74	Gene_75	225.97038	7.802527	9.328318	2.218686	603.3654	8.804257	9.671005	1.9790014028549197	3.345781087875366	-142.61017	-147.49442	9.768494	0.014998500149985002	0.033330000333300004	True
293	Gene_294	102.484795	9.670579	9.643373	0.5427387	437.96167	10.703448	9.941756	0.3234540224075317	1.4960540533065796	449.37662	444.53748	9.678284	0.015498450154984501	0.03428860653757633	True
437	Gene_438	78.74955	7.8258634	8.949395	0.27404702	467.52722	9.192933	9.405966	0.5152008533477783	-0.7928789854049683	482.5824	477.82996	9.504883	0.0168983101689831	0.03722094750877335	True
157	Gene_158	46.551743	7.3443794	9.250139	-0.23461252	244.4426	8.995523	9.871428	0.010794791392982	-1.3872233629226685	483.12454	478.3782	9.492676	0.0170982901709829	0.0374962503749625	True
319	Gene_320	51.43671	8.446004	10.020817	2.2852764	224.76831	9.053203	10.360512	2.075358390808105	3.226839065551758	-209.38205	-214.07153	9.378967	0.0178982101789821	0.03907906152616179	True
5	Gene_6	59.91615	4.138288	8.160835	1.8022112	269.92163	4.816493	8.568119	1.4849448204040527	3.866674423217773	-188.93579	-193.54123	9.210876	0.018998100189981004	0.040944181443924574	True
171	Gene_172	52.00323	9.413929	9.095943	-0.018168332	294.24213	10.774976	9.518966	0.188644453883171	-0.9519324898719788	521.3267	516.7194	9.2146	0.018998100189981004	0.040944181443924574	True
272	Gene_273	90.5244	4.2740297	8.548495	1.0206656	321.99594	5.0634956	8.960299	0.6680147647857666	3.0435099601745605	42.54477	37.93576	9.218018	0.018998100189981004	0.040944181443924574	True
294	Gene_295	97.4593	7.269831	9.988168	2.1581721	299.66962	7.9588346	10.296106	2.392636775970459	1.055488348007202	-179.64854	-184.23947	9.181854	0.019198080191980802	0.041197596978499576	True
16	Gene_17	37.10006	10.571713	9.912282	0.53340715	29.956419	12.247779	10.296718	0.3358157575130462	1.444482445716858	442.40283	437.84125	9.123169	0.0192980701929807	0.04123519272004423	True
315	Gene_316	102.74506	6.520458	8.772696	0.9364352	573.58813	7.2658553	9.035647	0.6989603042602539	2.0710906982421875	317.2932	312.7533	9.079834	0.0198980101989801	0.04222266848945358	True
162	Gene_163	86.97254	5.518882	7.727866	0.37074104	343.2395	6.6904335	8.207421	0.1305871456861496	1.6526362895965576	425.3426	420.83902	9.007141	0.020097990200979902	0.04222266848945358	True
198	Gene_199	106.346	4.7241073	8.971835	1.1186789	348.9716	5.512056	9.326355	0.7740715742111206	2.9860193729400635	52.347534	47.840088	9.014893	0.020097990200979902	0.04222266848945358	True
220	Gene_221	28.986242	7.400056	10.05076	1.4358209	91.17342	8.99065	10.898233	1.1370083093643188	2.725497245788574	93.34027	88.82866	9.023224	0.020097990200979902	0.04222266848945358	True
96	Gene_97	9.361836	13.580736	10.153484	1.5698651	7.205175	15.972124	10.323145	1.41140615940094	2.3475468158721924	205.17725	200.72406	8.906372	0.020597940205979402	0.04291237542912375	True
406	Gene_407	89.11509	5.5342045	8.605184	0.47592723	367.9849	6.587276	9.082993	0.7635804414749146	-0.93752121925354	350.43005	345.9418	8.976501	0.020597940205979402	0.04291237542912375	True
277	Gene_278	35.960926	11.597909	10.77806	1.4251037	45.021606	12.997829	11.174921	1.6268900632858276	0.4933406710624695	235.18518	230.78256	8.805237	0.021097890210978902	0.043771556454313076	True
180	Gene_181	45.384186	5.951972	9.037625	2.569705	159.80017	6.6680346	9.439576	2.3168282508850098	3.889277935028076	-440.33167	-444.69995	8.736572	0.0212978702129787	0.04384807420897255	True
336	Gene_337	313.93515	9.220659	10.134954	-0.25456718	435.77582	10.42514	10.432336	0.0034092192072421	-1.2930912971496582	493.37927	489.0346	8.689331	0.021397860213978603	0.04384807420897255	True
397	Gene_398	30.174574	9.644248	10.005513	1.6413183	37.670433	10.871277	10.425582	1.4312325716018677	2.5775904655456543	137.61868	133.27872	8.679932	0.021397860213978603	0.04384807420897255	True
173	Gene_174	52.22595	6.5961556	8.582522	0.44428897	441.84772	7.508381	8.954411	0.2255889028310775	1.4663177728652954	435.08148	430.83514	8.492676	0.022297770222977704	0.04550565351628103	True
219	Gene_220	19.68334	11.092083	10.789356	1.976997	18.940506	12.169415	10.948723	1.7723536491394043	2.8895103931427	-31.381622	-35.614532	8.46582	0.022497750224977502	0.045542004504003045	True
363	Gene_364	27.947348	5.8125	9.305055	0.5204987	107.4472	6.931379	9.995033	0.2216273993253708	1.8141758441925049	296.5037	292.2652	8.47699	0.022497750224977502	0.045542004504003045	True
324	Gene_325	207.20583	10.817254	10.678791	-1.3494357	229.26353	11.861765	10.885924	-1.549605369567871	-0.4022903442382812	485.50787	481.3388	8.338135	0.0235976402359764	0.04757588757253307	True
148	Gene_149	27.390146	12.474507	10.002863	-0.34473565	328.3972	12.993603	10.084335	-0.529079020023346	0.3396138846874237	547.6339	543.4961	8.275635	0.024297570242975703	0.048595140485951406	True
407	Gene_408	20.998354	10.553715	11.220099	2.1636002	31.029133	11.464233	11.467343	1.958502173423767	2.94158673286438	-115.79225	-119.92915	8.273804	0.024297570242975703	0.048595140485951406	True
102	Gene_103	90.490616	7.4342666	8.166742	1.2661201	487.93198	7.9265895	8.332214	1.0995138883590698	2.0955686569213867	291.87756	287.79407	8.166992	0.024897510248975102	0.049596633962101795	True
111	Gene_112	29.852095	6.818812	8.994263	1.9472325	170.10883	7.13733	9.336572	2.1017513275146484	1.137642741203308	-82.94934	-86.97458	8.050476	0.025997400259974	0.05158214337296429	False
35	Gene_36	101.62395	5.584217	9.364224	2.2107427	383.67236	6.6083393	9.827977	1.9091061353683472	3.823250532150269	-271.47745	-275.46136	7.9678345	0.026497350264973504	0.05236630487148914	False
362	Gene_363	85.96993	10.974114	9.57298	0.094459094	335.61774	11.210401	9.578187	-0.1000506356358528	0.9044409990310668	525.7122	521.7598	7.904785	0.027197280271972803	0.053328000533280004	False
484	Gene_485	26.183165	4.442755	8.403395	1.8241078	36.3133	5.357648	8.972552	2.111964225769043	0.0902321562170982	-104.555176	-108.50621	7.902069	0.027197280271972803	0.053328000533280004	False
23	Gene_24	59.79759	8.788569	9.069733	1.8073081	189.50226	9.467511	9.3668375	1.9539141654968264	1.0977038145065308	123.18709	119.25018	7.87381	0.027497250274972504	0.05370556694330567	False
126	Gene_127	32.49469	6.036845	8.977848	2.071881	152.31778	7.1636324	9.649964	1.815851330757141	3.226494789123535	-135.18483	-139.09729	7.8249207	0.028097190280971903	0.05464569822087558	False
136	Gene_137	184.31728	6.413151	8.990287	0.96604925	448.78757	7.339052	9.364978	0.7388218641281128	2.123110294342041	257.59842	253.68718	7.8224792	0.028197180281971802	0.05464569822087558	False
195	Gene_196	50.05834	10.101435	10.696554	-0.28449818	189.04126	10.604816	10.914845	-0.0825236663222312	-1.3028271198272705	477.90845	474.03323	7.7504272	0.029097090290970903	0.05617198897870831	False
380	Gene_381	47.26069	13.373231	9.651794	0.88353986	325.24408	13.975347	9.841175	0.7206444144248962	1.563169240951538	459.39322	455.53146	7.7235107	0.029597040295970403	0.05691738518455847	False
461	Gene_462	347.3223	9.389916	10.262903	-1.2679051	420.79178	10.481957	10.488598	-1.0029023885726929	-2.34931755065918	480.31396	476.5354	7.557129	0.031096890310968902	0.05957258680262242	False
99	Gene_100	35.551376	5.229551	9.323703	2.0389721	45.255783	5.9985857	9.684639	1.7424910068511963	3.7140748500823975	-344.49127	-348.24042	7.498291	0.03189681031896811	0.06087177541787806	False
133	Gene_134	39.261417	6.6484156	9.125468	1.1026124	428.17245	7.3942404	9.570991	0.8952789306640625	2.0489089488983154	241.50787	237.78668	7.442383	0.033096690330966905	0.06292146450754164	False
337	Gene_338	160.19734	6.750352	8.484026	0.1483357	436.51953	7.683157	8.791251	0.3606341779232025	-0.9016724824905396	478.76248	475.06976	7.385437	0.033396660333966606	0.06325125063251251	False
75	Gene_76	55.44531	5.9003716	8.551582	0.9085219	356.22775	6.7840934	9.060879	0.6779628396034241	1.9835737943649288	307.93735	304.25836	7.357971	0.0337966203379662	0.06376720818484188	False
164	Gene_165	51.56236	8.278387	9.679872	2.2146788	277.24756	9.109212	10.115984	2.0195658206939697	3.0489256381988525	-101.543945	-105.15341	7.218933	0.03569643035696431	0.06709855330256448	False
147	Gene_148	30.606756	6.142686	8.996234	1.8899072	343.65958	6.6978993	9.448368	2.072974681854248	0.8583443760871887	-23.5672	-27.15738	7.180359	0.036196380361963806	0.06727951740141971	False
343	Gene_344	52.765774	7.6373305	9.727007	1.9340068	304.41718	8.484749	10.167009	1.7145274877548218	2.9635019302368164	-72.285706	-75.864655	7.157898	0.036196380361963806	0.06727951740141971	False
446	Gene_447	27.808142	4.687776	8.689342	2.2966638	47.392223	5.813278	9.420023	1.9734270572662356	3.773256063461304	-373.45746	-377.04553	7.1761475	0.036196380361963806	0.06727951740141971	False
305	Gene_306	35.821606	11.216381	11.642231	-0.3897241	51.95937	11.401029	11.700078	-0.5819275379180908	0.377780020236969	463.65057	460.09015	7.1208496	0.0364963503649635	0.06752092318443433	False
481	Gene_482	29.30337	11.413787	9.959703	0.17702405	44.569466	12.244318	10.173853	0.3576183617115021	-0.6190800070762634	494.15332	490.59677	7.113098	0.0365963403659634	0.06752092318443433	False
258	Gene_259	89.6213	7.945581	9.5185795	0.75895506	445.103	8.702416	9.819256	0.5566304922103882	1.6590427160263062	371.0412	367.5637	6.955017	0.0390960903909609	0.07186781321867812	False
452	Gene_453	57.712807	8.80917	9.785333	0.35200098	223.34679	9.6212225	10.144467	0.5366968512535095	-0.5406247973442078	423.43668	419.9643	6.944763	0.0392960703929607	0.07197082489553241	False
431	Gene_432	196.01674	5.5837083	8.254924	0.29223594	473.70392	6.1781454	8.506065	0.0969992578029632	1.3401728868484497	375.56192	372.12283	6.878174	0.0402959704029597	0.07353279270613083	False
128	Gene_129	221.17987	9.273906	9.536773	0.62191665	342.42508	10.004457	9.751601	0.4539481103420257	1.3836885690689087	431.10007	427.7256	6.7489624	0.0420957904209579	0.07626048989303967	False
309	Gene_310	26.490782	8.305955	9.207926	2.3431525	23.350641	9.190119	9.442473	2.525352716445923	1.5242689847946167	-173.34244	-176.71838	6.751892	0.0420957904209579	0.07626048989303967	False
208	Gene_209	83.40895	7.028512	9.270493	0.8602698	293.31238	7.9472556	9.664223	0.6311678290367126	1.972370982170105	288.49054	285.13	6.7210693	0.04229577042295771	0.0763461559981186	False
129	Gene_130	87.64418	6.8361063	8.683043	1.9322635	482.59958	7.486506	8.984297	1.7518647909164429	2.786179780960083	10.037094	6.6852117	6.703765	0.042495750424957505	0.07643120580028327	False
4	Gene_5	156.78499	6.122963	8.535866	-0.07107311	398.41074	6.7834477	8.811579	-0.2826672196388244	0.979518711566925	436.48822	433.21872	6.5390015	0.0451954804519548	0.08070621509277642	False
498	Gene_499	28.401793	11.813169	11.406845	2.2959309	357.25146	12.152813	11.872685	2.1301839351654053	2.9293017387390137	-170.91237	-174.17389	6.523041	0.0451954804519548	0.08070621509277642	False
232	Gene_233	26.209442	10.410636	11.044351	3.0430472	43.114086	10.733495	11.340563	2.918368339538574	3.5544795989990234	-642.6281	-645.85376	6.451294	0.0466953304669533	0.0830877766315895	False
292	Gene_293	23.77822	8.651061	10.872442	2.6294825	21.394543	9.912563	11.226369	2.394087076187134	3.733107566833496	-466.31055	-469.43985	6.258606	0.05039496050394961	0.08921369347164224	False
190	Gene_191	55.59515	7.567937	9.03867	1.6064607	484.5173	8.036902	9.279958	1.7750284671783447	0.7652742266654968	166.87828	163.75082	6.2549133	0.0504949505049495	0.08921369347164224	False
116	Gene_117	225.93549	7.0632524	8.787473	0.9493688	338.7869	7.9724355	9.095037	1.1728836297988892	-0.0988794639706611	335.80533	332.72858	6.1535034	0.052894710528947106	0.09279773777008266	False
117	Gene_118	33.530903	7.807518	9.566361	2.7419791	37.815407	8.9438715	10.002418	2.5471746921539307	3.708715677261353	-467.69	-470.76596	6.1519165	0.052894710528947106	0.09279773777008266	False
94	Gene_95	345.157	7.393927	8.688337	-0.004412026	470.42944	8.640439	9.092828	-0.1961742937564849	0.9027029275894164	512.214	509.19525	6.0374756	0.055894410558944105	0.09771750097717502	False
449	Gene_450	144.3867	8.381841	9.750456	-0.8341447	303.67184	9.532903	10.145027	-1.030344009399414	0.1072920486330986	496.3809	493.3853	5.99115	0.05699430056994301	0.09929320656784497	False
383	Gene_384	38.88497	10.881273	9.655595	2.1048253	277.37015	11.1174345	9.887907	1.933346152305603	2.8046083450317383	-9.221313	-12.213272	5.983917	0.05729427057294271	0.09946921974469221	False
185	Gene_186	111.611755	6.092957	8.747182	0.80704945	231.18929	6.780836	9.053754	0.6097829341888428	1.806903600692749	301.2471	298.27325	5.947693	0.0585941405859414	0.10137394565041766	False
42	Gene_43	35.634007	12.057362	11.424012	2.3746974	39.033405	13.190112	11.757357	2.185251951217652	3.222518920898437	-206.27083	-209.22307	5.90448	0.05959404059594041	0.10274834585506967	False
193	Gene_194	57.571857	10.713432	10.007567	1.5723208	297.40775	11.269442	10.261787	1.403972864151001	2.2682833671569824	204.52069	201.58691	5.8675537	0.06029397060293971	0.1032431003474995	False
301	Gene_302	77.78411	7.1489277	8.98268	0.58243126	326.0506	7.735101	9.238811	0.403225302696228	1.430717706680298	408.38336	405.45087	5.86499	0.06029397060293971	0.1032431003474995	False
266	Gene_267	54.936363	9.724676	10.7357235	-0.016710395	57.970303	10.432917	10.9220495	-0.2225788831710815	0.9243910908699036	442.8661	439.98602	5.760132	0.062493750624937505	0.10662199086213829	False
40	Gene_41	148.43149	5.8251023	8.439259	0.6207709	553.5813	6.544608	8.732768	0.8535783290863037	-0.5283933877944946	339.42728	336.54834	5.7578735	0.06269373062693731	0.10662199086213829	False
113	Gene_114	41.779156	14.568224	11.206474	2.130857	123.86052	15.854244	11.662849	1.95966374874115	2.75667405128479	14.49713	11.636078	5.722105	0.0634936506349365	0.10761635700836697	False
342	Gene_343	105.95343	4.673322	7.6021643	0.9766527	667.7487	5.167281	7.8660398	0.768521249294281	2.2037606239318848	221.74715	218.89294	5.7084045	0.0638936106389361	0.10792839634955423	False
261	Gene_262	137.94783	7.7042336	9.773789	-0.28086522	202.90433	8.475029	10.084439	-0.4934930801391601	0.6131049990653992	462.21518	459.40097	5.628418	0.0678932106789321	0.11429833447631667	False
405	Gene_406	49.88516	12.916705	10.653447	0.76088136	188.85413	13.151269	10.786304	0.920818328857422	-0.0008545565069653	423.3266	420.5713	5.51062	0.07139286071392861	0.1197866790502158	False
211	Gene_212	36.2056	6.7998743	9.176088	0.28503552	28.479612	7.297076	9.239685	0.1240530833601951	1.167213797569275	385.97162	383.25467	5.433899	0.073992600739926	0.12348765123487651	False
259	Gene_260	387.76764	5.6481643	7.834892	0.3388763	497.436	6.769745	8.258368	0.5565571784973145	-0.6984739899635315	449.18604	446.4722	5.4276733	0.0740925907409259	0.12348765123487651	False
414	Gene_415	91.016914	8.651496	8.875488	1.0675093	559.13885	9.156737	9.059191	1.2307841777801514	0.2944507002830505	363.2453	360.56247	5.3656616	0.07579242075792421	0.12590103115934254	False
97	Gene_98	90.17948	7.2937784	9.853825	2.3450825	224.64465	7.8208976	10.176916	2.505544424057007	1.6082534790039062	-285.7577	-288.3837	5.252014	0.07929207079292071	0.1312782629021866	False
443	Gene_444	82.68562	6.7716737	8.808777	0.6722286	405.64093	7.2856565	9.033853	0.5045891404151917	1.4525800943374634	368.44916	365.82965	5.2390137	0.0796920307969203	0.1314622636097046	False
55	Gene_56	32.866943	9.25464	9.99653	2.2758799	79.434044	9.838376	10.35999	2.0995469093322754	3.001698732376098	-123.54857	-126.15982	5.2225037	0.0801919808019198	0.1314622636097046	False
486	Gene_487	87.039665	8.43965	9.685149	0.19674826	368.73477	9.209983	9.977243	0.3612945079803467	-0.6092691421508789	464.68042	462.06854	5.223755	0.0801919808019198	0.1314622636097046	False
214	Gene_215	71.00956	9.994441	9.811913	2.1611736	353.64252	10.365559	10.00357	2.328799247741699	1.3723607063293457	-48.76013	-51.325302	5.1303406	0.08209179082091791	0.13413691310607503	False
91	Gene_92	57.924377	8.437698	9.173284	0.017044567	377.1994	8.845592	9.351679	-0.1575358361005783	0.7381953597068787	491.2503	488.69727	5.106079	0.08349165083491651	0.13586303707291608	False
238	Gene_239	183.77492	6.7495637	9.490128	-0.61867046	387.72733	7.3772683	9.787979	-0.8256309032440186	0.3011811673641205	457.29874	454.74716	5.1031494	0.0836916308369163	0.13586303707291608	False
145	Gene_146	34.878857	8.424995	10.094583	2.10625	94.8201	9.177523	10.548667	2.280934333801269	1.2763652801513672	-127.62575	-130.1658	5.0801086	0.0842915708429157	0.1363941275775335	False
122	Gene_123	95.37431	5.308798	8.862441	1.5028583	128.54376	6.191971	9.280787	1.239969253540039	3.0341835021972656	-53.8537	-56.385498	5.0635986	0.08509149085091491	0.13724434008212083	False
27	Gene_28	205.01271	10.202725	8.287969	-0.2245326	340.78867	11.089092	8.387747	-0.0671831592917442	-0.8311928510665894	572.31793	569.80365	5.0285645	0.08659134086591341	0.13921437438249745	False
346	Gene_347	227.95119	10.080883	9.395954	-0.083956	679.75397	11.00795	9.630977	-0.2506210207939148	0.6192704439163208	541.4129	538.9493	4.927246	0.09119088091190881	0.145832062161196	False
93	Gene_94	23.740017	9.154814	10.253649	2.5779505	16.068066	10.243951	10.40371	2.741502285003662	1.873094201087952	-342.81097	-345.26776	4.913574	0.0912908709129087	0.145832062161196	False
427	Gene_428	35.225574	5.6771097	9.341972	-0.42359534	86.540855	6.0427456	9.604844	-0.6365694999694824	0.6226606369018555	392.5349	390.10516	4.859497	0.09379062093790622	0.14934812251258953	False
78	Gene_79	27.165981	8.776242	9.801534	2.837022	24.172869	9.29962	9.88742	2.6971030235290527	3.4777615070343018	-499.66043	-502.03607	4.7512817	0.09759024097590241	0.1549051444061943	False
371	Gene_372	183.24403	6.7246337	8.9403305	0.6659031	615.74243	7.498221	9.271476	0.4770270884037018	1.5584884881973269	365.04736	362.67807	4.7385864	0.09819018098190181	0.1553642104144016	False
355	Gene_356	79.22909	8.559188	10.007354	2.9433815	156.23735	9.200734	10.357714	2.778064727783203	3.729907274246216	-540.303	-542.667	4.7280273	0.09859014098590141	0.15550495423643756	False
358	Gene_359	27.79081	17.69676	10.56787	-0.24700686	76.95085	18.001156	10.707146	-0.3844176828861236	0.2502524256706238	560.8236	558.50464	4.6379395	0.10158984101589841	0.15973245442751322	False
408	Gene_409	57.30345	6.1267905	8.750268	1.3638104	331.1604	6.494628	8.999243	1.20932936668396	2.0891032218933105	176.88231	174.61136	4.5419006	0.10598940105989402	0.16612758786817244	False
28	Gene_29	383.43884	8.92678	8.767994	-0.43474883	332.65582	9.780968	9.001421	-0.5891484618186951	0.278995156288147	532.8052	530.5652	4.4799805	0.1085891410858914	0.1696705329467053	False
474	Gene_475	40.34312	15.2489605	11.161882	0.9497988	215.23354	15.958382	11.47645	0.8019213080406189	1.5035889148712158	416.02563	413.80518	4.440918	0.11088891110888911	0.17272416060574627	False
44	Gene_45	58.714188	8.642232	8.865707	1.1252584	592.6133	8.893136	8.997772	0.9713728427886964	1.7918938398361206	355.6342	353.45044	4.3674927	0.11478852114788521	0.17824304526069132	False
288	Gene_289	45.68478	4.7564235	8.749853	0.33019757	129.1315	5.040251	8.92842	0.1378286778926849	1.4263161420822144	257.06085	254.9209	4.279907	0.11958804119588042	0.18512080680476845	False
203	Gene_204	73.32079	7.3389773	10.042344	0.0016165538	362.56104	7.8014092	10.219548	-0.18142931163311	0.8736303448677063	411.20905	409.08936	4.23938	0.12188781121887811	0.18809847410320696	False
7	Gene_8	119.06121	10.139643	10.178215	-0.85221064	205.20569	10.6649275	10.335458	-1.0160270929336548	-0.1485170423984527	495.59738	493.5736	4.0475464	0.133986601339866	0.20487247911294496	False
344	Gene_345	92.34255	4.749893	8.905338	-0.1473684	383.84915	4.9744883	9.066694	-0.3414359986782074	0.959827721118927	305.84283	303.81894	4.0477905	0.133986601339866	0.20487247911294496	False
460	Gene_461	151.16164	8.669042	8.317025	0.46845296	494.7341	9.206286	8.475271	0.3492388725280761	1.0043303966522217	518.4402	516.41644	4.0474854	0.133986601339866	0.20487247911294496	False
465	Gene_466	262.022	4.248925	7.2298493	0.7288328	511.32495	4.410853	7.303826	0.5645391345024109	1.782982349395752	254.15668	252.14548	4.0224	0.13508649135086492	0.20575450053778815	False
245	Gene_246	123.02081	6.2138076	8.200728	0.40743804	647.94073	6.690254	8.376763	0.2418545186519622	1.2350088357925415	457.9919	455.98254	4.018738	0.13538646135386462	0.20575450053778815	False
300	Gene_301	112.22077	4.2045507	8.193629	1.1267562	483.25174	4.4287004	8.358567	0.9549654126167296	2.151451587677002	91.578186	89.655655	3.8450623	0.14628537146285372	0.22164450221644502	False
329	Gene_330	61.78246	13.382574	10.39533	0.37186316	61.83283	14.115262	10.523015	0.237981915473938	0.9744528532028198	504.29657	502.3801	3.8329468	0.146985301469853	0.22203217744690784	False
297	Gene_298	61.67791	11.263216	9.55384	-0.17588754	416.62717	11.58581	9.67806	-0.0592383220791816	-0.7165951728820801	540.4197	538.53015	3.7790527	0.1518848115188481	0.2287421860223616	False
263	Gene_264	38.840504	9.532505	9.460507	0.9446774	395.46075	9.639844	9.626429	0.823306143283844	1.410109281539917	370.18774	368.3273	3.7208862	0.15628437156284372	0.2346612185628284	False
496	Gene_497	29.462467	8.565559	10.43932	2.8369718	60.857365	9.112532	10.822431	2.981545925140381	2.113046407699585	-501.3435	-503.20023	3.71344	0.15678432156784322	0.23470706821533416	False
325	Gene_326	24.054127	12.111869	9.715295	1.2415527	20.831175	12.983588	9.838719	1.3962106704711914	0.6162793636322021	327.78052	325.96985	3.621338	0.16228377162283772	0.24196393417038117	False
273	Gene_274	177.94511	8.152235	8.856195	-0.23375234	509.13284	8.595548	8.992423	-0.3792784512042999	0.4085754454135895	513.89044	512.082	3.6169434	0.16268373162683733	0.24196393417038117	False
112	Gene_113	73.60562	8.690339	9.73863	0.33579132	304.2223	9.233577	9.969417	0.1845003515481948	1.0133092403411863	432.72678	430.92007	3.6134033	0.1630836916308369	0.24196393417038117	False
29	Gene_30	41.053104	5.2888036	8.278017	0.121203326	358.98196	5.4936953	8.460904	-0.0236455630511045	0.8077237010002136	421.15396	419.3819	3.5441284	0.16878312168783122	0.24967917409442486	False
142	Gene_143	44.22364	6.116406	9.178525	1.5128065	165.47473	6.5050664	9.509134	1.3522039651870728	2.300592422485352	48.47769	46.711243	3.532898	0.1698830116988301	0.24968177669036615	False
387	Gene_388	220.4627	6.7027707	8.948989	-0.7721794	333.90735	7.0588145	9.025549	-0.956999123096466	0.134953424334526	482.6527	480.88806	3.5292969	0.17028297170282972	0.24968177669036615	False
476	Gene_477	71.03333	6.8012757	8.7964	1.6043378	482.61984	6.9340653	8.892213	1.4750875234603882	2.1984877586364746	128.75563	126.99341	3.5244446	0.17028297170282972	0.24968177669036615	False
226	Gene_227	164.84288	8.3697605	8.231363	0.38448462	571.13153	8.377147	8.239495	0.3085198700428009	0.7196493148803711	530.09375	528.3805	3.4265137	0.17868213178682132	0.2612311868228382	False
269	Gene_270	176.13266	9.502788	9.396904	0.48073503	518.0842	9.879078	9.530511	0.3570323288440704	1.0180468559265137	485.0114	483.3042	3.4144287	0.17988201179882013	0.26203774971340077	False
170	Gene_171	44.533184	4.33137	8.219634	1.01873	134.44742	4.7558618	8.560105	0.7950802445411682	2.131324291229248	93.96059	92.25575	3.409668	0.1802819718028197	0.26203774971340077	False
401	Gene_402	94.72112	5.8265095	8.993865	0.7732832	234.95062	6.4152336	9.320861	0.9464337825775146	-0.1058507934212684	286.47534	284.77347	3.4037476	0.18098190180981902	0.2622926113185783	False
73	Gene_74	83.31093	8.630834	9.252639	0.19951966	181.91785	8.902252	9.359065	0.3155630528926849	-0.3533548414707184	484.55386	482.8827	3.3423462	0.1860813918608139	0.2689037454636039	False
444	Gene_445	26.330046	7.2559547	9.760196	2.526392	25.463293	8.133137	10.105559	2.716291904449463	1.6916053295135498	-380.04156	-381.70544	3.3277588	0.18758124187581243	0.2698870514094723	False
88	Gene_89	52.68365	12.528685	10.316254	0.9002215	393.13123	12.598914	10.432558	0.7805160284042358	1.349483609199524	414.35712	412.69455	3.3251343	0.1882811718828117	0.2698870514094723	False
488	Gene_489	66.11403	11.195148	9.9143715	2.5011835	287.49442	11.41053	10.070627	2.3706090450286865	3.051366806030273	-174.9128	-176.5751	3.3246155	0.18838116188381163	0.2698870514094723	False
351	Gene_352	156.35696	8.628421	9.433307	-0.36383203	374.7094	9.065138	9.587332	-0.5357360243797302	0.3671814203262329	501.3102	499.66098	3.298462	0.19048095190480951	0.2721156455782993	False
188	Gene_189	43.4071	9.606777	9.9347105	1.7524693	522.8377	9.730161	10.150489	1.83390748500824	1.318586349487305	89.99988	88.395905	3.2079468	0.19858014198580143	0.28287769513646926	False
492	Gene_493	33.90119	8.195424	9.3333	0.7513515	491.7654	8.152529	9.481074	0.6823161840438843	0.96369731426239	392.7312	391.2091	3.0441895	0.21677832216778323	0.3079237530792376	False
457	Gene_458	78.315155	6.109117	9.056426	1.205585	318.54413	6.553689	9.3244295	1.387680172920227	0.2270037829875946	187.17563	185.66512	3.0210266	0.21937806219378062	0.3107337991413323	False
410	Gene_411	44.459167	6.9172215	8.85664	1.2378231	438.8208	7.0868945	9.037905	1.1205323934555054	1.7576076984405518	199.92308	198.42227	3.0016174	0.22157784221577842	0.3129630539770882	False
67	Gene_68	201.09668	9.698003	9.595877	0.37153098	386.49963	10.310498	9.76019	0.5171399116516113	-0.2909188270568847	481.01337	479.52148	2.9837646	0.2233776622337766	0.31461642568137554	False
24	Gene_25	115.272644	12.486109	10.034548	0.52034444	306.34088	12.5920315	10.072056	0.444024384021759	0.8386226892471313	501.79608	500.30914	2.973877	0.22417758224177584	0.31485615483395485	False
450	Gene_451	106.27569	14.276878	11.748762	-1.8627487	295.17242	14.4172	11.809228	-2.026981830596924	-1.2799423933029177	437.53357	436.08905	2.889038	0.23377662233776622	0.32650366248291374	False
469	Gene_470	108.27953	7.2603536	9.466062	-0.877933	366.9735	7.6493654	9.652615	-1.0257047414779663	-0.2158220112323761	472.52246	471.07727	2.8903809	0.23377662233776622	0.32650366248291374	False
197	Gene_198	41.160343	9.791229	9.129037	0.36088052	124.98869	10.203735	9.357172	0.4561751782894134	-0.0990997180342674	485.0712	483.64758	2.847229	0.23797620237976203	0.331443178801897	False
464	Gene_465	25.293058	12.728906	10.24791	0.64278746	228.78857	12.534108	10.477128	0.5202059149742126	1.0178675651550293	463.23492	461.81754	2.8347778	0.23967603239676033	0.3328833783288338	False
321	Gene_322	24.280167	13.835633	11.322935	3.307372	27.751356	13.868136	11.397345	3.227208137512207	3.631294250488281	-715.8928	-717.3002	2.8146973	0.24227577242275772	0.3355620116658694	False
163	Gene_164	130.44418	8.004648	8.712984	1.0334606	328.31952	8.061159	8.72839	0.9630213379859924	1.33257794380188	350.47614	349.07608	2.8001099	0.24397560243975602	0.33698287629800555	False
423	Gene_424	105.97142	7.0435038	8.738532	0.08164548	429.16153	7.24774	8.821849	-0.056771632283926	0.7164396643638611	453.3093	451.92245	2.7736816	0.24737526247375263	0.3407372761346455	False
216	Gene_217	81.0359	13.618848	11.666236	-1.6682698	188.14835	13.607422	11.65627	-1.8027082681655884	-1.1546539068222046	458.39447	457.02185	2.7452393	0.24987501249875013	0.3423154952264336	False
368	Gene_369	100.49955	8.825013	9.83493	-0.57344276	308.2393	9.153319	9.985693	-0.7120159864425659	-0.0063084601424634	489.1157	487.74503	2.741333	0.2502749725027497	0.3423154952264336	False
260	Gene_261	28.70694	7.8371973	10.174618	2.670115	29.24239	8.084741	10.288624	2.772146224975586	2.1974523067474365	-467.48883	-468.85852	2.73938	0.2505749425057494	0.3423154952264336	False
175	Gene_176	30.421726	10.97794	11.021876	-0.27220926	375.87994	11.018728	11.251634	-0.4097807705402374	0.1459805369377136	486.67676	485.31238	2.7287598	0.2516748325167483	0.3428812432108288	False
61	Gene_62	260.43594	5.6035566	8.179449	-0.24041423	428.47205	6.0445256	8.369508	-0.398929625749588	0.6743907928466797	447.77914	446.41928	2.7197266	0.2535746425357464	0.34453076431487284	False
12	Gene_13	39.525383	4.8609548	8.514979	1.8010734	364.04025	5.06674	8.786588	1.9193848371505735	1.1303199529647827	-138.55534	-139.91081	2.7109375	0.25447455254474555	0.3448164668627989	False
491	Gene_492	59.51267	8.592694	9.208409	1.1427246	247.78627	8.920501	9.383037	1.256051540374756	0.59342360496521	303.89594	302.5547	2.682495	0.25817418258174185	0.34888403051586736	False
441	Gene_442	109.76637	6.108947	9.546402	2.6953497	480.20465	6.3141527	9.723339	2.809831380844116	2.1024210453033447	-510.30853	-511.59964	2.5822144	0.27187281271872815	0.36640540797672255	False
280	Gene_281	167.47449	12.605325	10.13597	1.2950878	500.37546	12.545894	10.145237	1.2477071285247805	1.493381381034851	351.05466	349.77252	2.56427	0.2745725427457254	0.3690491165937169	False
366	Gene_367	189.34592	5.4064503	7.875327	0.2547906	612.19586	5.413795	7.8896985	0.2415027320384979	0.3146922886371612	430.4028	429.1383	2.5289917	0.2793720627937206	0.3744933817610196	False
400	Gene_401	55.095604	11.478223	9.804387	0.71842116	277.19098	11.492383	9.875909	0.8028379678726196	0.3029096126556396	461.23425	459.9845	2.4995117	0.28287171282871715	0.37817073907582505	False
307	Gene_308	372.1515	7.992885	8.818033	1.1058898	558.5183	8.1941185	8.856663	0.9509544968605042	1.8531299829483032	361.04486	359.83304	2.423645	0.29287071292870714	0.3894557352775361	False
359	Gene_360	53.333927	14.233109	9.833464	0.55697066	161.23068	14.25263	9.899822	0.4483323693275451	0.9989805817604064	514.2772	513.06573	2.4229736	0.29287071292870714	0.3894557352775361	False
262	Gene_263	72.211426	7.2878847	9.806027	1.5168549	337.30215	7.5432835	9.994739	1.6212646961212158	0.993688702583313	77.89894	76.72943	2.3390198	0.30386961303869614	0.40301009686829725	False
206	Gene_207	86.1224	5.5377307	8.647467	0.9085651	343.46072	5.756016	8.797977	0.793635368347168	1.5641268491744995	205.57227	204.41483	2.3148804	0.3077692230776922	0.40691468910851697	False
237	Gene_238	64.992355	9.516369	10.026726	0.67143255	271.28384	9.91437	10.208165	0.5066315531730652	1.3607220649719238	393.6316	392.4815	2.300171	0.3093690630936906	0.40691468910851697	False
353	Gene_354	67.874245	8.620418	9.56545	1.4226679	432.26373	8.584694	9.64583	1.3643505573272705	1.648425579071045	202.06221	200.91167	2.3010864	0.3093690630936906	0.40691468910851697	False
356	Gene_357	52.971394	5.2058325	8.502732	0.9997876	433.6009	5.274974	8.627171	0.8952900171279907	1.5161490440368652	178.00818	176.86247	2.2914124	0.3100689931006899	0.40691468910851697	False
435	Gene_436	65.49776	5.141117	8.419061	0.6693797	281.30368	5.228714	8.515587	0.540736198425293	1.3258583545684814	281.0732	279.94736	2.251709	0.31586841315868414	0.41344033135953423	False
428	Gene_429	281.87463	6.680719	8.060348	0.2907547	762.59955	7.017456	8.187276	0.1695327162742614	0.8755524754524231	469.18768	468.09637	2.1826172	0.32566743325667435	0.4251533071235958	False
281	Gene_282	165.53265	5.555114	8.08326	-0.28691372	436.30704	5.7416077	8.161835	-0.1656133383512497	-0.9658244848251344	493.10648	492.02426	2.1644287	0.3284671532846715	0.427691605839416	False
215	Gene_216	70.26233	5.1432476	8.509767	1.2352226	385.7269	5.159032	8.598978	1.1733399629592896	1.5275276899337769	155.44751	154.37329	2.1484375	0.33086691330866913	0.4296972900112586	False
95	Gene_96	61.164524	4.7661505	8.10258	1.2023102	310.3366	4.8651724	8.230215	1.0828866958618164	1.85628080368042	99.56888	98.50528	2.1271973	0.33466653334666535	0.4335058722107064	False
225	Gene_226	51.479248	12.823079	10.548511	0.55243355	141.76283	13.265423	10.765513	0.435494989156723	1.0088396072387695	466.5327	465.4752	2.1150513	0.3360663933606639	0.4341943066675244	False
49	Gene_50	254.39252	8.676668	8.829982	0.61400646	527.8601	8.810871	8.858447	0.5061414837837219	1.092560052871704	476.7107	475.66898	2.083435	0.34206579342065796	0.4385458890008435	False
335	Gene_336	35.746124	5.131352	8.468875	1.0005871	222.58737	5.3746433	8.75499	0.8628057837486267	1.6523922681808472	189.33844	188.29663	2.0836182	0.34206579342065796	0.4385458890008435	False
421	Gene_422	51.18574	8.242589	8.760019	1.1290227	252.51854	8.298767	8.889266	1.0532361268997192	1.4221092462539673	314.69705	313.65472	2.0846558	0.34206579342065796	0.4385458890008435	False
48	Gene_49	35.923943	5.186943	8.526259	1.875744	45.44608	5.8070364	8.881273	2.0537829399108887	1.0607240200042725	-69.51413	-70.527664	2.027069	0.35166483351664835	0.449699275596737	False
274	Gene_275	48.89397	6.72213	9.58653	0.4320363	85.34484	7.2316003	9.839429	0.241740807890892	1.296931505203247	368.97308	367.98553	1.9750977	0.36036396360363965	0.4596479127597444	False
51	Gene_52	15.732059	14.974253	13.231145	4.2689056	11.35461	16.015556	13.001096	4.22130012512207	4.530089378356934	-1612.7344	-1613.7113	1.9538574	0.36576342365763426	0.46429367215562706	False
134	Gene_135	34.394604	14.966197	9.880624	0.077291444	29.990204	15.298395	9.927947	-0.0089604845270514	0.4619988203048706	557.8065	556.82996	1.953125	0.3658634136586341	0.46429367215562706	False
326	Gene_327	124.62459	10.959269	10.372786	-0.4345354	333.496	11.017959	10.371142	-0.5780846476554871	0.1444809585809707	510.98996	510.05356	1.8728027	0.3812618738126187	0.48252750482527507	False
189	Gene_190	26.097141	5.480085	8.906397	2.568136	242.09825	5.550535	9.2771015	2.538098096847534	2.6427111625671387	-444.33978	-445.2727	1.8658447	0.38216178382161786	0.48252750482527507	False
313	Gene_314	70.39014	9.806872	9.37133	0.12097034	403.7099	9.863471	9.413123	0.040597129613161	0.4295973777770996	515.99536	515.08777	1.8151855	0.3912608739126087	0.49277188150202605	False
218	Gene_219	60.800804	11.004336	9.245143	0.11336806	333.555	10.900468	9.271449	0.0362873189151287	0.3851956129074096	532.55304	531.65656	1.7929688	0.39486051394860516	0.4942005799420058	False
426	Gene_427	219.16637	5.4012637	9.186423	0.4654268	482.40125	5.5789146	9.268961	0.2943401336669922	1.3568629026412964	290.24536	289.34964	1.7914429	0.394960503949605	0.4942005799420058	False
433	Gene_434	37.11219	10.030227	10.500667	-0.61268455	351.68616	9.947131	10.633738	-0.7203375697135925	-0.3267706036567688	501.87286	500.97864	1.7884521	0.39536046395360464	0.4942005799420058	False
217	Gene_218	24.343897	11.964313	9.48647	2.2019827	92.38333	11.58604	9.677647	2.2158122062683105	2.0707790851593018	-5.2958374	-6.1729736	1.7542725	0.40085991400859916	0.4998253291877795	False
47	Gene_48	82.89066	9.127097	9.407704	1.8453981	155.28592	9.716996	9.624587	1.7158617973327637	2.4174892902374268	85.24295	84.40071	1.6844788	0.41245875412458755	0.5128519406123904	False
1	Gene_2	43.895905	8.707643	8.390479	0.94395787	445.8405	8.543874	8.440419	0.8846983313560486	1.1432327032089231	416.16052	415.32138	1.6782837	0.41335866413358663	0.5128519406123904	False
352	Gene_353	42.952736	10.263557	10.386217	3.1093369	217.10605	10.193115	10.597534	3.2025883197784424	2.677948236465454	-636.4725	-637.30286	1.6607666	0.41685831416858316	0.5159137551591375	False
166	Gene_167	32.129627	7.327957	8.31195	0.5664697	316.95825	7.1755633	8.405724	0.4896897673606872	0.8219226598739624	421.32773	420.53625	1.5829468	0.43275672432756723	0.5342675608982311	False
398	Gene_399	165.67813	6.2111826	9.132641	0.36332622	451.423	6.2591186	9.170639	0.4028752744197845	0.141336590051651	377.42245	376.64072	1.5634766	0.43625637436256376	0.5372615447814825	False
322	Gene_323	75.58953	7.120049	9.697265	0.36420786	206.13608	7.3797917	9.859811	0.4769809544086456	-0.2061008363962173	384.99478	384.2409	1.5077515	0.44725527447255276	0.5485971010742063	False
38	Gene_39	31.657766	7.037154	9.2643175	2.7142694	61.102493	7.333782	9.500027	2.609703063964844	3.164351224899292	-466.05457	-466.80817	1.5072021	0.44765523447655237	0.5485971010742063	False
404	Gene_405	40.752422	7.9123983	9.171011	1.5279065	355.23596	7.9396424	9.361678	1.4874653816223145	1.6478328704833984	158.07957	157.33588	1.4873962	0.45165483451654836	0.5521452744701081	False
392	Gene_393	67.48108	8.112097	10.062969	1.970127	125.434746	8.30703	10.175998	1.822974681854248	2.643683433532715	-56.121323	-56.856873	1.4710999	0.45455454454554545	0.5543348104213969	False
345	Gene_346	138.79037	12.668824	11.312729	-0.7773329	310.05768	12.980914	11.429922	-0.885578453540802	-0.3362042605876922	509.76605	509.06476	1.4025879	0.46855314468553144	0.5700159911016198	False
194	Gene_195	114.68578	4.7933674	7.679284	0.088014185	412.57855	4.7833767	7.7022934	0.0748692527413368	0.1429434567689895	444.45593	443.75757	1.3967285	0.46985301469853014	0.5702099692943328	False
447	Gene_448	81.299934	3.8836067	8.04602	0.6868232	373.65988	4.0944824	8.211168	0.4909422099590301	1.775343894958496	133.87483	133.19696	1.3557434	0.4784521547845215	0.5792398968335611	False
253	Gene_254	138.0526	6.3364444	9.333437	0.8676484	416.3239	6.5378146	9.410196	0.7587060928344727	1.418842315673828	262.20538	261.53738	1.3359985	0.48295170482951705	0.58327500583275	False
386	Gene_387	69.41581	5.333304	7.920999	1.2659132	339.85056	5.4708366	8.029765	1.1417934894561768	1.8944501876831052	239.06308	238.41199	1.302185	0.49185081491850813	0.592591343275311	False
107	Gene_108	57.09703	10.654022	10.350658	1.5363021	112.341606	10.912525	10.477401	1.4064726829528809	2.0844407081604004	180.55898	179.9199	1.2781372	0.49655034496550343	0.5968153184681532	False
31	Gene_32	76.221054	8.775478	8.908407	1.4155631	417.49963	8.683357	8.942841	1.422906517982483	1.3478583097457886	258.72424	258.0915	1.2655029	0.5000499950005	0.5994615849419842	False
369	Gene_370	12.540406	5.737579	9.122077	0.8192831	12.621045	5.784908	9.108815	0.7005665302276611	1.4353262186050415	164.50491	163.87566	1.2585144	0.5011498850114988	0.5994615849419842	False
285	Gene_286	47.999477	10.52912	10.107416	2.292012	217.86172	10.706902	10.369694	2.1950995922088623	2.686098337173462	-130.07378	-130.69954	1.2515259	0.5028497150284972	0.6000593258096625	False
239	Gene_240	44.20599	7.87761	9.057116	1.6639411	163.8014	7.8722715	9.152728	1.5680572986602783	2.069880962371826	118.25792	117.6373	1.2412415	0.5051494850514948	0.6012462886727955	False
21	Gene_22	62.579956	9.720031	9.560848	1.0524999	438.42593	9.657293	9.639791	1.0370070934295654	1.0712472200393677	342.43848	341.82144	1.2340698	0.5062493750624938	0.6012462886727955	False
276	Gene_277	27.639444	7.3646913	10.883156	3.7022307	135.42458	7.6635394	11.496527	3.64675235748291	3.9236764907836914	-1214.4326	-1215.0447	1.2241211	0.5091490850914908	0.6032572098240413	False
282	Gene_283	77.32167	6.859475	8.970027	2.4353387	611.9624	6.979821	9.123504	2.492152452468872	2.123607873916626	-279.79718	-280.38998	1.1856079	0.5165483451654834	0.6096088504357112	False
396	Gene_397	76.37375	11.527189	9.963319	0.36230177	277.48337	11.514212	10.007992	0.2665745913982391	0.7410426139831543	489.4857	488.89362	1.1841431	0.5169483051694831	0.6096088504357112	False
341	Gene_342	27.392895	12.004967	12.007135	-1.8761978	97.08101	11.9261465	12.086761	-1.815608620643616	-2.28674054145813	423.7058	423.15976	1.092102	0.5368463153684632	0.6315839004334861	False
442	Gene_443	125.378654	7.520815	9.9912195	2.3202677	847.1074	7.668736	10.110243	2.2620656490325928	2.5963940620422363	-194.0703	-194.58768	1.0347595	0.5482451754824518	0.6432612008120031	False
399	Gene_400	76.07099	14.784594	9.64966	0.49777934	366.46222	14.665587	9.679567	0.423563152551651	0.7620911002159119	541.51904	541.004	1.0300293	0.5493450654934506	0.6432612008120031	False
201	Gene_202	65.56256	7.3385262	9.053479	1.0296391	430.5303	7.4485245	9.184327	0.9421932697296144	1.4053267240524292	298.85336	298.34418	1.0183716	0.5521447855214479	0.6437871294077089	False
87	Gene_88	67.25214	9.555816	9.273728	-0.5546947	419.11465	9.554347	9.293245	-0.5064532160758972	-0.8013187646865845	523.5819	523.0746	1.0146484	0.553044695530447	0.6437871294077089	False
6	Gene_7	20.937136	17.778006	11.606133	-1.6558007	161.7355	16.900839	11.60061	-1.7667663097381592	-1.4377537965774536	448.4262	447.92242	1.0075684	0.5542445755424458	0.6437871294077089	False
445	Gene_446	82.05433	7.6416564	9.699663	2.1238046	210.99959	7.8694205	9.848563	2.220062017440796	1.653258204460144	-109.21477	-109.71692	1.004303	0.5549445055494451	0.6437871294077089	False
306	Gene_307	54.18379	9.217664	9.698575	-0.13723338	340.18652	9.229562	9.77359	-0.2031845897436142	0.0921608060598373	506.15335	505.66275	0.9812012	0.5603439656034397	0.6485462564854626	False
135	Gene_136	175.61104	8.375743	8.7073765	0.6158996	598.5424	8.531262	8.785608	0.6973039507865906	0.2374380826950073	453.03183	452.5498	0.9640503	0.5635436456354365	0.6507432397637835	False
471	Gene_472	148.27493	10.742553	8.856284	0.39523825	440.96036	10.753482	8.889655	0.3483093976974487	0.5920299291610718	532.96826	532.4952	0.946167	0.5676432356764324	0.6539668613783783	False
454	Gene_455	53.267643	5.9900656	8.436656	0.82152975	57.216187	6.451443	8.634655	0.7012060284614563	1.4815038442611694	310.7932	310.33847	0.90948486	0.5769423057694231	0.663152075597038	False
256	Gene_257	58.35606	8.12566	9.34124	0.9239364	309.88885	8.081425	9.406661	0.9097856879234314	0.9470908045768738	332.02228	331.59882	0.8469238	0.5903409659034097	0.6769965205314331	False
367	Gene_368	54.286343	7.60293	9.922911	1.2307462	166.73909	7.7122054	10.069587	1.1839696168899536	1.3970528841018677	214.20438	213.79205	0.824646	0.5942405759424058	0.6799091257922263	False
156	Gene_157	22.623432	10.424494	9.300917	0.6487392	91.08656	10.266066	9.477895	0.673362135887146	0.4148574769496918	446.74698	446.37027	0.75341797	0.6124387561243876	0.6991310001419949	False
478	Gene_479	53.392086	8.417448	9.790354	0.79604036	209.37787	8.629488	9.947098	0.6557832956314087	1.3837158679962158	333.70886	333.3736	0.6705322	0.6322367763223677	0.7197692929119786	False
30	Gene_31	63.086117	5.489916	8.351472	1.4595387	360.11026	5.585445	8.505008	1.512228012084961	1.127595067024231	127.83488	127.50364	0.6624756	0.6343365663433657	0.7197692929119786	False
105	Gene_106	25.301281	8.15029	9.136266	1.2857614	78.65032	8.093211	9.326566	1.2164722681045532	1.4953681230545044	230.36154	230.03174	0.65960693	0.6348365163483651	0.7197692929119786	False
440	Gene_441	61.299885	8.332353	8.557351	1.193312	276.09122	8.268828	8.610622	1.154796123504639	1.3315318822860718	338.39526	338.09418	0.60217285	0.647035296470353	0.7319403806225712	False
479	Gene_480	167.72327	6.5464873	9.050773	0.79404813	369.57544	6.6894913	9.117598	0.6761887669563293	1.3837136030197144	290.4248	290.13632	0.57696533	0.6515348465153484	0.7353666439225152	False
235	Gene_236	39.527042	4.0090175	8.396513	-0.002049705	39.273693	4.0017095	8.383937	-0.0830279663205146	0.4987367391586303	218.15414	217.86858	0.5711365	0.6531346865313469	0.7355120343821474	False
121	Gene_122	130.14368	6.8732247	8.377888	0.20193678	427.1534	6.951816	8.431726	0.2511955797672272	-0.058932539075613	469.29245	469.01553	0.553833	0.6573342665733427	0.7385422172068508	False
338	Gene_339	30.798418	13.19872	10.144361	2.4413183	67.954	12.731841	10.229802	2.40126371383667	2.589393615722656	-112.33646	-112.6078	0.5426941	0.6597340265973403	0.7385422172068508	False
242	Gene_243	30.906908	6.060215	8.485694	1.2695774	132.11026	6.122515	8.661709	1.2761601209640503	1.1441147327423096	210.59624	210.32704	0.5383911	0.6605339466053395	0.7385422172068508	False
202	Gene_203	21.766914	6.7881727	10.585055	3.3484085	18.18376	6.851093	10.506511	3.256667137145996	3.7920944690704346	-1037.4398	-1037.7062	0.53271484	0.6617338266173383	0.7385422172068508	False
485	Gene_486	48.463184	5.5252466	8.301806	0.48299113	73.69517	5.526841	8.317965	0.5055291652679443	0.3487771451473236	362.16568	361.90768	0.5159912	0.6651334866513349	0.7395927073959271	False
25	Gene_26	130.45761	11.118319	9.6697445	1.5153861	337.0891	11.084208	9.706926	1.5145227909088137	1.517930507659912	266.41208	266.15515	0.513855	0.6656334366563343	0.7395927073959271	False
2	Gene_3	84.617485	14.093939	10.528159	-0.19941103	231.40611	14.247677	10.577041	-0.28120157122612	0.139960765838623	541.80804	541.55945	0.49719238	0.6693330666933307	0.7420543976644465	False
334	Gene_335	46.826527	8.119002	9.212163	1.1104635	69.19967	8.268688	9.318768	1.0554426908493042	1.34213387966156	309.5552	309.33786	0.43469238	0.6851314868513149	0.7578888128886226	False
221	Gene_222	66.73696	6.123392	8.392086	2.1290905	135.12463	6.34931	8.535422	2.003004550933838	2.7534565925598145	-92.74133	-92.95053	0.418396	0.688931106889311	0.7604096102531026	False
340	Gene_341	57.987354	13.392927	9.455208	0.9329646	108.67442	13.58526	9.513886	1.0351479053497314	0.4683220088481903	458.31387	458.1171	0.3935547	0.6938306169383062	0.7641306353946102	False
475	Gene_476	76.60473	4.429597	7.9238544	0.8063534	266.66528	4.490474	7.9992166	0.6927546858787537	1.4376460313796997	272.65552	272.47897	0.35308838	0.7042295770422957	0.7733875735233494	False
415	Gene_416	40.280952	8.246638	9.831792	1.4695299	47.355705	8.042543	9.760901	1.3487517833709717	2.044837474822998	151.29053	151.11606	0.348938	0.7053294670532947	0.7733875735233494	False
143	Gene_144	416.7482	6.6035104	8.761298	-0.23813415	495.95007	6.6035657	8.755877	-0.2862824499607086	0.0013247688766568	477.31586	477.19598	0.2397461	0.7307269273072693	0.7977368202044425	False
361	Gene_362	31.675787	11.46501	10.957437	0.45392263	60.51071	11.427314	11.063349	0.4498591125011444	0.4145705699920654	423.94684	423.82697	0.2397461	0.7307269273072693	0.7977368202044425	False
146	Gene_147	111.3969	7.891027	9.128341	0.8253973	382.4916	7.719163	9.085755	0.7998633980751038	0.9250400066375732	364.87274	364.75693	0.23162842	0.7325267473252675	0.7979594197443001	False
59	Gene_60	147.88849	11.186537	10.1409445	-0.6674351	291.16666	11.29117	10.182381	-0.7419306039810181	-0.3730074763298034	523.4104	523.30237	0.21606445	0.736026397360264	0.7992693138495262	False
109	Gene_110	133.74966	10.536078	9.933411	1.223424	758.8995	10.521058	9.988344	1.1643670797348022	1.4632362127304075	328.85333	328.748	0.21069336	0.7369263073692631	0.7992693138495262	False
257	Gene_258	82.325645	7.130223	8.115257	0.8733318	554.2641	7.154394	8.173972	0.9145349264144896	0.6450544595718384	401.10947	401.01978	0.17938232	0.7441255874412559	0.8053307223390215	False
9	Gene_10	44.93588	24.128914	12.534115	-1.8052633	114.29381	24.106176	12.58378	-1.769607424736023	-2.009739637374878	426.57028	426.4913	0.15795898	0.7483251674832517	0.8081265307594511	False
296	Gene_297	49.83775	9.700702	8.985564	0.56277823	272.3733	9.558438	9.033021	0.5793005228042603	0.4195052087306976	478.6422	478.5723	0.13983154	0.7518248175182481	0.8101560533601811	False
328	Gene_329	268.63287	9.18395	8.829145	0.7683483	419.64703	9.233139	8.855538	0.791492760181427	0.6503048539161682	465.2342	465.1781	0.11218262	0.7563243675632437	0.8117214029669994	False
182	Gene_183	39.420467	7.257552	8.991293	0.28590646	78.96229	7.2982097	9.095602	0.323917806148529	0.0554779544472694	396.24103	396.1853	0.111450195	0.7565243475652434	0.8117214029669994	False
223	Gene_224	96.309944	6.050258	9.011192	-0.05761941	375.77313	6.041446	9.032173	-0.0770697519183158	0.0133210318163037	420.6334	420.6005	0.0657959	0.7654234576542346	0.8195111966319427	False
131	Gene_132	14.542088	13.778753	11.5652	2.805644	14.59951	13.941211	11.591835	2.7079508304595947	3.254658937454224	-461.7354	-461.74814	0.02545166	0.7745225477452254	0.8274813544286597	False
497	Gene_498	55.160664	9.553977	9.918139	2.9251196	73.653786	9.636213	10.006848	2.8425610065460205	3.263352155685425	-509.98737	-509.97537	-0.023986816	0.7854214578542146	0.837336309013022	False
68	Gene_69	171.69759	6.3316946	8.56519	1.4285322	417.30234	6.34358	8.574212	1.466202735900879	1.2445918321609497	172.03513	172.07596	-0.08166504	0.7982201779822018	0.8487473970225059	False
453	Gene_454	52.77998	11.917558	9.856903	0.98845744	136.80757	11.76226	9.913235	0.9774569272994996	1.0062333345413208	398.63525	398.68024	-0.08996582	0.7995200479952005	0.8487473970225059	False
234	Gene_235	71.873116	15.094702	9.811951	-0.015515177	339.1551	15.067519	9.8730545	-0.0703421011567115	0.1659975349903106	571.8224	571.9222	-0.19958496	0.8203179682031797	0.8689808985203176	False
455	Gene_456	35.36794	13.512212	9.953801	1.8195251	88.98308	13.277685	10.093831	1.7892740964889526	1.903579831123352	172.52007	172.62753	-0.2149353	0.8238176182381762	0.8708431482433153	False
390	Gene_391	54.636307	6.4545107	9.228999	0.6731058	120.38784	6.5701	9.358171	0.602581262588501	0.9948959350585938	316.2052	316.31726	-0.2241211	0.8261173882611739	0.8714318441573564	False
46	Gene_47	280.182	6.7054844	8.828386	-0.4445413	419.5954	6.693984	8.822602	-0.4447125792503357	-0.4505008161067962	473.93973	474.09583	-0.31219482	0.8423157684231577	0.8852671218233825	False
124	Gene_125	86.829956	16.470331	10.801636	0.5947513	386.95065	16.350615	10.837809	0.6095669269561768	0.5102471113204956	514.4079	514.56665	-0.31750488	0.8428157184281572	0.8852671218233825	False
199	Gene_200	34.975723	10.189643	10.049691	1.3024529	54.90083	10.209555	10.152284	1.2791310548782349	1.3745522499084473	265.06033	265.2251	-0.3295288	0.8446155384461553	0.8852671218233825	False
187	Gene_188	41.681355	6.608492	8.29446	2.0474763	70.78832	6.6200094	8.366796	2.065830707550049	1.932050704956055	-7.745682	-7.5751953	-0.3409729	0.8463153684631537	0.8852671218233825	False
179	Gene_180	157.74863	7.2665324	7.973165	1.2372521	373.13248	7.3401923	8.027645	1.2064714431762695	1.3769360780715942	335.84448	336.11127	-0.53356934	0.8746125387461254	0.9085012823769383	False
480	Gene_481	72.64988	8.919806	9.396726	2.047599	277.3544	8.831751	9.453406	2.041271209716797	2.062487840652466	0.51727295	0.7888031	-0.5430603	0.8753124687531247	0.9085012823769383	False
391	Gene_392	132.46706	5.7400274	8.443743	0.9074863	418.04404	5.752129	8.488694	0.887359619140625	1.0049350261688232	301.6637	301.9375	-0.5476074	0.8757124287571243	0.9085012823769383	False
210	Gene_211	16.553415	12.534164	12.943749	5.323746	17.012241	12.285219	12.870453	5.27836275100708	5.514382839202881	-2657.2556	-2656.9785	-0.5541992	0.8762123787621238	0.9085012823769383	False
241	Gene_242	69.86627	8.107262	10.003849	2.699806	255.53851	8.1641035	10.164102	2.7203261852264404	2.57468581199646	-381.84805	-381.56714	-0.5618286	0.8776122387761224	0.9085012823769383	False
57	Gene_58	139.18333	7.803515	9.793677	0.9629434	423.7088	7.933129	9.883528	0.8981071710586548	1.2423772811889648	299.47302	299.7646	-0.5831299	0.8808119188081192	0.9099296681902057	False
228	Gene_229	155.66698	9.585998	8.269917	1.7329068	517.9498	9.515711	8.281613	1.7220457792282104	1.7902204990386963	230.19215	230.5022	-0.62008667	0.8862113788621138	0.9136199782083647	False
250	Gene_251	170.39873	4.3372393	7.3837166	0.5956278	552.0166	4.340405	7.381275	0.4878917634487152	1.1946444511413574	308.23184	308.55725	-0.6508179	0.8895110488951105	0.9151348239661631	False
348	Gene_349	58.31981	9.47063	9.726994	1.2790594	244.4453	9.491903	9.862558	1.272811770439148	1.2442938089370728	272.02356	272.38416	-0.7211914	0.8976102389761024	0.9215710872444584	False
395	Gene_396	66.746796	14.08265	10.723366	-0.79650575	68.33213	13.976619	10.696132	-0.8690267205238342	-0.5051957368850708	524.94385	525.32214	-0.7565918	0.9011098890110989	0.9232683289048145	False
385	Gene_386	29.051817	8.921126	9.05916	0.5616699	24.90215	9.095467	9.088422	0.6246328353881836	0.3076774775981903	439.94638	440.3739	-0.8550415	0.9102089791020898	0.9306840277117482	False
140	Gene_141	126.952736	6.9304013	8.96827	1.3690658	386.84143	6.9191484	9.020304	1.3304561376571655	1.522377610206604	183.66824	184.14557	-0.9546509	0.9208079192080791	0.9387272654848337	False
81	Gene_82	44.687744	6.8289227	8.710418	1.3865383	108.805595	6.823203	8.809055	1.3636993169784546	1.4524160623550415	193.26982	193.76208	-0.9845276	0.9233076692330767	0.9387272654848337	False
204	Gene_205	19.466766	7.2417617	11.054576	4.454129	18.714674	7.28944	11.051787	4.379371166229248	4.829260349273682	-1936.1783	-1935.6837	-0.9892578	0.9237076292370763	0.9387272654848337	False
374	Gene_375	166.90662	7.5729384	10.155286	1.9537299	413.91708	7.5894504	10.199186	1.9473364353179927	1.973072171211243	-79.09097	-78.57547	-1.0310059	0.9267073292670733	0.9395821551448094	False
36	Gene_37	103.01866	7.1502137	8.984028	0.5322196	310.63464	7.236522	9.031209	0.6034215092658997	0.1727836281061172	405.19324	405.719	-1.0515137	0.9283071692830717	0.9395821551448094	False
267	Gene_268	85.077614	6.455482	9.048903	3.0631654	152.08482	6.6042624	9.120042	2.945044994354248	3.6396853923797607	-662.0131	-661.4712	-1.0838623	0.9303069693030697	0.93970400939704	False
419	Gene_420	63.82878	7.4888124	8.631286	0.073880255	98.02021	7.536898	8.68589	0.0931062698364257	-0.0446398220956325	480.03152	480.70456	-1.3460693	0.9526047395260474	0.9587572429879748	False
279	Gene_280	86.12059	8.547597	10.0441	1.2296718	248.87508	8.606928	10.137153	1.1739850044250488	1.4652951955795288	225.28134	225.95749	-1.3522949	0.953004699530047	0.9587572429879748	False
186	Gene_187	51.322227	10.316579	10.580877	2.325988	62.155132	10.304123	10.619414	2.289644956588745	2.4885475635528564	-188.80444	-188.11174	-1.3854065	0.956004399560044	0.9598437746586788	False
159	Gene_160	204.41989	6.6404395	8.482385	1.8049961	420.6008	6.6835146	8.542799	1.788935661315918	1.856437087059021	87.34958	88.27811	-1.8570557	0.9771022897710229	0.9790604105922073	False
283	Gene_284	230.06241	6.3908405	7.902653	1.1841519	401.24173	6.382932	7.8922663	1.1607143878936768	1.3161758184432983	307.90884	309.26837	-2.7190552	0.994000599940006	0.994000599940006	False
