ID	gene	h0_r	h0_lambda	h0_mu	h0_sigma	h1_r	h1_lambda	h1_mu	h1_sigma	h0	h1	lr	p	signif	q
329	Gene_329	17.67555	0.0	1.4623235	4.360784	16.343206	0.8012175	1.8139588	4.028847	-679.96375	-898.59875	437.27002	0.0	True	0.0
344	Gene_344	11.051393	0.0	3.4416647	0.9217588	10.9295635	0.83531624	2.6028478	4.649367	-1063.7249	-1153.7922	180.13477	0.0	True	0.0
343	Gene_343	12.267389	0.0	2.2269855	0.8972457	12.079	0.7737303	1.401881	3.7050028	-167.60065	-245.05539	154.90948	0.0	True	0.0
342	Gene_342	18.779882	0.0	1.3198749	3.4701734	17.272064	0.83065146	0.9987388	4.4911523	-251.81976	-373.34735	243.05518	0.0	True	0.0
341	Gene_341	13.14585	0.0	2.894672	3.0646274	12.217555	0.7931516	3.0948625	4.051731	-891.7962	-975.1368	166.68115	0.0	True	0.0
340	Gene_340	19.593504	0.0	-0.027836781	3.0750427	19.408796	0.6496936	-0.39976168	3.5190108	241.87463	151.0871	181.57507	0.0	True	0.0
339	Gene_339	38.541187	0.0	0.03631171	3.1345558	40.845356	0.79298437	-0.22179767	4.0388584	229.4544	119.97476	218.95929	0.0	True	0.0
338	Gene_338	75.047226	0.0	-0.16726932	2.985514	77.53242	0.704239	-0.14155605	3.665054	320.489	250.3595	140.25903	0.0	True	0.0
337	Gene_337	14.228205	0.0	0.20259991	3.0774531	15.760594	0.76930207	0.014345681	4.269628	114.04126	34.351166	159.38019	0.0	True	0.0
336	Gene_336	193.21472	0.0	1.4101646	3.1581602	200.05858	0.794905	1.4269519	3.9854596	-110.38583	-241.65393	262.5362	0.0	True	0.0
335	Gene_335	279.7216	0.0	0.9042407	3.067808	290.13968	0.81608546	0.7187956	4.1195073	75.90857	-38.849915	229.51697	0.0	True	0.0
334	Gene_334	25.254284	0.0	1.885466	2.4639206	26.698093	0.74326307	1.5624001	3.5035546	-88.51669	-149.02348	121.01358	0.0	True	0.0
333	Gene_333	58.25719	0.0	-0.42320395	2.468666	58.655342	0.70819837	-1.0062337	3.5921302	397.51562	323.81628	147.39868	0.0	True	0.0
332	Gene_332	8.220522	0.0	2.6621933	4.467889	8.395399	0.75723845	2.7845588	4.070219	-1453.9243	-1648.2808	388.7129	0.0	True	0.0
331	Gene_331	433.62674	0.0	-0.09301427	3.3218572	389.20013	0.7964715	-0.18979949	3.9141548	203.52347	66.9418	273.16333	0.0	True	0.0
330	Gene_330	33.3311	0.0	-0.8784414	2.2301562	35.73902	0.67149866	-1.1357739	3.1120586	456.5689	402.61655	107.904724	0.0	True	0.0
345	Gene_345	16.672525	0.0	1.9673322	2.5426862	15.230056	0.7265615	1.8298669	3.3389592	-162.99844	-230.94495	135.893	0.0	True	0.0
328	Gene_328	85.513336	0.0	-0.035425626	3.28934	90.57795	0.719129	0.013374406	3.8128176	202.1164	91.11243	222.00793	0.0	True	0.0
327	Gene_327	24.417547	0.0	2.0592673	0.99157834	24.568764	0.81233174	1.0908241	3.99453	-181.55759	-308.61212	254.10907	0.0	True	0.0
326	Gene_326	99.78028	0.0	-0.2879692	2.994503	92.52141	0.68587065	-0.2844807	3.6631181	329.15894	251.48279	155.3523	0.0	True	0.0
325	Gene_325	46.522655	0.0	-0.17738505	2.787322	47.093204	0.76461405	-0.36005825	3.7398274	319.26498	227.9479	182.63416	0.0	True	0.0
324	Gene_324	35.052612	0.0	-1.5197104	2.493456	34.674625	0.56780726	-1.7319092	3.0174625	412.65637	370.4301	84.452515	0.0	True	0.0
323	Gene_323	13.791274	0.0	0.94362	3.549695	14.354307	0.80199087	0.9028919	3.964658	-151.87695	-308.61932	313.48474	0.0	True	0.0
322	Gene_322	177.65677	0.0	-0.6531748	2.7525501	211.3599	0.72420573	-0.7771909	3.552513	422.8789	350.40326	144.9513	0.0	True	0.0
321	Gene_321	34.747913	0.0	-0.9229147	2.0136228	34.157475	0.67335874	-1.6158109	3.1952553	431.60992	383.33954	96.54077	0.0	True	0.0
320	Gene_320	10.761638	0.0	1.2032263	0.7167409	10.519322	0.6640353	0.4867223	3.0473273	315.68597	273.48553	84.40088	0.0	True	0.0
319	Gene_319	34.01973	0.0	0.36847878	3.2491794	35.085396	0.6882874	0.5327136	3.5448167	173.53119	68.818054	209.42627	0.0	True	0.0
318	Gene_318	11.292389	0.0	2.960407	3.8623786	11.221429	0.737717	3.47465	3.8779626	-1223.6224	-1375.3735	303.5022	0.0	True	0.0
317	Gene_317	11.689529	0.0	0.7590857	3.3177316	11.551397	0.7866991	0.44736546	4.1236563	-191.45825	-349.54044	316.16437	0.0	True	0.0
316	Gene_316	15.720371	0.0	4.208349	3.0727115	14.771726	0.7008715	4.2477484	3.7177746	-1751.9928	-1807.67	111.35449	0.0	True	0.0
315	Gene_315	392.11374	0.0	0.753081	2.9408908	350.73807	0.78497225	0.7709497	3.9024599	149.30347	52.905792	192.79535	0.0	True	0.0
314	Gene_314	10.791123	0.0	1.1027356	0.8509369	10.988619	0.75003827	0.24748266	3.3785994	277.20816	196.11246	162.1914	0.0	True	0.0
360	Gene_360	57.806995	0.0	1.3937579	3.996276	56.425907	0.75177896	1.3495806	4.336642	-483.03522	-649.2249	332.3794	0.0	True	0.0
375	Gene_375	17.263866	0.0	2.6552029	3.51259	17.994379	0.7529007	2.3683753	3.9646325	-841.2274	-960.39056	238.3263	0.0	True	0.0
374	Gene_374	21.125732	0.0	0.24948968	1.1135596	21.493395	0.6802818	-1.5609273	3.7789557	336.8456	273.53534	126.620544	0.0	True	0.0
373	Gene_373	56.099464	0.0	-0.0944979	2.8505971	55.649498	0.74239177	-0.42011642	3.7439978	300.56128	194.97873	211.1651	0.0	True	0.0
372	Gene_372	16.83273	0.0	2.5726693	0.7317327	16.603685	0.8371807	1.7335801	4.3982325	-449.23047	-559.8286	221.19629	0.0	True	0.0
371	Gene_371	11.694299	0.0	2.9495044	3.2631145	11.985496	0.6557069	2.7860909	3.3779225	-957.603	-1064.684	214.16187	0.0	True	0.0
370	Gene_370	9.195003	0.0	2.464077	0.9614307	9.165112	0.7809476	1.6636716	4.0461082	-452.06702	-561.49414	218.85425	0.0	True	0.0
369	Gene_369	230.60423	0.0	2.1005342	3.3602595	190.2602	0.77618235	2.3099575	3.9766154	-468.90454	-605.9325	274.0559	0.0	True	0.0
368	Gene_368	7.853002	0.0	0.77632594	2.6501124	7.6215906	0.64195645	0.17434016	3.1747234	96.94458	-4.3445435	202.57825	0.0	True	0.0
367	Gene_367	9.621791	0.0	1.8633316	3.2081552	10.1557455	0.7800589	1.7278657	4.0615005	-393.87363	-478.23203	168.7168	0.0	True	0.0
366	Gene_366	67.868904	0.0	2.1895018	3.4080062	67.25577	0.770275	2.0534773	4.31581	-569.22974	-679.6353	220.81116	0.0	True	0.0
365	Gene_365	11.35638	0.0	0.9171188	0.746545	11.252997	0.7124439	-0.13211	3.4979355	304.89606	232.86475	144.06262	0.0	True	0.0
364	Gene_364	289.48904	0.0	0.45263323	2.9226089	105.32528	0.83130145	0.31280625	4.0640464	199.08307	76.38211	245.40192	0.0	True	0.0
363	Gene_363	5.6517615	0.0	0.57770336	0.9668876	5.7408705	0.5777776	-0.35197026	2.864266	374.57843	331.839	85.47888	0.0	True	0.0
362	Gene_362	30.386852	0.0	0.62394863	3.8735454	29.827564	0.75853884	0.77825683	4.271317	-129.5203	-296.94037	334.84015	0.0	True	0.0
361	Gene_361	29.864902	0.0	0.17605975	2.976779	27.294786	0.7513538	0.072321236	3.829069	240.30634	144.74289	191.12689	0.0	True	0.0
313	Gene_313	395.84372	0.0	0.16895984	3.1206121	284.49545	0.71307975	0.23102458	4.0747995	244.8598	193.42938	102.86084	0.0	True	0.0
359	Gene_359	12.970505	0.0	1.5403208	3.9555945	13.282385	0.71945274	1.3399858	3.850895	-554.7855	-716.4671	323.36316	0.0	True	0.0
358	Gene_358	10.900018	0.0	1.254267	2.9465108	10.9858265	0.79940975	1.0355912	3.9596627	-153.80298	-294.0694	280.53284	0.0	True	0.0
357	Gene_357	18.082754	0.0	4.7966604	3.4897132	17.59602	0.74783367	5.2020497	4.1537027	-2460.2913	-2552.3855	184.18848	0.0	True	0.0
356	Gene_356	394.6699	0.0	0.40891296	2.5986867	449.71713	0.74928004	0.19597729	3.1994574	349.06503	231.9199	234.29025	0.0	True	0.0
355	Gene_355	151.8507	0.0	-0.2174916	3.0825453	177.09372	0.7534118	-0.38591555	4.116077	302.29468	227.26495	150.05945	0.0	True	0.0
354	Gene_354	9.227297	0.0	2.5024834	0.83326095	9.12713	0.7502264	1.9642404	3.69078	-315.81122	-383.29047	134.9585	0.0	True	0.0
353	Gene_353	31.316128	0.0	3.067377	3.5798979	27.767893	0.72929275	2.903141	4.3492956	-1124.3058	-1206.8511	165.09058	0.0	True	0.0
352	Gene_352	173.63828	0.0	1.1901457	2.3706534	125.09662	0.7869678	0.8859344	3.7891426	135.48819	57.22281	156.53076	0.0	True	0.0
351	Gene_351	65.88929	0.0	-1.246589	2.8517263	65.049934	0.7290358	-1.6323154	4.076599	360.32996	288.56482	143.53027	0.0	True	0.0
350	Gene_350	17.421467	0.0	0.85018647	3.9469428	16.732853	0.7235398	0.88976717	3.6746826	-243.46533	-440.03705	393.14343	0.0	True	0.0
349	Gene_349	22.983688	0.0	1.8851144	3.4582267	20.035442	0.76629364	1.957129	3.8867188	-445.88312	-570.26526	248.76428	0.0	True	0.0
348	Gene_348	21.014921	0.0	-0.067383364	2.9432411	21.82911	0.71782124	-0.07062036	3.7887423	229.28412	142.40302	173.7622	0.0	True	0.0
347	Gene_347	237.79181	0.0	1.370629	2.9836159	171.94495	0.7691808	1.225197	4.3492546	-46.65573	-100.817474	108.32349	0.0	True	0.0
346	Gene_346	270.52878	0.0	-0.5954446	2.7723908	315.87177	0.6851473	-0.82066464	3.4833052	413.01605	347.8136	130.4049	0.0	True	0.0
266	Gene_266	55.8013	0.0	1.9650576	2.9686007	49.93936	0.8431622	2.1109018	4.358079	-302.58258	-406.45685	207.74854	0.0	True	0.0
281	Gene_281	26.496973	0.0	0.07095493	2.6597161	27.288038	0.68576676	-0.42222562	3.4917216	311.29123	235.02509	152.53229	0.0	True	0.0
280	Gene_280	15.657124	0.0	1.5774894	3.0174508	15.52911	0.6488772	1.3146464	3.4048338	-149.20215	-230.47556	162.54681	0.0	True	0.0
279	Gene_279	249.80663	0.0	0.6394468	3.3489003	237.37672	0.769062	0.63866955	4.032923	34.04962	-86.958496	242.01624	0.0	True	0.0
278	Gene_278	375.9063	0.0	-1.6496397	2.7535906	360.7637	0.71710104	-2.0864506	3.593504	389.0692	297.14053	183.85736	0.0	True	0.0
277	Gene_277	17.171463	0.0	0.13582413	2.2163196	16.10265	0.6859518	-0.38413745	3.2287138	384.49976	317.74924	133.50104	0.0	True	0.0
276	Gene_276	84.20828	0.0	0.9948458	2.5036387	94.435394	0.68681526	0.94606006	3.3171926	240.60352	188.42404	104.35895	0.0	True	0.0
275	Gene_275	17.194798	0.0	0.4207088	3.0254526	16.392384	0.8068062	0.10435525	4.0432296	20.045166	-135.16217	310.41467	0.0	True	0.0
274	Gene_274	13.577655	0.0	5.1139035	0.9681136	13.384533	0.721309	4.847966	3.6339755	-2462.6777	-2546.231	167.10645	0.0	True	0.0
273	Gene_273	13.680896	0.0	1.2345518	3.1911294	13.015558	0.76010716	1.3675387	3.9714806	-122.39856	-223.32956	201.862	0.0	True	0.0
272	Gene_272	35.31646	0.0	-1.5949707	1.9647604	26.351976	0.53188014	-2.3848808	3.040486	383.6235	357.93124	51.38452	0.0	True	0.0
271	Gene_271	38.984936	0.0	3.0120635	2.8264172	37.00739	0.7370854	2.6161826	3.4690905	-797.62915	-889.79553	184.33276	0.0	True	0.0
270	Gene_270	9.271259	0.0	4.363771	1.2444382	9.560649	0.741174	3.6700156	4.0198197	-1846.3977	-1908.67	124.54468	0.0	True	0.0
269	Gene_269	13.306166	0.0	3.9600773	0.7000501	13.51411	0.7350354	3.4219923	3.5287132	-1340.7301	-1419.6835	157.90674	0.0	True	0.0
268	Gene_268	341.31903	0.0	-0.8788148	2.8654594	219.24005	0.7377317	-1.039308	3.7607903	375.34198	287.3459	175.99219	0.0	True	0.0
267	Gene_267	11.849902	0.0	3.3370183	3.8515508	10.42388	0.7148508	3.6171527	3.802696	-1457.6829	-1594.966	274.56616	0.0	True	0.0
282	Gene_282	15.447841	0.0	1.2688426	3.9433773	12.828119	0.743621	1.5152056	3.9790184	-398.57056	-544.1642	291.18726	0.0	True	0.0
265	Gene_265	11.871266	0.0	2.0852137	3.2128148	12.020076	0.7525013	1.4168924	3.8522754	-731.87476	-893.5339	323.31824	0.0	True	0.0
264	Gene_264	76.909615	0.0	1.0015426	2.647321	77.73269	0.78132993	0.5866591	3.6912427	175.6919	89.890656	171.60248	0.0	True	0.0
263	Gene_263	16.835917	0.0	1.1761678	1.0460421	17.60629	0.75627667	0.25341818	3.7050538	225.47417	134.68219	181.58395	0.0	True	0.0
262	Gene_262	14.308809	0.0	3.2868266	0.8452741	14.249381	0.75610226	2.6482995	3.9347935	-871.12555	-946.5067	150.76233	0.0	True	0.0
261	Gene_261	10.415128	0.0	2.216129	0.80035985	10.972181	0.78962857	1.1673383	3.7439983	-239.0567	-365.6308	253.1482	0.0	True	0.0
260	Gene_260	10.877061	0.0	1.0221045	3.5734155	10.322313	0.7381437	1.0072404	3.8680024	-273.0565	-431.3233	316.53363	0.0	True	0.0
259	Gene_259	24.452187	0.0	4.2153473	3.8251164	23.444864	0.83324224	4.073109	4.71514	-2010.78	-2127.1455	232.73096	0.0	True	0.0
258	Gene_258	13.521474	0.0	1.2973614	2.7988546	12.72411	0.8294251	0.8567779	4.148242	-93.467285	-211.69922	236.46387	0.0	True	0.0
257	Gene_257	46.796192	0.0	1.6079861	3.1998115	46.003098	0.79424655	1.5145429	4.2109056	-208.0253	-301.5075	186.96442	0.0	True	0.0
256	Gene_256	48.64613	0.0	0.024054432	2.795244	49.077652	0.8019963	-0.5910742	4.23438	231.38776	118.18579	226.40393	0.0	True	0.0
255	Gene_255	431.85443	0.0	-0.13789263	3.3650556	462.4176	0.7241332	-0.3096011	3.465533	225.3587	67.7655	315.1864	0.0	True	0.0
254	Gene_254	27.816696	0.0	3.2248852	3.34299	27.124264	0.76300764	3.2011473	4.3509307	-1128.2434	-1204.1831	151.8794	0.0	True	0.0
253	Gene_253	7.0177646	0.0	3.4455862	0.8903355	6.9928746	0.70406085	3.0991294	3.1789098	-945.0205	-1010.57745	131.11389	0.0	True	0.0
252	Gene_252	19.189693	0.0	2.859094	3.2650063	17.75758	0.7747003	2.8985918	4.160505	-881.6711	-965.9279	168.51367	0.0	True	0.0
297	Gene_297	11.952311	0.0	2.6468	3.839294	11.630283	0.7747414	2.315508	4.2016664	-1148.0461	-1305.2571	314.42188	0.0	True	0.0
312	Gene_312	51.81083	0.0	-0.43712395	2.8394876	51.177372	0.7166479	-0.7909348	3.594917	351.36157	257.02496	188.67322	0.0	True	0.0
311	Gene_311	12.365604	0.0	-1.109879	2.18694	12.204848	0.69098043	-1.866097	3.5359056	371.2932	313.01947	116.547485	0.0	True	0.0
310	Gene_310	160.82619	0.0	1.2081106	2.9892175	187.70908	0.7239649	1.1039389	3.7825682	29.432068	-61.659332	182.1828	0.0	True	0.0
309	Gene_309	23.089678	0.0	0.92336506	1.108746	23.215208	0.7829825	0.05030408	3.642335	263.66156	176.11584	175.09143	0.0	True	0.0
308	Gene_308	46.839157	0.0	-0.4199306	1.0686355	46.55056	0.6445966	-2.2309737	3.2189674	421.3768	369.8487	103.05621	0.0	True	0.0
307	Gene_307	35.754974	0.0	-0.45904267	3.0868168	25.492926	0.7258175	-0.9487131	3.6475492	311.51544	200.41675	222.19739	0.0	True	0.0
306	Gene_306	165.58003	0.0	1.6083761	2.8368404	188.07669	0.65046626	1.5350171	3.4682434	-44.75775	-104.03076	118.54602	0.0	True	0.0
305	Gene_305	6.5948725	0.0	6.32147	1.741891	6.329031	0.623152	5.899712	3.6153316	-3893.025	-3919.5063	52.96289	0.0	True	0.0
304	Gene_304	69.62904	0.0	1.1544812	2.9256752	74.22052	0.77908266	1.3793	4.0097885	51.573395	-32.845917	168.83862	0.0	True	0.0
303	Gene_303	12.877459	0.0	0.21756053	0.8588464	12.725117	0.7130576	-1.2698866	3.588924	325.87543	252.18652	147.3778	0.0	True	0.0
302	Gene_302	14.410448	0.0	4.067545	3.3440146	13.296735	0.7914914	4.0471826	4.2579784	-1874.2783	-1981.8334	215.1101	0.0	True	0.0
301	Gene_301	181.47276	0.0	-1.0139315	2.1416767	128.53972	0.6992053	-2.3399825	3.4725301	365.9323	281.2993	169.26605	0.0	True	0.0
300	Gene_300	279.35703	0.0	-1.416271	2.4742262	268.5281	0.62124807	-2.1588497	3.1364193	385.2975	293.5967	183.40155	0.0	True	0.0
299	Gene_299	127.80259	0.0	-0.8024657	2.6330814	40.877846	0.6732737	-1.7000551	3.4001448	328.9237	209.11469	239.61804	0.0	True	0.0
298	Gene_298	21.244387	0.0	2.9105577	0.7142056	21.52612	0.8440721	2.2248838	4.3504686	-600.14996	-702.1753	204.05066	0.0	True	0.0
376	Gene_376	19.89583	0.0	1.100753	3.2485967	18.471577	0.7566001	1.0779468	3.7912052	-80.41443	-198.85953	236.8902	0.0	True	0.0
296	Gene_296	13.904737	0.0	0.9287557	2.1127367	14.386882	0.7386528	0.6597226	3.2116005	296.53943	234.47408	124.13071	0.0	True	0.0
295	Gene_295	193.76054	0.0	-0.8161247	1.5565904	102.27234	0.62730354	-2.345962	2.9648867	395.0223	322.453	145.13861	0.0	True	0.0
294	Gene_294	14.368402	0.0	2.4247067	3.161217	13.395058	0.73733896	2.3104396	3.7257328	-584.2467	-671.80505	175.1167	0.0	True	0.0
293	Gene_293	42.401703	0.0	-0.7679483	2.8652358	46.196426	0.7173039	-1.0572445	3.6176767	371.04065	297.69672	146.68787	0.0	True	0.0
292	Gene_292	232.76988	0.0	0.7200685	3.3260796	273.60468	0.7696436	0.5180374	4.302704	39.634888	-70.793915	220.8576	0.0	True	0.0
291	Gene_291	50.60016	0.0	2.4044635	2.5409117	45.772057	0.74945635	2.4794714	3.5416138	-371.40027	-449.3231	155.84564	0.0	True	0.0
290	Gene_290	8.096807	0.0	2.8797448	0.95072687	8.102638	0.7694885	2.1460395	3.9561303	-730.6614	-839.0172	216.71167	0.0	True	0.0
289	Gene_289	28.347197	0.0	1.9385579	3.0064783	29.545559	0.7006472	1.8258005	3.5685458	-267.36404	-346.18015	157.6322	0.0	True	0.0
288	Gene_288	17.967804	0.0	3.027749	3.164302	17.187284	0.7563639	2.793638	3.8667378	-1005.87244	-1113.4507	215.1565	0.0	True	0.0
287	Gene_287	19.023937	0.0	1.5951544	2.9577103	17.40233	0.79012257	1.3882599	3.7861004	-156.46185	-270.098	227.27228	0.0	True	0.0
286	Gene_286	12.77108	0.0	1.7671286	3.3096237	12.330488	0.768626	1.7789494	3.9262414	-449.09888	-595.28766	292.37756	0.0	True	0.0
285	Gene_285	15.486054	0.0	-0.014004642	2.4846072	15.008167	0.66955256	-0.26587445	3.256115	390.83374	331.63733	118.39282	0.0	True	0.0
284	Gene_284	18.339025	0.0	1.4322278	3.8575904	18.62147	0.7482297	1.1080189	3.9414892	-520.304	-692.4859	344.36377	0.0	True	0.0
283	Gene_283	18.978443	0.0	2.3628829	0.63378716	18.858887	0.7389922	1.8965476	3.3714795	-130.32288	-198.422	136.19824	0.0	True	0.0
38	Gene_38	15.74091	0.0	0.15314874	0.7857888	15.915147	0.6859642	-1.512562	3.5538538	315.72015	233.55405	164.33221	0.0	True	0.0
53	Gene_53	10.339642	0.0	3.607477	0.8608808	10.386881	0.7691127	2.8720272	3.9642196	-1116.9548	-1201.3556	168.80151	0.0	True	0.0
52	Gene_52	19.670027	0.0	0.60092765	3.1859722	19.761166	0.77582395	0.22104368	3.9333673	-31.376343	-183.70831	304.66394	0.0	True	0.0
51	Gene_51	404.06604	0.0	0.71623266	2.6682725	290.8141	0.79959005	0.3730436	3.9250968	238.46246	161.4076	154.10974	0.0	True	0.0
50	Gene_50	8.649904	0.0	3.9074435	1.0890946	8.461595	0.73000604	3.6782665	3.7329848	-1377.2955	-1452.2771	149.96313	0.0	True	0.0
49	Gene_49	12.607117	0.0	0.75816625	2.647814	13.489354	0.7461757	0.39100483	3.8650374	125.94339	45.041748	161.80328	0.0	True	0.0
48	Gene_48	10.998416	0.0	2.4808216	0.96378815	10.9826765	0.7509051	1.7112764	3.5295453	-345.44653	-472.58368	254.27429	0.0	True	0.0
47	Gene_47	48.814583	0.0	-0.11919558	3.202709	48.629593	0.7520078	-0.1887016	4.005755	238.64185	138.26398	200.75574	0.0	True	0.0
46	Gene_46	59.429157	0.0	1.7736048	3.0490668	66.78898	0.8543004	1.3526487	4.437166	-249.48941	-362.7469	226.51495	0.0	True	0.0
45	Gene_45	14.894761	0.0	4.1581798	0.8740775	14.733637	0.82685745	3.8874207	4.5294337	-1681.0128	-1771.0576	180.0896	0.0	True	0.0
44	Gene_44	18.595577	0.0	0.98467016	2.9587064	18.80679	0.78779626	0.6486215	4.0212684	9.366028	-84.619385	187.97083	0.0	True	0.0
43	Gene_43	36.73085	0.0	2.1996493	3.7129714	41.504284	0.7622491	2.159582	4.279061	-697.5337	-833.18616	271.30493	0.0	True	0.0
42	Gene_42	26.583529	0.0	1.3401004	3.0620456	26.779865	0.78277725	1.0300174	3.825988	-125.84833	-255.34442	258.9922	0.0	True	0.0
41	Gene_41	33.379787	0.0	-0.44418657	3.001608	32.14607	0.70544875	-0.6312892	3.6264513	297.55853	183.31073	228.4956	0.0	True	0.0
40	Gene_40	15.386573	0.0	1.1850551	0.54688656	15.302119	0.74029666	-0.9568394	4.2330227	106.24295	1.5588379	209.36823	0.0	True	0.0
39	Gene_39	398.4005	0.0	-0.4458997	3.3689556	326.06802	0.7080497	-0.8534113	3.7071645	257.46875	131.67926	251.57898	0.0	True	0.0
54	Gene_54	201.40358	0.0	0.39949197	2.792591	186.96434	0.73890275	0.5193091	3.562789	288.46942	203.9096	169.11963	0.0	True	0.0
37	Gene_37	228.73132	0.0	-0.57288164	2.84777	267.9327	0.7151033	-0.88113123	3.4831932	364.02606	264.6778	198.69653	0.0	True	0.0
36	Gene_36	15.691128	0.0	4.084245	1.3063126	15.345497	0.8044356	3.3256528	4.256839	-1600.6443	-1729.5671	257.8457	0.0	True	0.0
35	Gene_35	39.511513	0.0	0.9474949	2.8570006	43.086384	0.7908242	0.6760122	3.999072	146.86945	70.70032	152.33826	0.0	True	0.0
34	Gene_34	27.749449	0.0	0.10076456	2.8246062	27.65034	0.82055944	-0.3583653	4.1128044	275.2668	184.45984	181.61395	0.0	True	0.0
495	Gene_495	14.2521515	0.0	0.36694375	3.0667794	14.878875	0.75856256	0.38136715	3.9719641	80.98694	-27.683624	217.34113	0.0	True	0.0
448	Gene_448	32.05968	0.0	-0.38301572	2.4454975	30.615793	0.71508586	-1.2909061	3.819577	348.84955	285.10565	127.48779	0.0	True	0.0
447	Gene_447	12.203023	0.0	1.0800827	0.8360987	12.012899	0.7855373	-0.3896277	4.207153	166.99768	94.47281	145.04974	0.0	True	0.0
446	Gene_446	432.28934	0.0	-0.18168427	3.06884	480.50864	0.7824965	-0.8215793	3.9855382	319.0473	218.37555	201.3435	0.0	True	0.0
445	Gene_445	46.70948	0.0	-0.035554573	2.5441356	49.0474	0.7353999	-0.9280829	3.7321246	321.50262	230.888	181.22925	0.0	True	0.0
444	Gene_444	169.72946	0.0	-0.961156	2.4936628	147.12253	0.6275073	-1.3473883	3.0700345	437.77017	370.85538	133.82959	0.0	True	0.0
443	Gene_443	189.2201	0.0	-0.5683913	1.5609968	94.494125	0.7353946	-2.323762	3.5608263	328.5478	243.97311	169.14935	0.0	True	0.0
442	Gene_442	346.24448	0.0	-1.3904079	2.1804857	292.52728	0.6281136	-1.7564818	2.7903948	472.95004	426.37067	93.15875	0.0	True	0.0
441	Gene_441	28.731651	0.0	-0.65823287	2.1783648	28.613914	0.7021622	-1.4022665	3.4145343	389.19843	309.88455	158.62775	0.0	True	0.0
440	Gene_440	18.539724	0.0	1.0870214	0.77772224	19.40318	0.78670853	-0.043395635	3.83743	282.18842	219.07846	126.21991	0.0	True	0.0
439	Gene_439	12.013925	0.0	3.4699895	0.9875364	11.868243	0.7572165	3.0872853	3.7181847	-972.9043	-1052.9136	160.01855	0.0	True	0.0
1	Gene_1	11.914102	0.0	3.0615892	3.4101386	11.4959135	0.79074955	3.182487	4.149223	-1212.3208	-1338.69	252.73828	0.0	True	0.0
490	Gene_490	15.222855	0.0	-0.8467165	2.092779	14.907405	0.652292	-1.8960664	3.3056166	399.18634	342.6927	112.987305	0.0	True	0.0
489	Gene_489	248.5538	0.0	0.21228169	2.7732353	354.63327	0.72118074	0.41766325	3.1760616	339.17996	225.62563	227.10867	0.0	True	0.0
488	Gene_488	14.883579	0.0	2.3391237	3.3479173	14.288051	0.8071209	2.3093383	4.280002	-772.95154	-906.18976	266.47644	0.0	True	0.0
487	Gene_487	303.6827	0.0	-1.2442592	3.0999064	339.86725	0.683805	-1.7454937	3.3380742	377.59564	267.07367	221.04395	0.0	True	0.0
486	Gene_486	143.92546	0.0	1.8588519	3.2825067	153.87674	0.80392003	2.005436	4.1734414	-339.25226	-461.58563	244.66675	0.0	True	0.0
485	Gene_485	42.893536	0.0	1.2709343	3.3535337	38.629585	0.73818266	1.0226841	3.882703	-143.35452	-266.77914	246.84924	0.0	True	0.0
484	Gene_484	315.1541	0.0	-0.4061188	3.2309332	302.7845	0.8281651	-0.8514263	4.4875383	261.42786	151.73395	219.38782	0.0	True	0.0
483	Gene_483	198.32953	0.0	-1.301474	2.5942762	116.65898	0.7142838	-1.9793981	3.81983	364.107	300.4259	127.36218	0.0	True	0.0
482	Gene_482	100.290535	0.0	2.183975	2.8890147	96.47818	0.74868727	1.761541	3.920593	-336.807	-401.96912	130.32422	0.0	True	0.0
481	Gene_481	18.746498	0.0	0.41310105	2.4597883	19.19557	0.6997182	0.17835568	3.0218954	314.15945	213.49518	201.32855	0.0	True	0.0
57	Gene_57	69.25695	0.0	3.2967937	2.9239497	120.10156	0.76698804	2.8991115	4.0697813	-999.6168	-1063.781	128.32837	0.0	True	0.0
449	Gene_449	23.150457	0.0	1.839555	3.193163	23.646715	0.75341165	1.8909023	3.726129	-385.18347	-511.47754	252.58813	0.0	True	0.0
25	Gene_25	429.0899	0.0	0.8490577	3.2968256	404.64893	0.7597301	0.72523975	4.0385423	51.89624	-58.8468	221.48608	0.0	True	0.0
33	Gene_33	24.523901	0.0	1.3607049	2.9452944	24.460733	0.78392386	1.4709086	3.9061704	-48.65631	-141.82462	186.33661	0.0	True	0.0
473	Gene_473	461.17502	0.0	-1.4899116	2.8988395	334.38358	0.6700487	-2.0245311	3.4689202	405.28464	322.2124	166.14447	0.0	True	0.0
438	Gene_438	14.923535	0.0	-1.4598209	2.4891622	15.5998125	0.5558687	-2.0137422	3.0973067	409.5699	364.16672	90.806335	0.0	True	0.0
500	Gene_500	54.361076	0.0	1.2348882	3.0481317	49.835552	0.72512716	1.0949241	3.586398	-13.67569	-131.81458	236.27777	0.0	True	0.0
499	Gene_499	47.450115	0.0	1.4109267	2.992236	44.742466	0.7790711	1.2555275	3.9553053	-69.29639	-169.39429	200.1958	0.0	True	0.0
498	Gene_498	7.40116	0.0	1.9400251	0.84404635	7.2858176	0.70920956	0.9913642	3.2417016	-76.32623	-174.63782	196.62317	0.0	True	0.0
497	Gene_497	25.39048	0.0	2.2130883	3.7196352	26.107155	0.78108865	1.7958324	4.145849	-747.47345	-896.97473	299.00256	0.0	True	0.0
64	Gene_64	28.359198	0.0	0.24137874	0.94008535	26.325966	0.6801404	-1.71082	4.066325	276.88892	200.6156	152.54663	0.0	True	0.0
63	Gene_63	550.0488	0.0	0.42455903	2.7780337	500.40982	0.7054015	0.33669502	3.302426	297.39792	208.34854	178.09875	0.0	True	0.0
62	Gene_62	352.7841	0.0	-1.1683466	2.7652707	307.45132	0.729297	-1.5139962	3.9142768	407.3835	358.0199	98.727234	0.0	True	0.0
61	Gene_61	11.778516	0.0	2.1419084	0.699265	11.995602	0.7972845	1.2524016	4.208706	-271.107	-387.22235	232.23071	0.0	True	0.0
60	Gene_60	99.35289	0.0	-1.1438912	2.5435748	31.412233	0.62192345	-1.6740828	3.3030143	371.48376	278.9405	185.08655	0.0	True	0.0
59	Gene_59	54.811344	0.0	0.10891013	3.1988401	53.700985	0.7542006	-0.04038881	3.7325873	141.77274	-5.991211	295.5279	0.0	True	0.0
58	Gene_58	14.012711	0.0	0.22416502	2.974849	13.944975	0.75263375	0.37464717	3.6334615	190.06201	66.029724	248.06458	0.0	True	0.0
492	Gene_492	338.5934	0.0	-1.7677824	2.3468328	324.87796	0.6268659	-2.3389013	3.0206726	402.99496	337.6045	130.78094	0.0	True	0.0
56	Gene_56	30.882528	0.0	0.020012185	3.604966	43.206905	0.7342301	-0.048593257	4.131201	62.68686	-60.30591	245.98553	0.0	True	0.0
55	Gene_55	28.870316	0.0	0.025247443	2.5715868	28.460474	0.78934556	-0.3381073	4.066484	278.498	192.1615	172.67297	0.0	True	0.0
391	Gene_391	6.2217975	0.0	4.647409	1.2303915	6.318433	0.67587674	4.154351	3.3282433	-2068.525	-2108.1353	79.2207	0.0	True	0.0
406	Gene_406	62.806553	0.0	0.9335616	0.75125974	60.470848	0.7261613	-0.037006292	3.7322037	292.51276	208.77246	167.48059	0.0	True	0.0
405	Gene_405	10.147127	0.0	0.03782255	0.92281544	10.142714	0.6138088	-1.2140349	3.2317579	413.78046	381.85336	63.854187	0.0	True	0.0
404	Gene_404	9.288716	0.0	4.767562	1.1713986	9.286003	0.69995695	4.414613	3.694629	-2179.3967	-2238.0308	117.26807	0.0	True	0.0
403	Gene_403	26.103365	0.0	3.370093	3.9312098	22.384352	0.8286057	3.251477	4.5941195	-1546.4723	-1692.6421	292.3396	0.0	True	0.0
402	Gene_402	157.77449	0.0	1.1129376	3.2444224	140.51294	0.69099647	0.6608359	3.6655352	-39.5119	-163.251	247.47821	0.0	True	0.0
401	Gene_401	11.252654	0.0	1.4607664	3.409396	11.517537	0.78861886	1.1583754	4.2376943	-321.94995	-446.16217	248.42444	0.0	True	0.0
400	Gene_400	441.75922	0.0	-0.80262834	2.757694	186.02917	0.81232893	-1.0771618	3.976025	404.46024	310.30945	188.30157	0.0	True	0.0
399	Gene_399	36.510616	0.0	0.3807515	3.016628	34.414524	0.6902526	0.21252842	3.6416903	209.19104	122.534546	173.31299	0.0	True	0.0
398	Gene_398	357.61975	0.0	0.31397533	3.5027182	367.8744	0.7995802	0.1867401	4.3874626	82.33795	-48.93222	262.54034	0.0	True	0.0
397	Gene_397	23.725569	0.0	0.63218117	3.2133455	24.75852	0.7185188	0.24184227	3.8946161	115.8107	35.084167	161.45306	0.0	True	0.0
396	Gene_396	11.008142	0.0	1.6817888	2.9330778	10.978391	0.7452604	1.4674299	3.684024	-215.12503	-302.30872	174.36737	0.0	True	0.0
395	Gene_395	8.578237	0.0	0.960871	1.0582669	8.505579	0.75269663	-0.45389158	3.7637734	222.83116	143.49756	158.6672	0.0	True	0.0
394	Gene_394	53.67313	0.0	0.38930255	3.0909133	57.178444	0.7530589	0.51045084	4.2354393	137.8023	60.38788	154.82886	0.0	True	0.0
393	Gene_393	16.559546	0.0	2.3395965	3.2614594	15.79582	0.8152982	2.30528	4.284351	-601.60535	-705.7983	208.38586	0.0	True	0.0
392	Gene_392	16.91348	0.0	2.2930892	3.03759	16.320086	0.69609404	1.9232363	3.3367965	-450.022	-559.63837	219.23273	0.0	True	0.0
407	Gene_407	17.985348	0.0	2.6928806	0.710736	23.82054	0.78663707	2.5185533	4.2603946	-456.58624	-533.2085	153.2445	0.0	True	0.0
390	Gene_390	108.12353	0.0	-0.8262554	3.415546	81.06025	0.76518273	-1.2336609	4.2910075	277.66644	176.74484	201.8432	0.0	True	0.0
389	Gene_389	199.83205	0.0	-0.7492069	1.4705161	121.38593	0.663106	-1.599265	2.9957714	449.26624	407.0338	84.46484	0.0	True	0.0
388	Gene_388	211.50629	0.0	0.8148087	2.9527	238.53337	0.7495295	0.71693486	3.5310926	156.12085	42.62039	227.00092	0.0	True	0.0
387	Gene_387	138.94435	0.0	0.3435858	3.5739338	133.13303	0.7729706	-0.5139255	4.037094	-31.235382	-210.14386	357.81696	0.0	True	0.0
386	Gene_386	16.417881	0.0	1.6125802	2.9757278	16.812185	0.76039445	1.8381656	3.6664288	-242.17157	-369.30756	254.27197	0.0	True	0.0
385	Gene_385	21.289839	0.0	0.045679115	2.7617888	21.30632	0.69104105	-0.35116902	3.4997876	281.8144	185.96912	191.69055	0.0	True	0.0
384	Gene_384	29.07826	0.0	1.6641887	3.1755	31.06909	0.7638312	1.5471779	4.259068	-302.04047	-391.34937	178.6178	0.0	True	0.0
383	Gene_383	10.205263	0.0	1.2222273	0.7558663	10.366045	0.7400209	0.01890132	3.7491825	177.45906	95.680176	163.55777	0.0	True	0.0
382	Gene_382	16.60148	0.0	3.2608564	3.6273775	17.058575	0.78541946	3.027152	4.2797127	-1313.4664	-1435.459	243.9851	0.0	True	0.0
381	Gene_381	21.842186	0.0	2.648543	0.9396988	22.5174	0.75244033	2.1278253	3.4060936	-313.60925	-397.7826	168.34668	0.0	True	0.0
380	Gene_380	11.650263	0.0	3.295668	3.5801651	12.126452	0.7759781	3.1240165	4.1250496	-1355.6875	-1482.9001	254.4253	0.0	True	0.0
379	Gene_379	272.8787	0.0	1.6010627	3.366489	231.4856	0.7734994	1.6329675	4.1857724	-251.07239	-371.37048	240.59619	0.0	True	0.0
378	Gene_378	22.900064	0.0	1.4129219	2.7392654	24.859528	0.77779883	1.637324	3.7695198	-23.44165	-112.57562	178.26794	0.0	True	0.0
377	Gene_377	9.03372	0.0	4.051757	3.648191	9.436191	0.74813515	3.7005014	4.1128516	-1996.9154	-2111.8413	229.8518	0.0	True	0.0
422	Gene_422	43.929585	0.0	-0.014379284	2.3687096	37.15651	0.7264252	-0.8291997	3.5499675	308.69568	202.33862	212.71411	0.0	True	0.0
437	Gene_437	59.80474	0.0	0.80293137	2.6539602	55.700813	0.75271547	0.515279	3.5230255	214.46783	123.02426	182.88715	0.0	True	0.0
436	Gene_436	34.028545	0.0	-0.01691294	3.0445566	34.32057	0.68154055	-0.28853482	3.4495533	237.02573	121.69003	230.67139	0.0	True	0.0
435	Gene_435	23.684542	0.0	1.9260751	2.9770608	25.942783	0.7896565	1.7032268	4.083118	-313.32193	-404.24176	181.83966	0.0	True	0.0
434	Gene_434	213.82382	0.0	-0.27979553	3.298642	168.72363	0.76244634	-0.6785997	4.044606	229.31949	115.40747	227.82404	0.0	True	0.0
433	Gene_433	353.15958	0.0	-1.3240905	2.788136	172.16006	0.74598867	-2.810755	4.0977764	315.93167	215.89645	200.07043	0.0	True	0.0
432	Gene_432	18.81134	0.0	0.26640955	2.9632769	18.711155	0.7121185	-0.2124331	3.568046	212.94525	112.02722	201.83606	0.0	True	0.0
431	Gene_431	25.305527	0.0	3.4122257	2.8687217	25.805187	0.73696125	3.0345404	3.9933183	-1116.3083	-1168.6692	104.72168	0.0	True	0.0
430	Gene_430	187.37686	0.0	0.3190906	2.9119613	202.23764	0.7386303	0.19669445	3.7977128	268.22476	180.07507	176.29938	0.0	True	0.0
429	Gene_429	11.414567	0.0	1.4039233	2.8504937	11.164795	0.78791505	1.7397664	4.039573	-126.607635	-214.63358	176.05188	0.0	True	0.0
428	Gene_428	30.476995	0.0	3.533517	3.7980492	28.247786	0.7929148	3.4510489	4.532147	-1579.0079	-1708.5117	259.00757	0.0	True	0.0
427	Gene_427	283.03925	0.0	-0.8242186	2.5332878	296.26013	0.68339264	-1.0618356	3.3095725	464.4115	410.7458	107.33142	0.0	True	0.0
426	Gene_426	17.040852	0.0	3.1148868	3.3148675	17.069483	0.7671658	3.1306953	4.2437577	-1102.8231	-1190.8389	176.0315	0.0	True	0.0
425	Gene_425	14.20831	0.0	1.4896194	3.000981	15.750711	0.7852167	1.3282963	3.9808583	-116.538666	-216.41565	199.75397	0.0	True	0.0
424	Gene_424	52.14586	0.0	1.9777403	2.997541	52.036037	0.75057405	1.9275434	3.8039243	-281.2436	-367.57123	172.65527	0.0	True	0.0
423	Gene_423	17.760164	0.0	1.5310776	3.388582	19.056385	0.7894962	1.1160307	4.1841216	-314.29504	-429.7364	230.88269	0.0	True	0.0
251	Gene_251	48.153656	0.0	-0.5984032	2.896496	48.38489	0.7540567	-0.5401565	3.8459876	348.92053	248.59091	200.65924	0.0	True	0.0
421	Gene_421	21.740313	0.0	1.9272914	3.0527802	18.177155	0.8035169	2.2176604	4.0938506	-330.13843	-435.34595	210.41504	0.0	True	0.0
420	Gene_420	14.808388	0.0	0.7826045	3.2348578	15.59728	0.7879262	0.675705	4.158173	-29.775513	-131.25458	202.95813	0.0	True	0.0
419	Gene_419	17.653162	0.0	3.8847444	3.1854699	16.497503	0.78145874	3.8299713	4.27849	-1651.8137	-1736.2839	168.94043	0.0	True	0.0
418	Gene_418	73.579094	0.0	-0.2208722	3.2600648	67.742195	0.74856144	-0.38558617	4.125601	193.8595	75.645874	236.42725	0.0	True	0.0
417	Gene_417	245.29205	0.0	-0.27421883	2.8474703	250.15312	0.75320387	-0.8022379	3.6781101	350.62704	261.94885	177.35638	0.0	True	0.0
416	Gene_416	14.762477	0.0	0.2810669	0.73173755	14.0453	0.7087947	-1.8352122	3.939344	286.8095	193.50531	186.6084	0.0	True	0.0
415	Gene_415	218.91882	0.0	1.0201472	2.6808736	186.38763	0.73514974	0.7880352	3.678266	157.32312	96.78592	121.0744	0.0	True	0.0
414	Gene_414	64.86891	0.0	0.9571983	3.2695386	58.93986	0.8463771	0.55022395	4.51752	-25.401611	-145.22308	239.64294	0.0	True	0.0
413	Gene_413	22.505764	0.0	1.4975668	3.088317	21.645151	0.81593996	1.3236148	4.169949	-246.39499	-392.29373	291.7975	0.0	True	0.0
412	Gene_412	16.687443	0.0	2.3371801	3.3980591	14.803393	0.76848835	1.9511905	4.0464997	-637.69	-763.63556	251.89111	0.0	True	0.0
411	Gene_411	18.856092	0.0	1.9693698	0.6985199	15.750591	0.7937526	1.0655705	4.0587254	-97.30858	-194.11102	193.60489	0.0	True	0.0
410	Gene_410	19.452621	0.0	1.4789706	3.1723208	18.854513	0.786001	1.0739772	4.106907	-276.15784	-405.31268	258.3097	0.0	True	0.0
409	Gene_409	12.009205	0.0	2.716812	0.79298514	13.216726	0.7448839	2.1994572	3.4288242	-405.74164	-485.0509	158.61853	0.0	True	0.0
408	Gene_408	7.852598	0.0	2.0535293	0.8361075	7.7756996	0.7769646	1.4259259	3.8319514	-131.98962	-209.14523	154.31122	0.0	True	0.0
79	Gene_79	35.391026	0.0	-1.2145984	2.431054	21.324577	0.7108054	-1.5875269	3.6849368	430.64194	410.03156	41.220764	0.0	True	0.0
94	Gene_94	92.90266	0.0	0.88073105	2.9356735	88.20595	0.776496	0.98650956	3.980536	68.101746	-31.162323	198.52814	0.0	True	0.0
93	Gene_93	12.732472	0.0	3.0148692	0.9608792	12.729243	0.77598155	2.6376503	3.7978365	-677.4004	-770.31165	185.82251	0.0	True	0.0
92	Gene_92	20.974781	0.0	1.1268559	3.0986443	22.659058	0.76696086	1.2815676	3.8479202	-16.26831	-120.727844	208.91907	0.0	True	0.0
91	Gene_91	349.60233	0.0	0.39310718	3.1437297	362.99487	0.81664497	0.05986204	4.323951	140.26178	32.47992	215.56372	0.0	True	0.0
90	Gene_90	509.13986	0.0	1.7653779	3.1418545	549.6257	0.77729493	1.6035566	3.9953558	-250.71637	-368.97327	236.5138	0.0	True	0.0
89	Gene_89	233.94449	0.0	-0.54714066	2.8182008	259.07138	0.78418124	-0.45816663	3.9450357	365.98566	280.9758	170.01971	0.0	True	0.0
88	Gene_88	74.684135	0.0	2.3817668	3.0582228	71.56817	0.74915934	2.4796948	3.6147327	-543.8524	-661.1059	234.50696	0.0	True	0.0
87	Gene_87	83.07846	0.0	1.9813946	3.0070834	86.16997	0.80083513	1.7321254	3.9109123	-306.58023	-416.77594	220.39142	0.0	True	0.0
86	Gene_86	16.997824	0.0	2.214495	0.7742972	19.190746	0.76593745	1.4655812	3.7353165	-152.35243	-243.93549	183.1661	0.0	True	0.0
85	Gene_85	363.33896	0.0	0.44320887	3.8229232	422.35672	0.7479457	0.7369663	4.061837	-52.591187	-220.7793	336.37622	0.0	True	0.0
84	Gene_84	153.53152	0.0	0.021497127	2.326711	146.63585	0.67130446	-0.18169735	3.2033644	388.45673	315.56207	145.7893	0.0	True	0.0
83	Gene_83	76.05282	0.0	3.092812	3.6003177	81.29552	0.8140366	3.1476963	4.8989882	-1154.6465	-1257.5947	205.89648	0.0	True	0.0
82	Gene_82	16.581505	0.0	0.8457648	3.0133893	17.034502	0.76433074	0.63385665	3.6475847	51.2901	-88.575806	279.7318	0.0	True	0.0
81	Gene_81	9.227719	0.0	4.0155478	3.638482	9.480778	0.69828093	4.5811105	3.9727602	-2013.8892	-2125.3215	222.86475	0.0	True	0.0
80	Gene_80	178.35388	0.0	-1.1563313	3.2115877	129.06693	0.71796733	-1.284944	3.7416291	305.48486	181.89319	247.18335	0.0	True	0.0
95	Gene_95	313.26453	0.0	1.1825849	2.7460902	280.21606	0.7401742	0.7363719	3.7053933	131.09607	67.73816	126.71582	0.0	True	0.0
78	Gene_78	12.721709	0.0	2.1270785	3.4824994	13.501474	0.7474002	2.0113144	3.892247	-615.6812	-740.165	248.96753	0.0	True	0.0
77	Gene_77	7.148717	0.0	0.8641982	0.6408492	7.30289	0.7192602	-1.6642195	3.783416	114.71762	-20.910889	271.25702	0.0	True	0.0
76	Gene_76	25.868921	0.0	0.3109361	0.82117796	26.778793	0.73084456	-1.5780708	3.762333	347.38007	268.36304	158.03406	0.0	True	0.0
75	Gene_75	199.63994	0.0	-1.2872676	3.0276399	242.11868	0.6400684	-1.7026465	3.4904437	391.347	308.1179	166.45819	0.0	True	0.0
74	Gene_74	137.50461	0.0	-0.96908957	3.516063	113.80926	0.7212602	-1.4890375	3.9286115	148.74902	-8.481476	314.461	0.0	True	0.0
73	Gene_73	456.9314	0.0	0.26560742	2.6897717	389.57983	0.7897963	-0.036910053	3.8017094	343.1411	267.74542	150.79138	0.0	True	0.0
72	Gene_72	29.884611	0.0	0.46005937	2.5771577	31.377151	0.72335434	0.093722455	3.5203564	283.45837	221.30313	124.310486	0.0	True	0.0
71	Gene_71	14.932183	0.0	3.286324	1.1094079	15.840027	0.72923535	2.799381	3.3433325	-725.04144	-776.14874	102.2146	0.0	True	0.0
70	Gene_70	21.89862	0.0	1.3726894	3.8133857	22.849842	0.8174206	1.531048	4.4820147	-446.92685	-603.79504	313.7364	0.0	True	0.0
69	Gene_69	8.376645	0.0	3.9769087	1.1583277	8.581892	0.79742867	3.4491663	3.9346695	-1537.927	-1646.5038	217.15356	0.0	True	0.0
68	Gene_68	9.776239	0.0	2.3013756	0.79660034	9.7332735	0.77628165	1.5041485	3.713297	-294.41104	-411.2035	233.5849	0.0	True	0.0
67	Gene_67	19.700998	0.0	1.3098648	2.9315135	21.12405	0.74578696	1.3106362	3.438713	-22.792328	-146.20978	246.8349	0.0	True	0.0
66	Gene_66	11.708117	0.0	3.4758215	1.1969625	10.850158	0.7952736	3.115347	4.099805	-1050.8345	-1132.3734	163.07788	0.0	True	0.0
65	Gene_65	23.496391	0.0	-0.3583257	2.295382	26.472422	0.70002794	-0.46396837	3.4651282	446.48578	424.4111	44.149353	0.0	True	0.0
32	Gene_32	336.96777	0.0	0.105269745	3.0149024	352.83655	0.77586555	-0.30710962	3.794933	260.51224	147.86298	225.29852	0.0	True	0.0
111	Gene_111	12.980072	0.0	2.3070493	0.7204311	13.116275	0.78527635	1.3514874	3.7980597	-299.93307	-418.2716	236.67706	0.0	True	0.0
491	Gene_491	19.437294	0.0	1.6917953	0.9753453	19.679173	0.7848331	0.759749	3.8332624	85.46146	14.496094	141.93073	0.0	True	0.0
125	Gene_125	20.511044	0.0	2.6887984	3.639566	18.37188	0.73921204	2.4984002	4.0413465	-958.502	-1089.7383	262.47253	0.0	True	0.0
124	Gene_124	19.909145	0.0	2.6851282	3.0583808	21.29254	0.84129405	2.4598248	4.3835382	-714.6429	-800.77136	172.25696	0.0	True	0.0
123	Gene_123	26.298119	0.0	2.849872	1.0567458	27.119411	0.752017	2.2170365	3.9263103	-547.5333	-619.6391	144.21155	0.0	True	0.0
122	Gene_122	65.60694	0.0	1.0134987	3.1282039	64.47208	0.7386537	1.0094424	3.902148	-42.497894	-152.66241	220.32904	0.0	True	0.0
121	Gene_121	186.74133	0.0	-1.1365418	2.3973458	96.11378	0.6762242	-1.7319514	3.4151146	404.87885	342.82318	124.11133	0.0	True	0.0
120	Gene_120	12.4561825	0.0	3.9331243	3.4747543	13.333445	0.80376846	3.9985657	4.415348	-1748.3269	-1843.4795	190.30518	0.0	True	0.0
119	Gene_119	47.476856	0.0	0.23745425	2.7856495	47.295525	0.78415823	0.051112097	3.9492898	221.12735	121.323975	199.60675	0.0	True	0.0
118	Gene_118	261.64883	0.0	0.8715129	3.6323757	135.29265	0.82047534	0.7463515	4.5105343	-187.20041	-339.60483	304.80884	0.0	True	0.0
117	Gene_117	308.74722	0.0	-0.7394527	2.9228451	136.32698	0.6786467	-1.0125794	3.6368773	378.0139	305.12927	145.76923	0.0	True	0.0
116	Gene_116	19.027884	0.0	2.4545298	2.8840494	20.013914	0.770077	2.0812583	3.879701	-545.7866	-634.4052	177.23718	0.0	True	0.0
115	Gene_115	21.943592	0.0	1.7329925	0.8057144	22.998169	0.77150714	0.9286972	3.81422	74.90193	3.4986267	142.80661	0.0	True	0.0
114	Gene_114	19.299274	0.0	1.1927042	3.2742693	19.563545	0.7668012	0.95281655	4.0653934	-110.01175	-209.75082	199.47815	0.0	True	0.0
113	Gene_113	10.567036	0.0	3.1909475	3.8447468	10.912611	0.81680924	2.9461415	4.3257976	-1430.7788	-1579.4167	297.27588	0.0	True	0.0
112	Gene_112	21.718052	0.0	-0.3504661	2.9087474	22.847826	0.68098176	-0.98132706	3.6889246	264.34808	145.56949	237.55719	0.0	True	0.0
31	Gene_31	13.729607	0.0	4.454944	1.3664799	13.558003	0.677273	4.397942	3.579263	-1770.1797	-1813.8461	87.33276	0.0	True	0.0
110	Gene_110	27.981663	0.0	1.3530216	3.1133342	30.949854	0.7532398	1.0959111	4.0486655	-116.38565	-203.24438	173.71747	0.0	True	0.0
109	Gene_109	37.269287	0.0	0.75519174	3.3960512	37.45319	0.8130567	0.61146426	4.32428	1.0630493	-115.943054	234.0122	0.0	True	0.0
108	Gene_108	16.068974	0.0	0.44844967	2.9494073	15.452619	0.7764428	0.12271843	3.7959912	178.9538	69.78171	218.34418	0.0	True	0.0
107	Gene_107	7.7531505	0.0	0.8020015	0.9002377	8.160896	0.69529194	-0.52350384	3.3644853	321.18048	252.96637	136.42822	0.0	True	0.0
106	Gene_106	22.998756	0.0	3.9618359	3.549537	19.214613	0.769676	3.703877	4.001784	-1786.6592	-1925.8015	278.28467	0.0	True	0.0
104	Gene_104	13.458685	0.0	2.2970157	0.94117594	14.0785	0.74341154	1.5846274	3.4853323	-160.85564	-229.40564	137.1	0.0	True	0.0
103	Gene_103	11.899402	0.0	5.379581	1.0990123	11.965389	0.72125673	5.201135	4.016192	-2754.0347	-2784.5554	61.041504	0.0	True	0.0
102	Gene_102	244.6504	0.0	-0.96261966	3.1489077	97.80301	0.7365641	-1.4710352	4.0252447	316.6099	209.33813	214.54352	0.0	True	0.0
101	Gene_101	381.99258	0.0	1.5801637	2.9080892	255.83736	0.7108825	1.6721754	3.5876741	-56.68982	-141.80447	170.22931	0.0	True	0.0
100	Gene_100	21.31719	0.0	1.4304547	2.7313852	20.785305	0.8069847	0.66682184	4.077837	-135.80835	-246.77798	221.93927	0.0	True	0.0
99	Gene_99	24.999578	0.0	2.9805973	3.3379219	20.345356	0.7159796	2.651964	4.0627413	-993.16534	-1069.359	152.38733	0.0	True	0.0
98	Gene_98	7.800016	0.0	1.3627936	0.79603183	8.675806	0.6832197	0.27631357	3.533271	127.58168	45.740936	163.68149	0.0	True	0.0
97	Gene_97	34.837566	0.0	1.5368881	3.144716	36.048668	0.8137379	1.115149	4.4195805	-160.70084	-247.25073	173.0998	0.0	True	0.0
96	Gene_96	51.876945	0.0	2.52787	3.77885	45.47279	0.7942201	2.5330942	4.2445636	-882.0423	-1027.4934	290.90222	0.0	True	0.0
464	Gene_464	316.32785	0.0	0.95196617	2.6709218	561.71124	0.7882689	0.9406701	3.5816772	192.75946	97.02701	191.4649	0.0	True	0.0
479	Gene_479	21.860405	0.0	2.7865455	2.5956483	21.08778	0.7474121	2.814105	3.5150204	-611.80457	-683.5036	143.39807	0.0	True	0.0
478	Gene_478	16.448101	0.0	0.5451226	3.0008042	16.31628	0.7624733	0.25820282	3.8112836	43.075775	-100.806	287.76355	0.0	True	0.0
477	Gene_477	16.356573	0.0	4.2440925	3.227383	15.774368	0.76762664	4.1822925	4.225995	-1884.229	-1942.723	116.98804	0.0	True	0.0
476	Gene_476	25.428799	0.0	-0.2532365	2.9151597	22.701193	0.73500836	-0.38208792	3.9856637	238.62811	144.96817	187.31989	0.0	True	0.0
475	Gene_475	32.131042	0.0	2.6474843	2.932216	31.51227	0.773773	2.722278	3.8050754	-602.45276	-688.6428	172.38013	0.0	True	0.0
474	Gene_474	74.84128	0.0	1.7801329	0.96529603	60.338554	0.7681804	0.5603395	3.6827164	90.18517	11.582916	157.20451	0.0	True	0.0
494	Gene_494	93.63515	0.0	-0.39284465	3.2946708	80.947	0.7228374	-1.2059547	3.6442444	246.8353	100.314514	293.04156	0.0	True	0.0
472	Gene_472	32.077255	0.0	1.3805829	2.4784977	28.679144	0.718403	1.3286518	3.3362303	94.09738	25.94403	136.3067	0.0	True	0.0
471	Gene_471	21.910563	0.0	0.82439786	3.250804	22.892908	0.7262322	0.5930797	3.8440979	-11.47699	-116.66373	210.37347	0.0	True	0.0
470	Gene_470	8.467265	0.0	3.0632048	3.6878698	9.101728	0.775952	2.8634973	4.144434	-1255.1938	-1377.7156	245.04346	0.0	True	0.0
469	Gene_469	490.8803	0.0	-0.47331038	3.4412284	414.66882	0.7657192	-0.6977833	4.1117616	259.76685	143.9646	231.60449	0.0	True	0.0
468	Gene_468	984.4815	0.0	-0.64233863	3.2453055	532.8153	0.71143055	-0.6384887	4.0857286	333.6109	268.68286	129.85608	0.0	True	0.0
467	Gene_467	50.866932	0.0	0.31050053	2.9026453	52.203007	0.7422676	-0.1293756	3.9481652	257.80695	198.6272	118.3595	0.0	True	0.0
466	Gene_466	19.84066	0.0	1.4317685	3.0094042	19.487026	0.81051177	0.98907775	4.342066	-203.53119	-305.49066	203.91895	0.0	True	0.0
465	Gene_465	247.5679	0.0	-0.33387023	2.8266668	291.2993	0.7704478	-0.69327825	3.7687905	373.77417	282.4314	182.68555	0.0	True	0.0
480	Gene_480	11.074474	0.0	4.251069	1.0881286	11.118054	0.66993994	3.6048062	3.1258726	-1663.71	-1775.5211	223.62231	0.0	True	0.0
463	Gene_463	12.7909975	0.0	1.1054977	0.7109445	12.369231	0.74595135	0.05148965	3.579133	253.08961	173.89023	158.39877	0.0	True	0.0
462	Gene_462	15.077153	0.0	-0.2702166	2.6118186	15.318097	0.78328633	-0.7281428	3.9573781	307.86682	206.06879	203.59607	0.0	True	0.0
461	Gene_461	29.301525	0.0	0.4712123	1.0428417	28.434484	0.7402363	-0.54749256	3.6456084	369.67474	305.3678	128.61389	0.0	True	0.0
460	Gene_460	11.559423	0.0	4.556351	1.4971048	11.395905	0.72096264	4.304369	3.7647138	-1945.8301	-2033.4596	175.25903	0.0	True	0.0
459	Gene_459	17.040607	0.0	2.3055005	2.8764298	18.593803	0.7475375	2.2351918	3.8149235	-465.18875	-541.8328	153.28815	0.0	True	0.0
458	Gene_458	200.1498	0.0	-0.08718052	2.5146313	175.32446	0.7803515	-0.53872776	3.740768	306.74762	201.14517	211.2049	0.0	True	0.0
457	Gene_457	435.89594	0.0	-1.2591102	3.2446647	396.9001	0.7124366	-1.4618651	3.5627546	354.84344	228.23032	253.22626	0.0	True	0.0
456	Gene_456	131.16704	0.0	-0.44512647	2.5216985	132.60867	0.7668645	-1.3456595	4.1323986	347.93317	277.089	141.68835	0.0	True	0.0
455	Gene_455	24.38872	0.0	0.7670688	2.9176657	23.59892	0.7707085	0.53873545	3.8856745	69.302734	-40.020813	218.6471	0.0	True	0.0
454	Gene_454	28.81996	0.0	1.721276	2.6716225	28.730122	0.7817915	1.8388456	3.7055125	-67.27359	-139.748	144.94882	0.0	True	0.0
453	Gene_453	55.619415	0.0	1.3841218	3.0702763	61.591328	0.7907928	1.2934031	4.000993	-80.03467	-178.90588	197.74243	0.0	True	0.0
452	Gene_452	83.53824	0.0	2.0825117	2.5904417	117.565254	0.82250786	1.9611315	3.6350577	-175.11224	-267.80447	185.38446	0.0	True	0.0
451	Gene_451	20.772448	0.0	1.6693648	3.2683651	20.09384	0.7545486	0.9815505	3.811151	-305.25986	-444.80893	279.09814	0.0	True	0.0
450	Gene_450	17.58478	0.0	0.24104272	2.971849	18.721249	0.7930281	0.110127725	4.083708	155.0824	41.371124	227.42255	0.0	True	0.0
15	Gene_15	17.341053	0.0	1.1530037	3.336752	18.74681	0.6591525	1.3155279	3.67636	-128.13348	-223.93283	191.5987	0.0	True	0.0
30	Gene_30	17.830635	0.0	2.096457	2.9637175	17.162884	0.8043499	2.0642927	3.7610652	-389.21677	-506.33655	234.23956	0.0	True	0.0
29	Gene_29	121.7159	0.0	0.7573437	0.7596528	86.7773	0.7290456	-0.35717893	3.3266613	383.10056	309.03552	148.13007	0.0	True	0.0
28	Gene_28	33.678696	0.0	1.9059336	3.608392	31.462616	0.7769691	1.6859409	4.1844654	-556.13184	-699.6778	287.09192	0.0	True	0.0
27	Gene_27	12.146004	0.0	1.269779	0.7078684	12.191141	0.7831117	-0.002905449	4.148886	165.7789	87.8844	155.789	0.0	True	0.0
26	Gene_26	7.0057883	0.0	-0.3046534	3.0811934	6.806464	0.69568163	-0.58862543	3.5475297	163.04071	32.295837	261.48975	0.0	True	0.0
496	Gene_496	8.609801	0.0	3.0791125	0.9292537	9.037873	0.7897348	2.4035168	3.6728024	-753.88654	-854.8585	201.94397	0.0	True	0.0
24	Gene_24	203.63498	0.0	-1.2432181	2.5018435	198.89662	0.65223056	-1.3339245	3.405812	411.24927	355.95807	110.5824	0.0	True	0.0
23	Gene_23	31.464836	0.0	1.7718298	0.9390581	31.82265	0.7712149	0.9035146	3.205829	115.56211	10.243561	210.6371	0.0	True	0.0
22	Gene_22	99.13577	0.0	0.8967288	3.02075	100.40527	0.7753681	0.7770996	4.0304656	91.47275	6.9317017	169.08209	0.0	True	0.0
21	Gene_21	11.014114	0.0	0.799448	2.506906	11.54198	0.73340046	0.51553994	3.3858082	163.22736	52.81842	220.81787	0.0	True	0.0
20	Gene_20	8.402983	0.0	5.231634	1.148831	9.043191	0.7518373	4.847674	4.0921383	-2707.4407	-2779.343	143.80469	0.0	True	0.0
19	Gene_19	339.87033	0.0	-0.13255689	3.358611	244.13972	0.75243366	0.1493458	4.1490884	205.92487	105.055115	201.7395	0.0	True	0.0
18	Gene_18	65.96889	0.0	0.21622871	3.423168	73.89733	0.80834764	0.08652264	4.5499997	119.727295	23.414948	192.6247	0.0	True	0.0
17	Gene_17	11.125138	0.0	2.5440152	2.9357698	11.813817	0.7875589	2.7392163	3.847762	-642.598	-741.73	198.26392	0.0	True	0.0
16	Gene_16	22.11	0.0	1.6549001	3.19492	21.673004	0.7978564	1.4810628	4.088602	-251.66595	-362.36865	221.4054	0.0	True	0.0
126	Gene_126	42.32918	0.0	0.08538376	2.7324128	45.580563	0.68612653	-0.015692184	3.4037414	317.46814	229.02863	176.87903	0.0	True	0.0
14	Gene_14	10.800467	0.0	2.185319	0.71681124	11.151535	0.729898	1.2491189	3.5860667	-165.4831	-258.14316	185.32013	0.0	True	0.0
13	Gene_13	729.608	0.0	1.054465	2.8859453	561.69543	0.791166	0.94070244	3.6178021	86.08951	-37.175095	246.5292	0.0	True	0.0
12	Gene_12	18.138914	0.0	1.1841629	3.0434594	17.416601	0.78040314	1.0756308	4.0568686	-69.767395	-173.25998	206.98517	0.0	True	0.0
11	Gene_11	401.97345	0.0	0.21937717	3.1858587	164.98161	0.79825777	0.19584912	4.00031	176.29126	52.03778	248.50696	0.0	True	0.0
10	Gene_10	235.02997	0.0	-0.30374864	2.7694845	327.80768	0.6976171	-0.41115338	3.5153844	391.61612	321.98627	139.2597	0.0	True	0.0
9	Gene_9	7.786829	0.0	-0.12359799	1.2603474	7.7143726	0.6510228	-1.6439036	3.2335637	361.49664	291.27106	140.45117	0.0	True	0.0
8	Gene_8	135.29974	0.0	-0.39919674	3.4684787	112.97824	0.80810386	-0.9391393	4.206613	221.15839	80.67474	280.9673	0.0	True	0.0
7	Gene_7	11.544617	0.0	2.2270863	1.045901	12.736462	0.7117739	1.3830141	3.7889702	-226.68388	-309.7263	166.08481	0.0	True	0.0
6	Gene_6	17.768282	0.0	2.6853747	3.461343	17.80774	0.81600094	2.8244364	4.5336814	-886.09106	-988.5178	204.85352	0.0	True	0.0
5	Gene_5	27.153858	0.0	1.6987557	3.6891196	26.285683	0.78752804	1.3323989	4.561063	-462.9565	-579.28937	232.66571	0.0	True	0.0
4	Gene_4	19.759638	0.0	1.2419527	3.22006	17.350346	0.77402747	1.2635742	3.890369	-133.88937	-247.26129	226.74384	0.0	True	0.0
3	Gene_3	397.9917	0.0	0.6858795	2.580537	475.48224	0.7630678	0.22690274	3.6324878	308.9334	233.89465	150.07751	0.0	True	0.0
2	Gene_2	46.668896	0.0	2.0091586	2.9721382	48.313328	0.78332597	2.1387713	3.8090522	-319.8487	-421.36298	203.02856	0.0	True	0.0
493	Gene_493	58.004196	0.0	1.1805893	3.2384956	58.984222	0.79549503	1.0293744	4.3155007	-109.253845	-210.67792	202.84814	0.0	True	0.0
204	Gene_204	117.405594	0.0	0.5796225	2.8909876	117.36708	0.73109734	0.4379645	3.7332416	218.77667	132.57657	172.4002	0.0	True	0.0
219	Gene_219	110.34111	0.0	1.080382	2.7887027	139.54523	0.78964716	1.1788967	3.9175706	144.4502	70.6199	147.66058	0.0	True	0.0
218	Gene_218	9.871484	0.0	1.9739476	0.94626325	8.947049	0.77693635	1.1011513	3.6976218	-237.04782	-351.07007	228.0445	0.0	True	0.0
217	Gene_217	294.8587	0.0	-0.14760575	2.748898	201.59988	0.77097255	-0.264137	3.9043002	296.02173	197.27664	197.49017	0.0	True	0.0
216	Gene_216	12.5633955	0.0	-0.46899453	2.901181	13.455333	0.7252277	-1.0540625	3.9385078	243.50537	145.43512	196.1405	0.0	True	0.0
215	Gene_215	22.240242	0.0	2.934987	3.221972	21.252827	0.76802117	3.1275449	4.049996	-896.5254	-978.6782	164.30566	0.0	True	0.0
214	Gene_214	168.33388	0.0	-0.16648753	2.9400084	91.274216	0.7604215	-0.24040839	3.8311074	302.12378	206.74579	190.75598	0.0	True	0.0
213	Gene_213	10.577216	0.0	2.3703673	0.77840847	10.179049	0.8090654	1.2703059	4.318	-362.57513	-468.83646	212.52264	0.0	True	0.0
212	Gene_212	55.87311	0.0	1.7663907	3.296142	60.17854	0.8100059	1.465714	3.9420161	-293.25604	-456.52856	326.54504	0.0	True	0.0
211	Gene_211	20.61314	0.0	2.3637471	3.680677	19.505812	0.7821429	2.6226158	4.092088	-788.22577	-951.0966	325.7417	0.0	True	0.0
210	Gene_210	57.340897	0.0	0.9464103	2.5999148	58.292953	0.78147733	0.50825846	3.8072243	213.28546	154.85995	116.85101	0.0	True	0.0
209	Gene_209	75.60605	0.0	0.88334936	3.364866	73.24814	0.7776877	1.0011216	4.4579253	-21.405975	-125.2424	207.67285	0.0	True	0.0
208	Gene_208	65.04246	0.0	1.0007719	3.2838223	61.123997	0.7141738	0.9695009	3.4775856	-33.762787	-180.83313	294.1407	0.0	True	0.0
207	Gene_207	156.92665	0.0	-0.8666374	2.8807547	160.83217	0.63352525	-0.7209056	3.2273688	379.29028	292.30627	173.96802	0.0	True	0.0
206	Gene_206	27.771912	0.0	1.7230614	0.7640432	27.621553	0.8099537	1.1726605	3.7786677	70.473785	-30.88646	202.72049	0.0	True	0.0
205	Gene_205	439.07535	0.0	1.5125713	3.3817463	380.39755	0.8064357	1.5668713	4.1957927	-220.06296	-354.19537	268.26483	0.0	True	0.0
220	Gene_220	15.114519	0.0	0.3363915	0.582461	15.624085	0.69310683	-1.7103028	3.8100998	247.84259	142.77066	210.14386	0.0	True	0.0
203	Gene_203	12.915604	0.0	3.1513307	2.9606638	11.470906	0.6818698	3.2174885	3.61783	-1001.7916	-1065.432	127.28076	0.0	True	0.0
202	Gene_202	151.62198	0.0	-0.38092247	1.9357235	68.81295	0.7245435	-2.2133248	3.8778098	220.05975	114.856476	210.40656	0.0	True	0.0
201	Gene_201	285.89508	0.0	0.45046455	3.0922558	385.11362	0.72955185	0.3824235	3.6132991	197.06274	89.193695	215.7381	0.0	True	0.0
200	Gene_200	329.32144	0.0	0.839555	2.7582355	367.21017	0.79986674	0.6865427	3.7794023	187.02197	91.29135	191.46124	0.0	True	0.0
199	Gene_199	54.484966	0.0	-0.16088091	0.97720665	47.091454	0.69248307	-1.9103466	3.3922334	372.0656	284.51395	175.10333	0.0	True	0.0
198	Gene_198	395.17758	0.0	0.7915888	3.0667186	429.2299	0.78334403	0.5768231	3.815757	122.64606	1.5164795	242.25916	0.0	True	0.0
197	Gene_197	76.120445	0.0	2.5242229	3.0724845	77.56532	0.7713383	2.4781063	4.1572404	-568.63135	-643.81146	150.36023	0.0	True	0.0
196	Gene_196	319.07272	0.0	-0.81312585	3.1566362	339.58813	0.7209678	-1.098491	3.840932	356.87457	260.79694	192.15527	0.0	True	0.0
195	Gene_195	9.111432	0.0	4.596574	1.1149974	9.169211	0.69921935	4.360208	3.770927	-2011.751	-2073.3755	123.24902	0.0	True	0.0
194	Gene_194	375.52417	0.0	-0.6550826	3.1184871	492.9196	0.7734144	-1.2043701	3.9658103	330.37183	219.13031	222.48303	0.0	True	0.0
193	Gene_193	188.34395	0.0	-2.022418	2.5418518	202.36421	0.58842623	-2.90049	3.3424144	349.017	297.4864	103.06122	0.0	True	0.0
192	Gene_192	135.9259	0.0	-0.36400917	2.663523	125.93626	0.7374135	-0.33793798	3.49971	377.47632	281.98526	190.98212	0.0	True	0.0
191	Gene_191	30.584623	0.0	0.22026284	2.5171092	29.133366	0.74710536	0.05607056	3.5138855	358.56525	276.026	165.07849	0.0	True	0.0
190	Gene_190	20.951517	0.0	0.88540524	2.9947312	21.429783	0.7818437	0.30850956	3.8014243	35.09189	-94.319855	258.8235	0.0	True	0.0
189	Gene_189	36.901443	0.0	0.81630117	3.0778751	36.444157	0.78327405	0.3535402	4.1741724	30.904785	-75.20285	212.21527	0.0	True	0.0
235	Gene_235	46.059967	0.0	1.3306112	3.16637	51.746956	0.7749033	1.1054034	3.8967595	-95.63748	-216.6063	241.93762	0.0	True	0.0
250	Gene_250	353.01123	0.0	0.2308273	2.9124908	344.77063	0.8105838	0.22307888	3.8000088	285.79736	170.55322	230.48828	0.0	True	0.0
249	Gene_249	7.9534597	0.0	2.462575	0.7540626	8.217405	0.72509015	1.5418221	3.7658277	-447.0871	-566.916	239.65784	0.0	True	0.0
248	Gene_248	15.041095	0.0	0.67820215	2.8174832	14.54138	0.75550246	0.49161533	3.6999936	155.47736	61.65094	187.65283	0.0	True	0.0
247	Gene_247	150.91684	0.0	-2.3046541	3.5602715	52.715286	0.6621121	-3.1665668	4.0850716	231.30817	111.54419	239.52795	0.0	True	0.0
246	Gene_246	19.868158	0.0	2.3804874	3.707325	19.463858	0.8253187	2.6242878	4.369468	-860.138	-1006.9386	293.6012	0.0	True	0.0
245	Gene_245	213.43071	0.0	0.4275064	2.8520586	67.092155	0.8252636	0.04578367	4.08536	210.87802	106.78433	208.18738	0.0	True	0.0
244	Gene_244	23.470093	0.0	0.36682948	2.663741	25.588795	0.82095486	0.44357073	4.103364	259.36133	183.6665	151.38965	0.0	True	0.0
243	Gene_243	65.785034	0.0	-0.31446007	2.546389	67.31204	0.67305124	-0.7924545	3.5240514	359.55484	293.43787	132.23395	0.0	True	0.0
242	Gene_242	13.435912	0.0	1.4705571	2.705517	13.990192	0.6696743	1.2460153	3.3542905	10.454193	-39.41736	99.7431	0.0	True	0.0
241	Gene_241	112.10888	0.0	2.941799	3.6286988	110.63283	0.7290252	2.8567405	4.0012746	-1061.5006	-1206.5936	290.18604	0.0	True	0.0
240	Gene_240	161.9234	0.0	-1.4703841	3.0733607	159.29576	0.7861187	-2.2465773	4.5311418	294.59198	199.90771	189.36853	0.0	True	0.0
239	Gene_239	34.92754	0.0	-0.54708034	2.713377	35.01172	0.70741063	-0.8551135	3.6657684	374.67792	303.6025	142.15082	0.0	True	0.0
238	Gene_238	456.6319	0.0	1.4962097	2.9892478	289.17712	0.81298417	1.7166167	3.977232	-109.94357	-224.79517	229.70319	0.0	True	0.0
237	Gene_237	15.935392	0.0	2.2591276	0.8008511	15.872365	0.8019225	1.5007347	4.2614107	-258.81787	-340.4643	163.29285	0.0	True	0.0
236	Gene_236	28.044685	0.0	1.9811604	2.9542513	30.422314	0.67672855	2.0277429	3.5952063	-273.28302	-343.85413	141.14221	0.0	True	0.0
188	Gene_188	27.611313	0.0	-0.14811134	2.1797051	27.89237	0.6999121	-0.3748387	3.0191133	420.17596	324.6999	190.95215	0.0	True	0.0
234	Gene_234	15.5811205	0.0	2.2115543	4.017921	12.982437	0.7604138	2.4292815	4.083478	-848.0212	-1019.96265	343.88293	0.0	True	0.0
233	Gene_233	13.291422	0.0	2.9705467	3.19147	12.516563	0.70973057	3.1690443	3.5760384	-976.94324	-1077.1182	200.34985	0.0	True	0.0
232	Gene_232	144.3116	0.0	0.6867005	0.6100559	61.413403	0.758531	-1.0260199	3.930087	296.5561	198.67511	195.76196	0.0	True	0.0
231	Gene_231	8.5303955	0.0	2.484722	1.094179	8.735093	0.74278617	1.4850949	3.5273547	-354.56964	-435.3147	161.49011	0.0	True	0.0
230	Gene_230	17.779507	0.0	2.1150446	0.7671881	17.912586	0.82711977	0.78668916	4.12686	-95.422775	-179.63492	168.42429	0.0	True	0.0
229	Gene_229	6.612104	0.0	-0.9388153	1.2178069	6.9988027	0.5209449	-2.2219489	2.8462772	370.61496	337.75073	65.728455	0.0	True	0.0
228	Gene_228	180.32	0.0	0.31335333	0.563298	179.4351	0.717147	-1.4104631	3.6829958	372.05167	307.8659	128.37152	0.0	True	0.0
227	Gene_227	18.67403	0.0	1.8606184	0.9196609	18.935028	0.76501274	1.1219059	3.8271396	-31.570374	-116.00824	168.87573	0.0	True	0.0
226	Gene_226	12.008237	0.0	3.1631284	0.91936487	11.809686	0.73375756	2.621754	3.6739388	-842.2358	-958.4641	232.45667	0.0	True	0.0
225	Gene_225	7.4867873	0.0	2.49933	2.8228264	7.60919	0.68079203	2.4075253	3.3844073	-655.75134	-755.0156	198.52856	0.0	True	0.0
224	Gene_224	13.92069	0.0	3.0602345	3.577458	13.390173	0.75456095	2.8602338	4.092269	-1195.4353	-1299.4783	208.08594	0.0	True	0.0
223	Gene_223	134.2878	0.0	1.179854	3.149472	133.72218	0.7713078	1.0090592	4.100973	-38.47473	-131.89182	186.83417	0.0	True	0.0
222	Gene_222	16.830938	0.0	0.4842961	2.1938248	19.466284	0.7290067	-0.22043191	3.2600503	336.28632	250.55914	171.45435	0.0	True	0.0
221	Gene_221	297.74417	0.0	-0.48160735	2.56628	338.721	0.7749426	-1.2953084	3.9035096	371.8072	287.52457	168.56525	0.0	True	0.0
142	Gene_142	25.611673	0.0	3.082933	3.2688282	23.696487	0.79644245	2.8471587	3.9761012	-1051.1344	-1180.1843	258.09985	0.0	True	0.0
127	Gene_127	37.570515	0.0	1.3518146	3.7772274	34.99524	0.73849636	0.98399746	4.046483	-355.16135	-499.32233	288.32196	0.0	True	0.0
156	Gene_156	53.71211	0.0	0.557218	3.3271222	59.56548	0.8297459	0.49092788	4.579528	-14.943909	-149.14691	268.406	0.0	True	0.0
155	Gene_155	12.054529	0.0	2.9377012	3.211441	12.581072	0.71440417	2.709158	3.5769322	-923.1065	-1025.5597	204.90637	0.0	True	0.0
154	Gene_154	20.838993	0.0	1.1550176	2.7053866	20.52633	0.78865886	0.8151947	4.01515	37.929474	-37.88678	151.6325	0.0	True	0.0
153	Gene_153	54.761658	0.0	0.6055365	3.8364656	51.665062	0.80285877	0.5961635	4.2123804	-138.4902	-323.5156	370.05078	0.0	True	0.0
152	Gene_152	6.937833	0.0	2.92093	0.95126796	7.051548	0.7874269	2.4335442	3.9879751	-811.3519	-953.33624	283.96863	0.0	True	0.0
151	Gene_151	34.38279	0.0	2.6262064	3.7529173	35.848267	0.8048959	2.3464816	4.8096848	-929.59875	-1042.597	225.99658	0.0	True	0.0
150	Gene_150	228.16173	0.0	-0.3446404	2.930016	295.92725	0.73691195	-0.7602616	3.6384487	376.23505	281.81403	188.84204	0.0	True	0.0
149	Gene_149	28.152536	0.0	0.5855427	2.6488369	26.500282	0.79721117	0.47774926	4.021602	195.89679	104.053406	183.68677	0.0	True	0.0
148	Gene_148	20.094418	0.0	1.17309	3.8291087	18.774824	0.7477395	1.1523175	3.7325494	-321.94196	-517.5508	391.21765	0.0	True	0.0
147	Gene_147	11.695196	0.0	2.8385048	3.4771297	12.152457	0.747277	2.5780396	3.9374707	-966.8872	-1074.2893	214.8042	0.0	True	0.0
146	Gene_146	410.6872	0.0	-1.7640791	2.9874132	206.34358	0.7222001	-2.2690628	3.8359554	387.99307	301.92114	172.14386	0.0	True	0.0
145	Gene_145	172.6627	0.0	0.25223184	3.4641924	160.43417	0.76848406	0.025680987	4.1972394	81.112305	-47.13141	256.48743	0.0	True	0.0
144	Gene_144	9.484329	0.0	1.4927391	3.4475286	9.401005	0.77518696	1.2445107	3.890299	-407.46	-569.98364	325.0473	0.0	True	0.0
143	Gene_143	9.3083315	0.0	2.7088852	0.83614737	9.421048	0.70587254	2.1305277	3.3033566	-398.2743	-470.50742	144.46625	0.0	True	0.0
157	Gene_157	16.598362	0.0	1.841196	3.6364093	16.085325	0.7717037	2.0470505	4.2863545	-490.85257	-595.3054	208.9057	0.0	True	0.0
141	Gene_141	145.33884	0.0	-1.3251458	3.0670447	151.59293	0.63052887	-2.0725496	3.608237	364.5283	262.83365	203.38928	0.0	True	0.0
140	Gene_140	356.39496	0.0	-0.46282667	2.7136288	384.60052	0.74403006	-0.78988695	3.4932992	409.60303	332.2442	154.71765	0.0	True	0.0
139	Gene_139	80.73194	0.0	0.41503567	3.7577872	63.76803	0.8099113	0.28446653	4.6108527	-6.8398743	-133.07465	252.46954	0.0	True	0.0
138	Gene_138	128.54639	0.0	1.1200136	2.6532612	166.19852	0.5859999	0.8888266	3.062308	169.7951	107.68689	124.21643	0.0	True	0.0
137	Gene_137	93.79271	0.0	1.583597	3.2411318	101.28797	0.7418556	1.6223888	4.1378837	-205.60422	-298.6026	185.99677	0.0	True	0.0
136	Gene_136	18.136095	0.0	2.240299	0.9697797	17.659855	0.76461816	1.2504251	3.917562	-260.94232	-374.96152	228.03839	0.0	True	0.0
135	Gene_135	155.23714	0.0	1.3273526	3.2903569	160.30876	0.76402235	1.374228	4.1160884	-170.1181	-277.67157	215.10693	0.0	True	0.0
134	Gene_134	14.045745	0.0	2.9743602	3.7883756	14.23921	0.78025746	2.9132202	4.1739135	-1225.4087	-1378.0527	305.2881	0.0	True	0.0
133	Gene_133	8.849823	0.0	1.3842182	0.95364434	9.551186	0.7809749	0.14760537	4.075051	78.79222	-10.989105	179.56265	0.0	True	0.0
132	Gene_132	37.530926	0.0	0.8299309	4.1057825	35.93084	0.80649155	0.90441036	4.4999022	-306.28787	-498.39185	384.20795	0.0	True	0.0
131	Gene_131	15.872842	0.0	2.12653	3.7728205	16.303843	0.82848436	2.1733255	4.924108	-847.87195	-990.0118	284.27966	0.0	True	0.0
130	Gene_130	12.064772	0.0	1.3008816	0.7050062	12.368691	0.75901115	-0.46035376	4.006552	4.9436035	-130.37256	270.63232	0.0	True	0.0
129	Gene_129	435.81198	0.0	-0.2945617	2.7854586	313.62085	0.8218237	-0.72670984	4.1754174	343.7666	265.0921	157.349	0.0	True	0.0
128	Gene_128	235.87514	0.0	-2.2961042	2.6890385	105.98905	0.59893155	-3.079898	3.3707778	372.03882	321.45078	101.17609	0.0	True	0.0
172	Gene_172	9.46607	0.0	2.104959	1.0376551	9.413055	0.71268415	1.2266669	3.487528	-113.218506	-177.83286	129.2287	0.0	True	0.0
187	Gene_187	169.16751	0.0	-0.5765742	2.6652925	170.65617	0.7052423	-0.84184813	3.811668	402.24323	360.10175	84.28296	0.0	True	0.0
186	Gene_186	7.723344	0.0	0.4300976	0.84724826	7.415847	0.64810246	-1.0672598	3.1864843	359.39975	281.904	154.99152	0.0	True	0.0
185	Gene_185	22.080374	0.0	1.5376111	0.7677121	21.723946	0.75013375	0.7729425	3.3773203	243.46509	190.38455	106.16107	0.0	True	0.0
184	Gene_184	12.466845	0.0	4.4575915	1.196766	12.948307	0.7150098	4.123595	3.8242779	-1836.1575	-1901.0593	129.80371	0.0	True	0.0
183	Gene_183	17.30135	0.0	2.6544533	3.2891438	16.355001	0.7830455	2.7210283	3.983799	-763.6083	-878.4883	229.76001	0.0	True	0.0
182	Gene_182	21.30741	0.0	0.31814182	3.3297048	21.878242	0.7297795	0.04760122	3.7559378	114.70294	-10.512146	250.43018	0.0	True	0.0
181	Gene_181	9.989491	0.0	5.6292844	1.5094664	10.402074	0.6671101	5.332827	3.480627	-2979.1792	-3031.033	103.70752	0.0	True	0.0
180	Gene_180	31.806723	0.0	0.026891997	3.150395	32.742065	0.76718277	-0.2753	3.9911172	129.74536	-9.759949	279.01062	0.0	True	0.0
179	Gene_179	84.992905	0.0	1.525707	2.822004	87.02381	0.74345565	1.2745066	3.5335877	-55.47412	-160.48395	210.01965	0.0	True	0.0
178	Gene_178	26.925741	0.0	1.0499625	3.661923	30.011461	0.8237387	0.5415265	4.2300715	-201.14047	-350.20312	298.1253	0.0	True	0.0
177	Gene_177	144.84747	0.0	-0.5037602	2.6453915	82.16392	0.6914089	-0.9222925	3.491276	361.19604	273.06815	176.2558	0.0	True	0.0
176	Gene_176	13.320671	0.0	1.4993597	0.9305482	13.828401	0.7655104	0.5471074	3.8071022	154.52559	96.10065	116.849884	0.0	True	0.0
175	Gene_175	11.896721	0.0	5.151898	1.1841611	13.6765785	0.7047533	4.9536567	3.614278	-2452.193	-2485.897	67.407715	0.0	True	0.0
174	Gene_174	15.820885	0.0	2.3972046	0.67225736	15.84794	0.81605095	1.3605149	3.998292	-277.66327	-386.36014	217.39374	0.0	True	0.0
173	Gene_173	10.845777	0.0	2.4987323	0.72235334	11.081405	0.71612686	1.8197243	3.471268	-347.75903	-447.45798	199.39789	0.0	True	0.0
158	Gene_158	47.582867	0.0	1.0723525	3.0410337	46.599026	0.76570237	1.0324694	3.91294	-43.998535	-156.20917	224.42126	0.0	True	0.0
171	Gene_171	20.754091	0.0	0.76679987	2.9456053	20.885405	0.805568	0.7191828	4.074227	8.392395	-116.25311	249.29102	0.0	True	0.0
170	Gene_170	34.48029	0.0	1.4408759	0.6922912	42.481503	0.8097859	0.22743806	3.8777945	192.75168	98.22742	189.04852	0.0	True	0.0
169	Gene_169	17.230442	0.0	2.2975023	3.2428486	17.459095	0.71504515	2.3017106	3.4716997	-550.3894	-675.9648	251.15076	0.0	True	0.0
168	Gene_168	105.915245	0.0	0.77344686	3.0786536	93.41324	0.79412836	0.73014754	4.2882366	56.051544	-42.663086	197.42926	0.0	True	0.0
167	Gene_167	149.39897	0.0	-0.38690928	3.1149986	157.32727	0.7209082	-0.70345694	3.632824	312.96597	192.93262	240.06671	0.0	True	0.0
166	Gene_166	24.353872	0.0	0.9988239	2.3576448	24.319191	0.73393905	0.6548651	3.298584	217.54858	133.64453	167.8081	0.0	True	0.0
165	Gene_165	23.858604	0.0	0.78368634	3.191033	24.09405	0.76165366	0.6344025	3.9378908	26.311615	-80.197754	213.01874	0.0	True	0.0
164	Gene_164	31.66702	0.0	1.4732472	3.2069232	61.999138	0.7631731	1.0981718	4.2443557	-182.97244	-265.92313	165.90137	0.0	True	0.0
163	Gene_163	91.44529	0.0	-0.2677735	3.1250396	88.5491	0.7930863	-0.89334077	4.2980695	268.0481	168.45676	199.18268	0.0	True	0.0
162	Gene_162	332.29706	0.0	-0.89192164	2.5627103	406.36423	0.7030607	-1.4684904	3.191653	451.13123	370.83655	160.58936	0.0	True	0.0
161	Gene_161	192.78908	0.0	-0.43988156	2.9488442	161.95204	0.68245965	-0.41943002	3.4503067	362.0968	267.8542	188.48523	0.0	True	0.0
160	Gene_160	27.541733	0.0	0.90176713	0.7686561	26.97069	0.7837805	-0.5497127	4.1127057	226.65068	140.0863	173.12875	0.0	True	0.0
159	Gene_159	230.33003	0.0	-0.5226287	0.71691823	194.22389	0.6783629	-2.2198713	3.2074668	402.33636	345.32303	114.02667	0.0	True	0.0
105	Gene_105	9.779289	0.0	6.549191	1.4031452	9.346008	0.5667179	6.4885497	3.4906702	-4072.0417	-4086.874	29.66455	5.9604645e-08	True	5.960464477539063e-08
